dataset,mapped_id,supervised_full_graph,current_task_type,proposed_task_type,proposed_task_type_id,action,winning_tier,winning_sources,evidence_json
acronym_identification,0,1,Other,acronym-identification,10,replace_Other_after_review,2,"[""dataset_identity""]","[{""artifact"": ""ModelLakeFishing/stage1BuildTransferGraph/hf1000d_2000m/hf_cache/models"", ""canonical"": null, ""count"": 2, ""note"": ""2 cached model files"", ""raw"": ""token-classification"", ""source"": ""model_index_task"", ""tier"": 1}, {""artifact"": ""ModelLakeFishing/stage1BuildTransferGraph/hf1000d_2000m/hf_cache/datasets/amirveyseh__acronym_identification.json"", ""canonical"": ""acronym-identification"", ""count"": 1, ""note"": ""precise identity rule; not open-ended card-text classification"", ""raw"": ""token-classification benchmark identity says acronym identification"", ""source"": ""dataset_identity"", ""tier"": 2}, {""artifact"": ""ModelLakeFishing/stage1BuildTransferGraph/hf1000d_2000m/hf_cache/datasets/amirveyseh__acronym_identification.json"", ""canonical"": null, ""count"": 1, ""note"": """", ""raw"": ""token-classification"", ""source"": ""dataset_card_task_category"", ""tier"": 3}, {""artifact"": ""ModelLakeFishing/stage1BuildTransferGraph/hf1000d_2000m/selected_1000_datasets.csv"", ""canonical"": null, ""count"": 1, ""note"": """", ""raw"": ""token-classification"", ""source"": ""inventory_task_category"", ""tier"": 3}]"
adversarial_qa,1,1,Other,question-answering,21,replace_Other_after_review,1,"[""model_index_task""]","[{""artifact"": ""ModelLakeFishing/stage1BuildTransferGraph/hf1000d_2000m/hf_cache/models"", ""canonical"": ""question-answering"", ""count"": 21, ""note"": ""20 cached model files"", ""raw"": ""question-answering"", ""source"": ""model_index_task"", ""tier"": 1}, {""artifact"": ""ModelLakeFishing/stage1BuildTransferGraph/hf1000d_2000m/hf_cache/datasets/UCLNLP__adversarial_qa.json"", ""canonical"": ""question-answering"", ""count"": 1, ""note"": """", ""raw"": ""extractive-qa"", ""source"": ""dataset_card_task_id"", ""tier"": 2}, {""artifact"": ""ModelLakeFishing/stage1BuildTransferGraph/hf1000d_2000m/hf_cache/datasets/UCLNLP__adversarial_qa.json"", ""canonical"": ""question-answering"", ""count"": 1, ""note"": """", ""raw"": ""open-domain-qa"", ""source"": ""dataset_card_task_id"", ""tier"": 2}, {""artifact"": ""ModelLakeFishing/stage1BuildTransferGraph/hf1000d_2000m/selected_1000_datasets.csv"", ""canonical"": ""question-answering"", ""count"": 1, ""note"": """", ""raw"": ""extractive-qa"", ""source"": ""inventory_task_id"", ""tier"": 2}, {""artifact"": ""ModelLakeFishing/stage1BuildTransferGraph/hf1000d_2000m/selected_1000_datasets.csv"", ""canonical"": ""question-answering"", ""count"": 1, ""note"": """", ""raw"": ""open-domain-qa"", ""source"": ""inventory_task_id"", ""tier"": 2}, {""artifact"": ""ModelLakeFishing/stage1BuildTransferGraph/hf1000d_2000m/hf_cache/datasets/UCLNLP__adversarial_qa.json"", ""canonical"": ""question-answering"", ""count"": 1, ""note"": """", ""raw"": ""question-answering"", ""source"": ""dataset_card_task_category"", ""tier"": 3}, {""artifact"": ""ModelLakeFishing/stage1BuildTransferGraph/hf1000d_2000m/selected_1000_datasets.csv"", ""canonical"": ""question-answering"", ""count"": 1, ""note"": """", ""raw"": ""question-answering"", ""source"": ""inventory_task_category"", ""tier"": 3}]"
ai2_arc,3,0,Other,question-answering,21,replace_Other_after_review,1,"[""model_index_task""]","[{""artifact"": ""ModelLakeFishing/stage1BuildTransferGraph/hf1000d_2000m/hf_cache/models"", ""canonical"": null, ""count"": 2, ""note"": ""2 cached model files"", ""raw"": ""multiple-choice"", ""source"": ""model_index_task"", ""tier"": 1}, {""artifact"": ""ModelLakeFishing/stage1BuildTransferGraph/hf1000d_2000m/hf_cache/models"", ""canonical"": ""question-answering"", ""count"": 2, ""note"": ""1 cached model files"", ""raw"": ""question-answering"", ""source"": ""model_index_task"", ""tier"": 1}, {""artifact"": ""ModelLakeFishing/stage1BuildTransferGraph/hf1000d_2000m/hf_cache/models"", ""canonical"": null, ""count"": 41, ""note"": ""40 cached model files"", ""raw"": ""text-generation"", ""source"": ""model_index_task"", ""tier"": 1}, {""artifact"": ""ModelLakeFishing/stage1BuildTransferGraph/hf1000d_2000m/hf_cache/datasets/allenai__ai2_arc.json"", ""canonical"": ""question-answering"", ""count"": 1, ""note"": """", ""raw"": ""multiple-choice-qa"", ""source"": ""dataset_card_task_id"", ""tier"": 2}, {""artifact"": ""ModelLakeFishing/stage1BuildTransferGraph/hf1000d_2000m/hf_cache/datasets/allenai__ai2_arc.json"", ""canonical"": ""question-answering"", ""count"": 1, ""note"": """", ""raw"": ""open-domain-qa"", ""source"": ""dataset_card_task_id"", ""tier"": 2}, {""artifact"": ""ModelLakeFishing/stage1BuildTransferGraph/hf1000d_2000m/selected_1000_datasets.csv"", ""canonical"": ""question-answering"", ""count"": 1, ""note"": """", ""raw"": ""multiple-choice-qa"", ""source"": ""inventory_task_id"", ""tier"": 2}, {""artifact"": ""ModelLakeFishing/stage1BuildTransferGraph/hf1000d_2000m/selected_1000_datasets.csv"", ""canonical"": ""question-answering"", ""count"": 1, ""note"": """", ""raw"": ""open-domain-qa"", ""source"": ""inventory_task_id"", ""tier"": 2}, {""artifact"": ""ModelLakeFishing/stage1BuildTransferGraph/hf1000d_2000m/hf_cache/datasets/allenai__ai2_arc.json"", ""canonical"": ""question-answering"", ""count"": 1, ""note"": """", ""raw"": ""question-answering"", ""source"": ""dataset_card_task_category"", ""tier"": 3}, {""artifact"": ""ModelLakeFishing/stage1BuildTransferGraph/hf1000d_2000m/selected_1000_datasets.csv"", ""canonical"": ""question-answering"", ""count"": 1, ""note"": """", ""raw"": ""question-answering"", ""source"": ""inventory_task_category"", ""tier"": 3}]"
amazon_counterfactual,5,1,Other,counterfactual-detection,13,replace_Other_after_review,2,"[""dataset_identity""]","[{""artifact"": ""ModelLakeFishing/stage1BuildTransferGraph/hf1000d_2000m/hf_cache/models"", ""canonical"": null, ""count"": 1097, ""note"": ""727 cached model files"", ""raw"": ""Classification"", ""source"": ""model_index_task"", ""tier"": 1}, {""artifact"": ""ModelLakeFishing/stage1BuildTransferGraph/hf1000d_2000m/hf_cache/datasets/mteb__amazon_counterfactual.json"", ""canonical"": ""counterfactual-detection"", ""count"": 1, ""note"": ""precise identity rule; not open-ended card-text classification"", ""raw"": ""benchmark identity says counterfactual classification"", ""source"": ""dataset_identity"", ""tier"": 2}, {""artifact"": ""ModelLakeFishing/stage1BuildTransferGraph/hf1000d_2000m/hf_cache/datasets/mteb__amazon_counterfactual.json"", ""canonical"": null, ""count"": 1, ""note"": """", ""raw"": ""text-classification"", ""source"": ""dataset_card_task_category"", ""tier"": 3}, {""artifact"": ""ModelLakeFishing/stage1BuildTransferGraph/hf1000d_2000m/selected_1000_datasets.csv"", ""canonical"": null, ""count"": 1, ""note"": """", ""raw"": ""text-classification"", ""source"": ""inventory_task_category"", ""tier"": 3}]"
amazon_massive_intent,6,1,Other,intent,16,replace_Other_after_review,2,"[""dataset_identity""]","[{""artifact"": ""ModelLakeFishing/stage1BuildTransferGraph/hf1000d_2000m/hf_cache/models"", ""canonical"": null, ""count"": 6840, ""note"": ""995 cached model files"", ""raw"": ""Classification"", ""source"": ""model_index_task"", ""tier"": 1}, {""artifact"": ""ModelLakeFishing/stage1BuildTransferGraph/hf1000d_2000m/hf_cache/datasets/mteb__amazon_massive_intent.json"", ""canonical"": ""intent"", ""count"": 1, ""note"": ""precise identity rule; not open-ended card-text classification"", ""raw"": ""benchmark identity says intent classification/prediction"", ""source"": ""dataset_identity"", ""tier"": 2}, {""artifact"": ""ModelLakeFishing/stage1BuildTransferGraph/hf1000d_2000m/hf_cache/datasets/mteb__amazon_massive_intent.json"", ""canonical"": null, ""count"": 1, ""note"": """", ""raw"": ""text-classification"", ""source"": ""dataset_card_task_category"", ""tier"": 3}, {""artifact"": ""ModelLakeFishing/stage1BuildTransferGraph/hf1000d_2000m/selected_1000_datasets.csv"", ""canonical"": null, ""count"": 1, ""note"": """", ""raw"": ""text-classification"", ""source"": ""inventory_task_category"", ""tier"": 3}]"
amazon_massive_scenario,7,1,Other,domain,14,replace_Other_after_review,2,"[""dataset_identity""]","[{""artifact"": ""ModelLakeFishing/stage1BuildTransferGraph/hf1000d_2000m/hf_cache/models"", ""canonical"": null, ""count"": 6840, ""note"": ""995 cached model files"", ""raw"": ""Classification"", ""source"": ""model_index_task"", ""tier"": 1}, {""artifact"": ""ModelLakeFishing/stage1BuildTransferGraph/hf1000d_2000m/hf_cache/datasets/mteb__amazon_massive_scenario.json"", ""canonical"": ""domain"", ""count"": 1, ""note"": ""precise identity rule; not open-ended card-text classification"", ""raw"": ""benchmark identity says domain/scenario classification"", ""source"": ""dataset_identity"", ""tier"": 2}, {""artifact"": ""ModelLakeFishing/stage1BuildTransferGraph/hf1000d_2000m/hf_cache/datasets/mteb__amazon_massive_scenario.json"", ""canonical"": null, ""count"": 1, ""note"": """", ""raw"": ""text-classification"", ""source"": ""dataset_card_task_category"", ""tier"": 3}, {""artifact"": ""ModelLakeFishing/stage1BuildTransferGraph/hf1000d_2000m/selected_1000_datasets.csv"", ""canonical"": null, ""count"": 1, ""note"": """", ""raw"": ""text-classification"", ""source"": ""inventory_task_category"", ""tier"": 3}]"
amazon_polarity,8,1,Other,sentiment,3,replace_Other_after_review,2,"[""dataset_card_task_id"", ""dataset_identity"", ""inventory_task_id""]","[{""artifact"": ""ModelLakeFishing/stage1BuildTransferGraph/hf1000d_2000m/hf_cache/models"", ""canonical"": null, ""count"": 720, ""note"": ""720 cached model files"", ""raw"": ""Classification"", ""source"": ""model_index_task"", ""tier"": 1}, {""artifact"": ""ModelLakeFishing/stage1BuildTransferGraph/hf1000d_2000m/hf_cache/models"", ""canonical"": null, ""count"": 4, ""note"": ""4 cached model files"", ""raw"": ""classification"", ""source"": ""model_index_task"", ""tier"": 1}, {""artifact"": ""ModelLakeFishing/stage1BuildTransferGraph/hf1000d_2000m/hf_cache/models"", ""canonical"": null, ""count"": 15, ""note"": ""14 cached model files"", ""raw"": ""text-classification"", ""source"": ""model_index_task"", ""tier"": 1}, {""artifact"": ""ModelLakeFishing/stage1BuildTransferGraph/hf1000d_2000m/hf_cache/datasets/fancyzhx__amazon_polarity.json"", ""canonical"": ""sentiment"", ""count"": 1, ""note"": """", ""raw"": ""sentiment-classification"", ""source"": ""dataset_card_task_id"", ""tier"": 2}, {""artifact"": ""ModelLakeFishing/stage1BuildTransferGraph/hf1000d_2000m/hf_cache/datasets/fancyzhx__amazon_polarity.json"", ""canonical"": ""sentiment"", ""count"": 1, ""note"": ""precise identity rule; not open-ended card-text classification"", ""raw"": ""benchmark identity says sentiment/polarity classification"", ""source"": ""dataset_identity"", ""tier"": 2}, {""artifact"": ""ModelLakeFishing/stage1BuildTransferGraph/hf1000d_2000m/selected_1000_datasets.csv"", ""canonical"": ""sentiment"", ""count"": 1, ""note"": """", ""raw"": ""sentiment-classification"", ""source"": ""inventory_task_id"", ""tier"": 2}, {""artifact"": ""ModelLakeFishing/stage1BuildTransferGraph/hf1000d_2000m/hf_cache/datasets/fancyzhx__amazon_polarity.json"", ""canonical"": null, ""count"": 1, ""note"": """", ""raw"": ""text-classification"", ""source"": ""dataset_card_task_category"", ""tier"": 3}, {""artifact"": ""ModelLakeFishing/stage1BuildTransferGraph/hf1000d_2000m/selected_1000_datasets.csv"", ""canonical"": null, ""count"": 1, ""note"": """", ""raw"": ""text-classification"", ""source"": ""inventory_task_category"", ""tier"": 3}]"
angry-tweets,11,0,Other,sentiment,3,replace_Other_after_review,2,"[""dataset_card_task_id"", ""inventory_task_id""]","[{""artifact"": ""ModelLakeFishing/stage1BuildTransferGraph/hf1000d_2000m/hf_cache/models"", ""canonical"": null, ""count"": 1, ""note"": ""1 cached model files"", ""raw"": ""Classification"", ""source"": ""model_index_task"", ""tier"": 1}, {""artifact"": ""ModelLakeFishing/stage1BuildTransferGraph/hf1000d_2000m/hf_cache/datasets/DDSC__angry-tweets.json"", ""canonical"": ""sentiment"", ""count"": 1, ""note"": """", ""raw"": ""sentiment-classification"", ""source"": ""dataset_card_task_id"", ""tier"": 2}, {""artifact"": ""ModelLakeFishing/stage1BuildTransferGraph/hf1000d_2000m/selected_1000_datasets.csv"", ""canonical"": ""sentiment"", ""count"": 1, ""note"": """", ""raw"": ""sentiment-classification"", ""source"": ""inventory_task_id"", ""tier"": 2}, {""artifact"": ""ModelLakeFishing/stage1BuildTransferGraph/hf1000d_2000m/hf_cache/datasets/DDSC__angry-tweets.json"", ""canonical"": null, ""count"": 1, ""note"": """", ""raw"": ""text-classification"", ""source"": ""dataset_card_task_category"", ""tier"": 3}, {""artifact"": ""ModelLakeFishing/stage1BuildTransferGraph/hf1000d_2000m/selected_1000_datasets.csv"", ""canonical"": null, ""count"": 1, ""note"": """", ""raw"": ""text-classification"", ""source"": ""inventory_task_category"", ""tier"": 3}]"
arxiv-classification,13,0,Other,topic,4,replace_Other_after_review,2,"[""dataset_card_task_id"", ""inventory_task_id""]","[{""artifact"": ""ModelLakeFishing/stage1BuildTransferGraph/hf1000d_2000m/hf_cache/models"", ""canonical"": null, ""count"": 1, ""note"": ""1 cached model files"", ""raw"": ""Classification"", ""source"": ""model_index_task"", ""tier"": 1}, {""artifact"": ""ModelLakeFishing/stage1BuildTransferGraph/hf1000d_2000m/hf_cache/datasets/ccdv__arxiv-classification.json"", ""canonical"": null, ""count"": 1, ""note"": """", ""raw"": ""multi-class-classification"", ""source"": ""dataset_card_task_id"", ""tier"": 2}, {""artifact"": ""ModelLakeFishing/stage1BuildTransferGraph/hf1000d_2000m/hf_cache/datasets/ccdv__arxiv-classification.json"", ""canonical"": ""topic"", ""count"": 1, ""note"": """", ""raw"": ""topic-classification"", ""source"": ""dataset_card_task_id"", ""tier"": 2}, {""artifact"": ""ModelLakeFishing/stage1BuildTransferGraph/hf1000d_2000m/selected_1000_datasets.csv"", ""canonical"": null, ""count"": 1, ""note"": """", ""raw"": ""multi-class-classification"", ""source"": ""inventory_task_id"", ""tier"": 2}, {""artifact"": ""ModelLakeFishing/stage1BuildTransferGraph/hf1000d_2000m/selected_1000_datasets.csv"", ""canonical"": ""topic"", ""count"": 1, ""note"": """", ""raw"": ""topic-classification"", ""source"": ""inventory_task_id"", ""tier"": 2}, {""artifact"": ""ModelLakeFishing/stage1BuildTransferGraph/hf1000d_2000m/hf_cache/datasets/ccdv__arxiv-classification.json"", ""canonical"": null, ""count"": 1, ""note"": """", ""raw"": ""text-classification"", ""source"": ""dataset_card_task_category"", ""tier"": 3}, {""artifact"": ""ModelLakeFishing/stage1BuildTransferGraph/hf1000d_2000m/selected_1000_datasets.csv"", ""canonical"": null, ""count"": 1, ""note"": """", ""raw"": ""text-classification"", ""source"": ""inventory_task_category"", ""tier"": 3}]"
banking77,14,1,Other,intent,16,replace_Other_after_review,2,"[""dataset_card_task_id"", ""inventory_task_id""]","[{""artifact"": ""ModelLakeFishing/stage1BuildTransferGraph/hf1000d_2000m/hf_cache/models"", ""canonical"": null, ""count"": 726, ""note"": ""726 cached model files"", ""raw"": ""Classification"", ""source"": ""model_index_task"", ""tier"": 1}, {""artifact"": ""ModelLakeFishing/stage1BuildTransferGraph/hf1000d_2000m/hf_cache/models"", ""canonical"": null, ""count"": 51, ""note"": ""46 cached model files"", ""raw"": ""text-classification"", ""source"": ""model_index_task"", ""tier"": 1}, {""artifact"": ""ModelLakeFishing/stage1BuildTransferGraph/hf1000d_2000m/hf_cache/datasets/PolyAI__banking77.json"", ""canonical"": ""intent"", ""count"": 1, ""note"": """", ""raw"": ""intent-classification"", ""source"": ""dataset_card_task_id"", ""tier"": 2}, {""artifact"": ""ModelLakeFishing/stage1BuildTransferGraph/hf1000d_2000m/hf_cache/datasets/PolyAI__banking77.json"", ""canonical"": null, ""count"": 1, ""note"": """", ""raw"": ""multi-class-classification"", ""source"": ""dataset_card_task_id"", ""tier"": 2}, {""artifact"": ""ModelLakeFishing/stage1BuildTransferGraph/hf1000d_2000m/selected_1000_datasets.csv"", ""canonical"": ""intent"", ""count"": 1, ""note"": """", ""raw"": ""intent-classification"", ""source"": ""inventory_task_id"", ""tier"": 2}, {""artifact"": ""ModelLakeFishing/stage1BuildTransferGraph/hf1000d_2000m/selected_1000_datasets.csv"", ""canonical"": null, ""count"": 1, ""note"": """", ""raw"": ""multi-class-classification"", ""source"": ""inventory_task_id"", ""tier"": 2}, {""artifact"": ""ModelLakeFishing/stage1BuildTransferGraph/hf1000d_2000m/hf_cache/datasets/PolyAI__banking77.json"", ""canonical"": null, ""count"": 1, ""note"": """", ""raw"": ""text-classification"", ""source"": ""dataset_card_task_category"", ""tier"": 3}, {""artifact"": ""ModelLakeFishing/stage1BuildTransferGraph/hf1000d_2000m/selected_1000_datasets.csv"", ""canonical"": null, ""count"": 1, ""note"": """", ""raw"": ""text-classification"", ""source"": ""inventory_task_category"", ""tier"": 3}]"
biblenlp-corpus-mmteb,15,1,Other,translation,25,replace_Other_after_review,3,"[""dataset_card_task_category"", ""inventory_task_category""]","[{""artifact"": ""ModelLakeFishing/stage1BuildTransferGraph/hf1000d_2000m/hf_cache/datasets/mteb__biblenlp-corpus-mmteb.json"", ""canonical"": ""translation"", ""count"": 1, ""note"": """", ""raw"": ""translation"", ""source"": ""dataset_card_task_category"", ""tier"": 3}, {""artifact"": ""ModelLakeFishing/stage1BuildTransferGraph/hf1000d_2000m/selected_1000_datasets.csv"", ""canonical"": ""translation"", ""count"": 1, ""note"": """", ""raw"": ""translation"", ""source"": ""inventory_task_category"", ""tier"": 3}]"
boolq,17,1,Other,NLI,1,replace_Other_after_review,2,"[""dataset_card_task_id"", ""inventory_task_id""]","[{""artifact"": ""ModelLakeFishing/stage1BuildTransferGraph/hf1000d_2000m/hf_cache/models"", ""canonical"": null, ""count"": 4, ""note"": ""4 cached model files"", ""raw"": ""text-classification"", ""source"": ""model_index_task"", ""tier"": 1}, {""artifact"": ""ModelLakeFishing/stage1BuildTransferGraph/hf1000d_2000m/hf_cache/models"", ""canonical"": null, ""count"": 3, ""note"": ""3 cached model files"", ""raw"": ""text-generation"", ""source"": ""model_index_task"", ""tier"": 1}, {""artifact"": ""ModelLakeFishing/stage1BuildTransferGraph/hf1000d_2000m/hf_cache/datasets/google__boolq.json"", ""canonical"": ""NLI"", ""count"": 1, ""note"": """", ""raw"": ""natural-language-inference"", ""source"": ""dataset_card_task_id"", ""tier"": 2}, {""artifact"": ""ModelLakeFishing/stage1BuildTransferGraph/hf1000d_2000m/selected_1000_datasets.csv"", ""canonical"": ""NLI"", ""count"": 1, ""note"": """", ""raw"": ""natural-language-inference"", ""source"": ""inventory_task_id"", ""tier"": 2}, {""artifact"": ""ModelLakeFishing/stage1BuildTransferGraph/hf1000d_2000m/hf_cache/datasets/google__boolq.json"", ""canonical"": null, ""count"": 1, ""note"": """", ""raw"": ""text-classification"", ""source"": ""dataset_card_task_category"", ""tier"": 3}, {""artifact"": ""ModelLakeFishing/stage1BuildTransferGraph/hf1000d_2000m/selected_1000_datasets.csv"", ""canonical"": null, ""count"": 1, ""note"": """", ""raw"": ""text-classification"", ""source"": ""inventory_task_category"", ""tier"": 3}]"
bornholmsk_parallel,18,0,Other,bitext-mining,11,replace_Other_after_review,1,"[""model_index_task""]","[{""artifact"": ""ModelLakeFishing/stage1BuildTransferGraph/hf1000d_2000m/hf_cache/models"", ""canonical"": ""bitext-mining"", ""count"": 1, ""note"": ""1 cached model files"", ""raw"": ""BitextMining"", ""source"": ""model_index_task"", ""tier"": 1}, {""artifact"": ""ModelLakeFishing/stage1BuildTransferGraph/hf1000d_2000m/hf_cache/datasets/strombergnlp__bornholmsk_parallel.json"", ""canonical"": ""translation"", ""count"": 1, ""note"": """", ""raw"": ""translation"", ""source"": ""dataset_card_task_category"", ""tier"": 3}, {""artifact"": ""ModelLakeFishing/stage1BuildTransferGraph/hf1000d_2000m/selected_1000_datasets.csv"", ""canonical"": ""translation"", ""count"": 1, ""note"": """", ""raw"": ""translation"", ""source"": ""inventory_task_category"", ""tier"": 3}]"
bucc-bitext-mining,19,1,Other,bitext-mining,11,replace_Other_after_review,1,"[""model_index_task""]","[{""artifact"": ""ModelLakeFishing/stage1BuildTransferGraph/hf1000d_2000m/hf_cache/models"", ""canonical"": ""bitext-mining"", ""count"": 435, ""note"": ""107 cached model files"", ""raw"": ""BitextMining"", ""source"": ""model_index_task"", ""tier"": 1}, {""artifact"": ""ModelLakeFishing/stage1BuildTransferGraph/hf1000d_2000m/hf_cache/datasets/mteb__bucc-bitext-mining.json"", ""canonical"": ""translation"", ""count"": 1, ""note"": """", ""raw"": ""translation"", ""source"": ""dataset_card_task_category"", ""tier"": 3}, {""artifact"": ""ModelLakeFishing/stage1BuildTransferGraph/hf1000d_2000m/selected_1000_datasets.csv"", ""canonical"": ""translation"", ""count"": 1, ""note"": """", ""raw"": ""translation"", ""source"": ""inventory_task_category"", ""tier"": 3}]"
clinc_oos,21,1,Other,intent,16,replace_Other_after_review,2,"[""dataset_card_task_id"", ""inventory_task_id""]","[{""artifact"": ""ModelLakeFishing/stage1BuildTransferGraph/hf1000d_2000m/hf_cache/models"", ""canonical"": null, ""count"": 87, ""note"": ""86 cached model files"", ""raw"": ""text-classification"", ""source"": ""model_index_task"", ""tier"": 1}, {""artifact"": ""ModelLakeFishing/stage1BuildTransferGraph/hf1000d_2000m/hf_cache/datasets/clinc__clinc_oos.json"", ""canonical"": ""intent"", ""count"": 1, ""note"": """", ""raw"": ""intent-classification"", ""source"": ""dataset_card_task_id"", ""tier"": 2}, {""artifact"": ""ModelLakeFishing/stage1BuildTransferGraph/hf1000d_2000m/selected_1000_datasets.csv"", ""canonical"": ""intent"", ""count"": 1, ""note"": """", ""raw"": ""intent-classification"", ""source"": ""inventory_task_id"", ""tier"": 2}, {""artifact"": ""ModelLakeFishing/stage1BuildTransferGraph/hf1000d_2000m/hf_cache/datasets/clinc__clinc_oos.json"", ""canonical"": null, ""count"": 1, ""note"": """", ""raw"": ""text-classification"", ""source"": ""dataset_card_task_category"", ""tier"": 3}, {""artifact"": ""ModelLakeFishing/stage1BuildTransferGraph/hf1000d_2000m/selected_1000_datasets.csv"", ""canonical"": null, ""count"": 1, ""note"": """", ""raw"": ""text-classification"", ""source"": ""inventory_task_category"", ""tier"": 3}]"
diabla,25,1,Other,bitext-mining,11,replace_Other_after_review,1,"[""model_index_task""]","[{""artifact"": ""ModelLakeFishing/stage1BuildTransferGraph/hf1000d_2000m/hf_cache/models"", ""canonical"": ""bitext-mining"", ""count"": 3, ""note"": ""3 cached model files"", ""raw"": ""BitextMining"", ""source"": ""model_index_task"", ""tier"": 1}, {""artifact"": ""ModelLakeFishing/stage1BuildTransferGraph/hf1000d_2000m/hf_cache/datasets/rbawden__DiaBLa.json"", ""canonical"": ""translation"", ""count"": 1, ""note"": """", ""raw"": ""translation"", ""source"": ""dataset_card_task_category"", ""tier"": 3}, {""artifact"": ""ModelLakeFishing/stage1BuildTransferGraph/hf1000d_2000m/selected_1000_datasets.csv"", ""canonical"": ""translation"", ""count"": 1, ""note"": """", ""raw"": ""translation"", ""source"": ""inventory_task_category"", ""tier"": 3}]"
eurlex-multilingual,27,1,Other,topic,4,replace_Other_after_review,2,"[""dataset_card_task_id"", ""inventory_task_id""]","[{""artifact"": ""ModelLakeFishing/stage1BuildTransferGraph/hf1000d_2000m/hf_cache/models"", ""canonical"": null, ""count"": 3, ""note"": ""3 cached model files"", ""raw"": ""MultilabelClassification"", ""source"": ""model_index_task"", ""tier"": 1}, {""artifact"": ""ModelLakeFishing/stage1BuildTransferGraph/hf1000d_2000m/hf_cache/datasets/mteb__eurlex-multilingual.json"", ""canonical"": null, ""count"": 1, ""note"": """", ""raw"": ""multi-label-classification"", ""source"": ""dataset_card_task_id"", ""tier"": 2}, {""artifact"": ""ModelLakeFishing/stage1BuildTransferGraph/hf1000d_2000m/hf_cache/datasets/mteb__eurlex-multilingual.json"", ""canonical"": ""topic"", ""count"": 1, ""note"": """", ""raw"": ""topic-classification"", ""source"": ""dataset_card_task_id"", ""tier"": 2}, {""artifact"": ""ModelLakeFishing/stage1BuildTransferGraph/hf1000d_2000m/selected_1000_datasets.csv"", ""canonical"": null, ""count"": 1, ""note"": """", ""raw"": ""multi-label-classification"", ""source"": ""inventory_task_id"", ""tier"": 2}, {""artifact"": ""ModelLakeFishing/stage1BuildTransferGraph/hf1000d_2000m/selected_1000_datasets.csv"", ""canonical"": ""topic"", ""count"": 1, ""note"": """", ""raw"": ""topic-classification"", ""source"": ""inventory_task_id"", ""tier"": 2}, {""artifact"": ""ModelLakeFishing/stage1BuildTransferGraph/hf1000d_2000m/hf_cache/datasets/mteb__eurlex-multilingual.json"", ""canonical"": null, ""count"": 1, ""note"": """", ""raw"": ""text-classification"", ""source"": ""dataset_card_task_category"", ""tier"": 3}, {""artifact"": ""ModelLakeFishing/stage1BuildTransferGraph/hf1000d_2000m/selected_1000_datasets.csv"", ""canonical"": null, ""count"": 1, ""note"": """", ""raw"": ""text-classification"", ""source"": ""inventory_task_category"", ""tier"": 3}]"
few-nerd,28,1,Other,named-entity-recognition,19,replace_Other_after_review,2,"[""dataset_card_task_id"", ""inventory_task_id""]","[{""artifact"": ""ModelLakeFishing/stage1BuildTransferGraph/hf1000d_2000m/hf_cache/models"", ""canonical"": null, ""count"": 18, ""note"": ""18 cached model files"", ""raw"": ""token-classification"", ""source"": ""model_index_task"", ""tier"": 1}, {""artifact"": ""ModelLakeFishing/stage1BuildTransferGraph/hf1000d_2000m/hf_cache/datasets/DFKI-SLT__few-nerd.json"", ""canonical"": ""named-entity-recognition"", ""count"": 1, ""note"": """", ""raw"": ""named-entity-recognition"", ""source"": ""dataset_card_task_id"", ""tier"": 2}, {""artifact"": ""ModelLakeFishing/stage1BuildTransferGraph/hf1000d_2000m/selected_1000_datasets.csv"", ""canonical"": ""named-entity-recognition"", ""count"": 1, ""note"": """", ""raw"": ""named-entity-recognition"", ""source"": ""inventory_task_id"", ""tier"": 2}, {""artifact"": ""ModelLakeFishing/stage1BuildTransferGraph/hf1000d_2000m/hf_cache/datasets/DFKI-SLT__few-nerd.json"", ""canonical"": null, ""count"": 1, ""note"": """", ""raw"": ""token-classification"", ""source"": ""dataset_card_task_category"", ""tier"": 3}, {""artifact"": ""ModelLakeFishing/stage1BuildTransferGraph/hf1000d_2000m/selected_1000_datasets.csv"", ""canonical"": null, ""count"": 1, ""note"": """", ""raw"": ""token-classification"", ""source"": ""inventory_task_category"", ""tier"": 3}]"
hellaswag,41,0,Other,retrieval,22,replace_Other_after_review,3,"[""dataset_card_task_category"", ""inventory_task_category""]","[{""artifact"": ""ModelLakeFishing/stage1BuildTransferGraph/hf1000d_2000m/hf_cache/models"", ""canonical"": null, ""count"": 40, ""note"": ""40 cached model files"", ""raw"": ""text-generation"", ""source"": ""model_index_task"", ""tier"": 1}, {""artifact"": ""ModelLakeFishing/stage1BuildTransferGraph/hf1000d_2000m/hf_cache/datasets/mteb__HellaSwag.json"", ""canonical"": ""retrieval"", ""count"": 1, ""note"": """", ""raw"": ""text-retrieval"", ""source"": ""dataset_card_task_category"", ""tier"": 3}, {""artifact"": ""ModelLakeFishing/stage1BuildTransferGraph/hf1000d_2000m/selected_1000_datasets.csv"", ""canonical"": ""retrieval"", ""count"": 1, ""note"": """", ""raw"": ""text-retrieval"", ""source"": ""inventory_task_category"", ""tier"": 3}]"
language-identification,46,1,Other,language-identification,17,replace_Other_after_review,2,"[""dataset_identity""]","[{""artifact"": ""ModelLakeFishing/stage1BuildTransferGraph/hf1000d_2000m/hf_cache/models"", ""canonical"": null, ""count"": 16, ""note"": ""16 cached model files"", ""raw"": ""Classification"", ""source"": ""model_index_task"", ""tier"": 1}, {""artifact"": ""ModelLakeFishing/stage1BuildTransferGraph/hf1000d_2000m/hf_cache/models"", ""canonical"": null, ""count"": 2, ""note"": ""2 cached model files"", ""raw"": ""text-classification"", ""source"": ""model_index_task"", ""tier"": 1}, {""artifact"": ""ModelLakeFishing/stage1BuildTransferGraph/hf1000d_2000m/hf_cache/datasets/papluca__language-identification.json"", ""canonical"": null, ""count"": 1, ""note"": """", ""raw"": ""multi-class-classification"", ""source"": ""dataset_card_task_id"", ""tier"": 2}, {""artifact"": ""ModelLakeFishing/stage1BuildTransferGraph/hf1000d_2000m/hf_cache/datasets/papluca__language-identification.json"", ""canonical"": ""language-identification"", ""count"": 1, ""note"": ""precise identity rule; not open-ended card-text classification"", ""raw"": ""benchmark identity says language identification"", ""source"": ""dataset_identity"", ""tier"": 2}, {""artifact"": ""ModelLakeFishing/stage1BuildTransferGraph/hf1000d_2000m/selected_1000_datasets.csv"", ""canonical"": null, ""count"": 1, ""note"": """", ""raw"": ""multi-class-classification"", ""source"": ""inventory_task_id"", ""tier"": 2}, {""artifact"": ""ModelLakeFishing/stage1BuildTransferGraph/hf1000d_2000m/hf_cache/datasets/papluca__language-identification.json"", ""canonical"": null, ""count"": 1, ""note"": """", ""raw"": ""text-classification"", ""source"": ""dataset_card_task_category"", ""tier"": 3}, {""artifact"": ""ModelLakeFishing/stage1BuildTransferGraph/hf1000d_2000m/selected_1000_datasets.csv"", ""canonical"": null, ""count"": 1, ""note"": """", ""raw"": ""text-classification"", ""source"": ""inventory_task_category"", ""tier"": 3}]"
lcc,47,0,Other,sentiment,3,replace_Other_after_review,2,"[""dataset_card_task_id"", ""inventory_task_id""]","[{""artifact"": ""ModelLakeFishing/stage1BuildTransferGraph/hf1000d_2000m/hf_cache/models"", ""canonical"": null, ""count"": 1, ""note"": ""1 cached model files"", ""raw"": ""Classification"", ""source"": ""model_index_task"", ""tier"": 1}, {""artifact"": ""ModelLakeFishing/stage1BuildTransferGraph/hf1000d_2000m/hf_cache/datasets/DDSC__lcc.json"", ""canonical"": ""sentiment"", ""count"": 1, ""note"": """", ""raw"": ""sentiment-classification"", ""source"": ""dataset_card_task_id"", ""tier"": 2}, {""artifact"": ""ModelLakeFishing/stage1BuildTransferGraph/hf1000d_2000m/selected_1000_datasets.csv"", ""canonical"": ""sentiment"", ""count"": 1, ""note"": """", ""raw"": ""sentiment-classification"", ""source"": ""inventory_task_id"", ""tier"": 2}, {""artifact"": ""ModelLakeFishing/stage1BuildTransferGraph/hf1000d_2000m/hf_cache/datasets/DDSC__lcc.json"", ""canonical"": null, ""count"": 1, ""note"": """", ""raw"": ""text-classification"", ""source"": ""dataset_card_task_category"", ""tier"": 3}, {""artifact"": ""ModelLakeFishing/stage1BuildTransferGraph/hf1000d_2000m/selected_1000_datasets.csv"", ""canonical"": null, ""count"": 1, ""note"": """", ""raw"": ""text-classification"", ""source"": ""inventory_task_category"", ""tier"": 3}]"
mathvista,49,0,Other,question-answering,21,replace_Other_after_review,2,"[""dataset_card_task_id"", ""inventory_task_id""]","[{""artifact"": ""ModelLakeFishing/stage1BuildTransferGraph/hf1000d_2000m/hf_cache/models"", ""canonical"": null, ""count"": 2, ""note"": ""2 cached model files"", ""raw"": ""image-text-to-text"", ""source"": ""model_index_task"", ""tier"": 1}, {""artifact"": ""ModelLakeFishing/stage1BuildTransferGraph/hf1000d_2000m/hf_cache/datasets/AI4Math__MathVista.json"", ""canonical"": ""question-answering"", ""count"": 1, ""note"": """", ""raw"": ""closed-domain-qa"", ""source"": ""dataset_card_task_id"", ""tier"": 2}, {""artifact"": ""ModelLakeFishing/stage1BuildTransferGraph/hf1000d_2000m/hf_cache/datasets/AI4Math__MathVista.json"", ""canonical"": null, ""count"": 1, ""note"": """", ""raw"": ""multi-class-classification"", ""source"": ""dataset_card_task_id"", ""tier"": 2}, {""artifact"": ""ModelLakeFishing/stage1BuildTransferGraph/hf1000d_2000m/hf_cache/datasets/AI4Math__MathVista.json"", ""canonical"": ""question-answering"", ""count"": 1, ""note"": """", ""raw"": ""multiple-choice-qa"", ""source"": ""dataset_card_task_id"", ""tier"": 2}, {""artifact"": ""ModelLakeFishing/stage1BuildTransferGraph/hf1000d_2000m/hf_cache/datasets/AI4Math__MathVista.json"", ""canonical"": ""question-answering"", ""count"": 1, ""note"": """", ""raw"": ""open-domain-qa"", ""source"": ""dataset_card_task_id"", ""tier"": 2}, {""artifact"": ""ModelLakeFishing/stage1BuildTransferGraph/hf1000d_2000m/hf_cache/datasets/AI4Math__MathVista.json"", ""canonical"": ""question-answering"", ""count"": 1, ""note"": """", ""raw"": ""visual-question-answering"", ""source"": ""dataset_card_task_id"", ""tier"": 2}, {""artifact"": ""ModelLakeFishing/stage1BuildTransferGraph/hf1000d_2000m/selected_1000_datasets.csv"", ""canonical"": ""question-answering"", ""count"": 1, ""note"": """", ""raw"": ""closed-domain-qa"", ""source"": ""inventory_task_id"", ""tier"": 2}, {""artifact"": ""ModelLakeFishing/stage1BuildTransferGraph/hf1000d_2000m/selected_1000_datasets.csv"", ""canonical"": null, ""count"": 1, ""note"": """", ""raw"": ""multi-class-classification"", ""source"": ""inventory_task_id"", ""tier"": 2}, {""artifact"": ""ModelLakeFishing/stage1BuildTransferGraph/hf1000d_2000m/selected_1000_datasets.csv"", ""canonical"": ""question-answering"", ""count"": 1, ""note"": """", ""raw"": ""multiple-choice-qa"", ""source"": ""inventory_task_id"", ""tier"": 2}, {""artifact"": ""ModelLakeFishing/stage1BuildTransferGraph/hf1000d_2000m/selected_1000_datasets.csv"", ""canonical"": ""question-answering"", ""count"": 1, ""note"": """", ""raw"": ""open-domain-qa"", ""source"": ""inventory_task_id"", ""tier"": 2}, {""artifact"": ""ModelLakeFishing/stage1BuildTransferGraph/hf1000d_2000m/selected_1000_datasets.csv"", ""canonical"": ""question-answering"", ""count"": 1, ""note"": """", ""raw"": ""visual-question-answering"", ""source"": ""inventory_task_id"", ""tier"": 2}, {""artifact"": ""ModelLakeFishing/stage1BuildTransferGraph/hf1000d_2000m/hf_cache/datasets/AI4Math__MathVista.json"", ""canonical"": null, ""count"": 1, ""note"": """", ""raw"": ""multiple-choice"", ""source"": ""dataset_card_task_category"", ""tier"": 3}, {""artifact"": ""ModelLakeFishing/stage1BuildTransferGraph/hf1000d_2000m/hf_cache/datasets/AI4Math__MathVista.json"", ""canonical"": ""question-answering"", ""count"": 1, ""note"": """", ""raw"": ""question-answering"", ""source"": ""dataset_card_task_category"", ""tier"": 3}, {""artifact"": ""ModelLakeFishing/stage1BuildTransferGraph/hf1000d_2000m/hf_cache/datasets/AI4Math__MathVista.json"", ""canonical"": null, ""count"": 1, ""note"": """", ""raw"": ""text-classification"", ""source"": ""dataset_card_task_category"", ""tier"": 3}, {""artifact"": ""ModelLakeFishing/stage1BuildTransferGraph/hf1000d_2000m/hf_cache/datasets/AI4Math__MathVista.json"", ""canonical"": ""question-answering"", ""count"": 1, ""note"": """", ""raw"": ""visual-question-answering"", ""source"": ""dataset_card_task_category"", ""tier"": 3}, {""artifact"": ""ModelLakeFishing/stage1BuildTransferGraph/hf1000d_2000m/selected_1000_datasets.csv"", ""canonical"": null, ""count"": 1, ""note"": """", ""raw"": ""multiple-choice"", ""source"": ""inventory_task_category"", ""tier"": 3}, {""artifact"": ""ModelLakeFishing/stage1BuildTransferGraph/hf1000d_2000m/selected_1000_datasets.csv"", ""canonical"": ""question-answering"", ""count"": 1, ""note"": """", ""raw"": ""question-answering"", ""source"": ""inventory_task_category"", ""tier"": 3}, {""artifact"": ""ModelLakeFishing/stage1BuildTransferGraph/hf1000d_2000m/selected_1000_datasets.csv"", ""canonical"": null, ""count"": 1, ""note"": """", ""raw"": ""text-classification"", ""source"": ""inventory_task_category"", ""tier"": 3}, {""artifact"": ""ModelLakeFishing/stage1BuildTransferGraph/hf1000d_2000m/selected_1000_datasets.csv"", ""canonical"": ""question-answering"", ""count"": 1, ""note"": """", ""raw"": ""visual-question-answering"", ""source"": ""inventory_task_category"", ""tier"": 3}]"
meddies-pii,51,0,Other,pii-detection,20,replace_Other_after_review,2,"[""dataset_identity""]","[{""artifact"": ""ModelLakeFishing/stage1BuildTransferGraph/hf1000d_2000m/hf_cache/models"", ""canonical"": null, ""count"": 2, ""note"": ""1 cached model files"", ""raw"": ""token-classification"", ""source"": ""model_index_task"", ""tier"": 1}, {""artifact"": ""ModelLakeFishing/stage1BuildTransferGraph/hf1000d_2000m/hf_cache/datasets/Meddies__meddies-pii.json"", ""canonical"": ""pii-detection"", ""count"": 1, ""note"": ""precise identity rule; not open-ended card-text classification"", ""raw"": ""token-classification dataset identity says PII"", ""source"": ""dataset_identity"", ""tier"": 2}, {""artifact"": ""ModelLakeFishing/stage1BuildTransferGraph/hf1000d_2000m/hf_cache/datasets/Meddies__meddies-pii.json"", ""canonical"": null, ""count"": 1, ""note"": """", ""raw"": ""text-generation"", ""source"": ""dataset_card_task_category"", ""tier"": 3}, {""artifact"": ""ModelLakeFishing/stage1BuildTransferGraph/hf1000d_2000m/hf_cache/datasets/Meddies__meddies-pii.json"", ""canonical"": null, ""count"": 1, ""note"": """", ""raw"": ""token-classification"", ""source"": ""dataset_card_task_category"", ""tier"": 3}, {""artifact"": ""ModelLakeFishing/stage1BuildTransferGraph/hf1000d_2000m/selected_1000_datasets.csv"", ""canonical"": null, ""count"": 1, ""note"": """", ""raw"": ""text-generation"", ""source"": ""inventory_task_category"", ""tier"": 3}, {""artifact"": ""ModelLakeFishing/stage1BuildTransferGraph/hf1000d_2000m/selected_1000_datasets.csv"", ""canonical"": null, ""count"": 1, ""note"": """", ""raw"": ""token-classification"", ""source"": ""inventory_task_category"", ""tier"": 3}]"
medev,52,0,Other,bitext-mining,11,replace_Other_after_review,1,"[""model_index_task""]","[{""artifact"": ""ModelLakeFishing/stage1BuildTransferGraph/hf1000d_2000m/hf_cache/models"", ""canonical"": ""bitext-mining"", ""count"": 1, ""note"": ""1 cached model files"", ""raw"": ""BitextMining"", ""source"": ""model_index_task"", ""tier"": 1}, {""artifact"": ""ModelLakeFishing/stage1BuildTransferGraph/hf1000d_2000m/hf_cache/datasets/nhuvo__MedEV.json"", ""canonical"": ""translation"", ""count"": 1, ""note"": """", ""raw"": ""translation"", ""source"": ""dataset_card_task_category"", ""tier"": 3}, {""artifact"": ""ModelLakeFishing/stage1BuildTransferGraph/hf1000d_2000m/selected_1000_datasets.csv"", ""canonical"": ""translation"", ""count"": 1, ""note"": """", ""raw"": ""translation"", ""source"": ""inventory_task_category"", ""tier"": 3}]"
mmlu,53,1,Other,question-answering,21,replace_Other_after_review,1,"[""model_index_task""]","[{""artifact"": ""ModelLakeFishing/stage1BuildTransferGraph/hf1000d_2000m/hf_cache/models"", ""canonical"": ""question-answering"", ""count"": 1, ""note"": ""1 cached model files"", ""raw"": ""question-answering"", ""source"": ""model_index_task"", ""tier"": 1}, {""artifact"": ""ModelLakeFishing/stage1BuildTransferGraph/hf1000d_2000m/hf_cache/models"", ""canonical"": null, ""count"": 42, ""note"": ""42 cached model files"", ""raw"": ""text-generation"", ""source"": ""model_index_task"", ""tier"": 1}, {""artifact"": ""ModelLakeFishing/stage1BuildTransferGraph/hf1000d_2000m/hf_cache/datasets/cais__mmlu.json"", ""canonical"": ""question-answering"", ""count"": 1, ""note"": """", ""raw"": ""multiple-choice-qa"", ""source"": ""dataset_card_task_id"", ""tier"": 2}, {""artifact"": ""ModelLakeFishing/stage1BuildTransferGraph/hf1000d_2000m/selected_1000_datasets.csv"", ""canonical"": ""question-answering"", ""count"": 1, ""note"": """", ""raw"": ""multiple-choice-qa"", ""source"": ""inventory_task_id"", ""tier"": 2}, {""artifact"": ""ModelLakeFishing/stage1BuildTransferGraph/hf1000d_2000m/hf_cache/datasets/cais__mmlu.json"", ""canonical"": ""question-answering"", ""count"": 1, ""note"": """", ""raw"": ""question-answering"", ""source"": ""dataset_card_task_category"", ""tier"": 3}, {""artifact"": ""ModelLakeFishing/stage1BuildTransferGraph/hf1000d_2000m/selected_1000_datasets.csv"", ""canonical"": ""question-answering"", ""count"": 1, ""note"": """", ""raw"": ""question-answering"", ""source"": ""inventory_task_category"", ""tier"": 3}]"
mmlu-pro,54,0,Other,question-answering,21,replace_Other_after_review,3,"[""dataset_card_task_category"", ""inventory_task_category""]","[{""artifact"": ""ModelLakeFishing/stage1BuildTransferGraph/hf1000d_2000m/hf_cache/models"", ""canonical"": null, ""count"": 14, ""note"": ""14 cached model files"", ""raw"": ""text-generation"", ""source"": ""model_index_task"", ""tier"": 1}, {""artifact"": ""ModelLakeFishing/stage1BuildTransferGraph/hf1000d_2000m/hf_cache/datasets/TIGER-Lab__MMLU-Pro.json"", ""canonical"": ""question-answering"", ""count"": 1, ""note"": """", ""raw"": ""question-answering"", ""source"": ""dataset_card_task_category"", ""tier"": 3}, {""artifact"": ""ModelLakeFishing/stage1BuildTransferGraph/hf1000d_2000m/selected_1000_datasets.csv"", ""canonical"": ""question-answering"", ""count"": 1, ""note"": """", ""raw"": ""question-answering"", ""source"": ""inventory_task_category"", ""tier"": 3}]"
mrqa,55,1,Other,question-answering,21,replace_Other_after_review,1,"[""model_index_task""]","[{""artifact"": ""ModelLakeFishing/stage1BuildTransferGraph/hf1000d_2000m/hf_cache/models"", ""canonical"": ""question-answering"", ""count"": 1, ""note"": ""1 cached model files"", ""raw"": ""Extractive Question-Answering"", ""source"": ""model_index_task"", ""tier"": 1}, {""artifact"": ""ModelLakeFishing/stage1BuildTransferGraph/hf1000d_2000m/hf_cache/models"", ""canonical"": ""question-answering"", ""count"": 17, ""note"": ""17 cached model files"", ""raw"": ""Question-Answering"", ""source"": ""model_index_task"", ""tier"": 1}, {""artifact"": ""ModelLakeFishing/stage1BuildTransferGraph/hf1000d_2000m/hf_cache/datasets/mrqa-workshop__mrqa.json"", ""canonical"": ""question-answering"", ""count"": 1, ""note"": """", ""raw"": ""extractive-qa"", ""source"": ""dataset_card_task_id"", ""tier"": 2}, {""artifact"": ""ModelLakeFishing/stage1BuildTransferGraph/hf1000d_2000m/selected_1000_datasets.csv"", ""canonical"": ""question-answering"", ""count"": 1, ""note"": """", ""raw"": ""extractive-qa"", ""source"": ""inventory_task_id"", ""tier"": 2}, {""artifact"": ""ModelLakeFishing/stage1BuildTransferGraph/hf1000d_2000m/hf_cache/datasets/mrqa-workshop__mrqa.json"", ""canonical"": ""question-answering"", ""count"": 1, ""note"": """", ""raw"": ""question-answering"", ""source"": ""dataset_card_task_category"", ""tier"": 3}, {""artifact"": ""ModelLakeFishing/stage1BuildTransferGraph/hf1000d_2000m/selected_1000_datasets.csv"", ""canonical"": ""question-answering"", ""count"": 1, ""note"": """", ""raw"": ""question-answering"", ""source"": ""inventory_task_category"", ""tier"": 3}]"
mtop_domain,56,1,Other,domain,14,replace_Other_after_review,2,"[""dataset_identity""]","[{""artifact"": ""ModelLakeFishing/stage1BuildTransferGraph/hf1000d_2000m/hf_cache/models"", ""canonical"": null, ""count"": 1340, ""note"": ""735 cached model files"", ""raw"": ""Classification"", ""source"": ""model_index_task"", ""tier"": 1}, {""artifact"": ""ModelLakeFishing/stage1BuildTransferGraph/hf1000d_2000m/hf_cache/datasets/mteb__mtop_domain.json"", ""canonical"": ""domain"", ""count"": 1, ""note"": ""precise identity rule; not open-ended card-text classification"", ""raw"": ""benchmark identity says domain/scenario classification"", ""source"": ""dataset_identity"", ""tier"": 2}, {""artifact"": ""ModelLakeFishing/stage1BuildTransferGraph/hf1000d_2000m/hf_cache/datasets/mteb__mtop_domain.json"", ""canonical"": null, ""count"": 1, ""note"": """", ""raw"": ""text-classification"", ""source"": ""dataset_card_task_category"", ""tier"": 3}, {""artifact"": ""ModelLakeFishing/stage1BuildTransferGraph/hf1000d_2000m/selected_1000_datasets.csv"", ""canonical"": null, ""count"": 1, ""note"": """", ""raw"": ""text-classification"", ""source"": ""inventory_task_category"", ""tier"": 3}]"
mtop_intent,57,1,Other,intent,16,replace_Other_after_review,2,"[""dataset_identity""]","[{""artifact"": ""ModelLakeFishing/stage1BuildTransferGraph/hf1000d_2000m/hf_cache/models"", ""canonical"": null, ""count"": 1344, ""note"": ""734 cached model files"", ""raw"": ""Classification"", ""source"": ""model_index_task"", ""tier"": 1}, {""artifact"": ""ModelLakeFishing/stage1BuildTransferGraph/hf1000d_2000m/hf_cache/datasets/mteb__mtop_intent.json"", ""canonical"": ""intent"", ""count"": 1, ""note"": ""precise identity rule; not open-ended card-text classification"", ""raw"": ""benchmark identity says intent classification/prediction"", ""source"": ""dataset_identity"", ""tier"": 2}, {""artifact"": ""ModelLakeFishing/stage1BuildTransferGraph/hf1000d_2000m/hf_cache/datasets/mteb__mtop_intent.json"", ""canonical"": null, ""count"": 1, ""note"": """", ""raw"": ""text-classification"", ""source"": ""dataset_card_task_category"", ""tier"": 3}, {""artifact"": ""ModelLakeFishing/stage1BuildTransferGraph/hf1000d_2000m/selected_1000_datasets.csv"", ""canonical"": null, ""count"": 1, ""note"": """", ""raw"": ""text-classification"", ""source"": ""inventory_task_category"", ""tier"": 3}]"
multinerd,60,1,Other,named-entity-recognition,19,replace_Other_after_review,1,"[""model_index_task""]","[{""artifact"": ""ModelLakeFishing/stage1BuildTransferGraph/hf1000d_2000m/hf_cache/models"", ""canonical"": ""named-entity-recognition"", ""count"": 1, ""note"": ""1 cached model files"", ""raw"": ""named-entity-recognition-ner"", ""source"": ""model_index_task"", ""tier"": 1}, {""artifact"": ""ModelLakeFishing/stage1BuildTransferGraph/hf1000d_2000m/hf_cache/models"", ""canonical"": null, ""count"": 6, ""note"": ""6 cached model files"", ""raw"": ""token-classification"", ""source"": ""model_index_task"", ""tier"": 1}, {""artifact"": ""ModelLakeFishing/stage1BuildTransferGraph/hf1000d_2000m/hf_cache/datasets/Babelscape__multinerd.json"", ""canonical"": ""named-entity-recognition"", ""count"": 1, ""note"": """", ""raw"": ""named-entity-recognition"", ""source"": ""dataset_card_task_id"", ""tier"": 2}, {""artifact"": ""ModelLakeFishing/stage1BuildTransferGraph/hf1000d_2000m/selected_1000_datasets.csv"", ""canonical"": ""named-entity-recognition"", ""count"": 1, ""note"": """", ""raw"": ""named-entity-recognition"", ""source"": ""inventory_task_id"", ""tier"": 2}, {""artifact"": ""ModelLakeFishing/stage1BuildTransferGraph/hf1000d_2000m/hf_cache/datasets/Babelscape__multinerd.json"", ""canonical"": null, ""count"": 1, ""note"": """", ""raw"": ""token-classification"", ""source"": ""dataset_card_task_category"", ""tier"": 3}, {""artifact"": ""ModelLakeFishing/stage1BuildTransferGraph/hf1000d_2000m/selected_1000_datasets.csv"", ""canonical"": null, ""count"": 1, ""note"": """", ""raw"": ""token-classification"", ""source"": ""inventory_task_category"", ""tier"": 3}]"
named-entity-recognition,61,0,Other,named-entity-recognition,19,replace_Other_after_review,1,"[""model_index_task""]","[{""artifact"": ""ModelLakeFishing/stage1BuildTransferGraph/hf1000d_2000m/hf_cache/models"", ""canonical"": ""named-entity-recognition"", ""count"": 1, ""note"": ""1 cached model files"", ""raw"": ""named-entity-recognition"", ""source"": ""model_index_task"", ""tier"": 1}]"
nemotron-pii,62,1,Other,pii-detection,20,replace_Other_after_review,2,"[""dataset_identity""]","[{""artifact"": ""ModelLakeFishing/stage1BuildTransferGraph/hf1000d_2000m/hf_cache/models"", ""canonical"": null, ""count"": 39, ""note"": ""39 cached model files"", ""raw"": ""token-classification"", ""source"": ""model_index_task"", ""tier"": 1}, {""artifact"": ""ModelLakeFishing/stage1BuildTransferGraph/hf1000d_2000m/hf_cache/datasets/nvidia__Nemotron-PII.json"", ""canonical"": ""pii-detection"", ""count"": 1, ""note"": ""precise identity rule; not open-ended card-text classification"", ""raw"": ""token-classification dataset identity says PII"", ""source"": ""dataset_identity"", ""tier"": 2}, {""artifact"": ""ModelLakeFishing/stage1BuildTransferGraph/hf1000d_2000m/hf_cache/datasets/nvidia__Nemotron-PII.json"", ""canonical"": null, ""count"": 1, ""note"": """", ""raw"": ""token-classification"", ""source"": ""dataset_card_task_category"", ""tier"": 3}, {""artifact"": ""ModelLakeFishing/stage1BuildTransferGraph/hf1000d_2000m/selected_1000_datasets.csv"", ""canonical"": null, ""count"": 1, ""note"": """", ""raw"": ""token-classification"", ""source"": ""inventory_task_category"", ""tier"": 3}]"
ntrex,63,1,Other,bitext-mining,11,replace_Other_after_review,1,"[""model_index_task""]","[{""artifact"": ""ModelLakeFishing/stage1BuildTransferGraph/hf1000d_2000m/hf_cache/models"", ""canonical"": ""bitext-mining"", ""count"": 1346, ""note"": ""19 cached model files"", ""raw"": ""BitextMining"", ""source"": ""model_index_task"", ""tier"": 1}, {""artifact"": ""ModelLakeFishing/stage1BuildTransferGraph/hf1000d_2000m/hf_cache/datasets/mteb__NTREX.json"", ""canonical"": ""translation"", ""count"": 1, ""note"": """", ""raw"": ""translation"", ""source"": ""dataset_card_task_category"", ""tier"": 3}, {""artifact"": ""ModelLakeFishing/stage1BuildTransferGraph/hf1000d_2000m/selected_1000_datasets.csv"", ""canonical"": ""translation"", ""count"": 1, ""note"": """", ""raw"": ""translation"", ""source"": ""inventory_task_category"", ""tier"": 3}]"
patent-classification,64,0,Other,topic,4,replace_Other_after_review,2,"[""dataset_card_task_id"", ""inventory_task_id""]","[{""artifact"": ""ModelLakeFishing/stage1BuildTransferGraph/hf1000d_2000m/hf_cache/models"", ""canonical"": null, ""count"": 1, ""note"": ""1 cached model files"", ""raw"": ""Classification"", ""source"": ""model_index_task"", ""tier"": 1}, {""artifact"": ""ModelLakeFishing/stage1BuildTransferGraph/hf1000d_2000m/hf_cache/datasets/ccdv__patent-classification.json"", ""canonical"": null, ""count"": 1, ""note"": """", ""raw"": ""multi-class-classification"", ""source"": ""dataset_card_task_id"", ""tier"": 2}, {""artifact"": ""ModelLakeFishing/stage1BuildTransferGraph/hf1000d_2000m/hf_cache/datasets/ccdv__patent-classification.json"", ""canonical"": ""topic"", ""count"": 1, ""note"": """", ""raw"": ""topic-classification"", ""source"": ""dataset_card_task_id"", ""tier"": 2}, {""artifact"": ""ModelLakeFishing/stage1BuildTransferGraph/hf1000d_2000m/selected_1000_datasets.csv"", ""canonical"": null, ""count"": 1, ""note"": """", ""raw"": ""multi-class-classification"", ""source"": ""inventory_task_id"", ""tier"": 2}, {""artifact"": ""ModelLakeFishing/stage1BuildTransferGraph/hf1000d_2000m/selected_1000_datasets.csv"", ""canonical"": ""topic"", ""count"": 1, ""note"": """", ""raw"": ""topic-classification"", ""source"": ""inventory_task_id"", ""tier"": 2}, {""artifact"": ""ModelLakeFishing/stage1BuildTransferGraph/hf1000d_2000m/hf_cache/datasets/ccdv__patent-classification.json"", ""canonical"": null, ""count"": 1, ""note"": """", ""raw"": ""text-classification"", ""source"": ""dataset_card_task_category"", ""tier"": 3}, {""artifact"": ""ModelLakeFishing/stage1BuildTransferGraph/hf1000d_2000m/selected_1000_datasets.csv"", ""canonical"": null, ""count"": 1, ""note"": """", ""raw"": ""text-classification"", ""source"": ""inventory_task_category"", ""tier"": 3}]"
paws,65,0,Other,semantic-similarity,23,replace_Other_after_review,2,"[""dataset_card_task_id"", ""inventory_task_id""]","[{""artifact"": ""ModelLakeFishing/stage1BuildTransferGraph/hf1000d_2000m/hf_cache/models"", ""canonical"": null, ""count"": 2, ""note"": ""2 cached model files"", ""raw"": ""text-classification"", ""source"": ""model_index_task"", ""tier"": 1}, {""artifact"": ""ModelLakeFishing/stage1BuildTransferGraph/hf1000d_2000m/hf_cache/models"", ""canonical"": null, ""count"": 2, ""note"": ""2 cached model files"", ""raw"": ""text2text-generation"", ""source"": ""model_index_task"", ""tier"": 1}, {""artifact"": ""ModelLakeFishing/stage1BuildTransferGraph/hf1000d_2000m/hf_cache/datasets/google-research-datasets__paws.json"", ""canonical"": null, ""count"": 1, ""note"": """", ""raw"": ""multi-input-text-classification"", ""source"": ""dataset_card_task_id"", ""tier"": 2}, {""artifact"": ""ModelLakeFishing/stage1BuildTransferGraph/hf1000d_2000m/hf_cache/datasets/google-research-datasets__paws.json"", ""canonical"": ""semantic-similarity"", ""count"": 1, ""note"": """", ""raw"": ""semantic-similarity-classification"", ""source"": ""dataset_card_task_id"", ""tier"": 2}, {""artifact"": ""ModelLakeFishing/stage1BuildTransferGraph/hf1000d_2000m/hf_cache/datasets/google-research-datasets__paws.json"", ""canonical"": ""semantic-similarity"", ""count"": 1, ""note"": """", ""raw"": ""semantic-similarity-scoring"", ""source"": ""dataset_card_task_id"", ""tier"": 2}, {""artifact"": ""ModelLakeFishing/stage1BuildTransferGraph/hf1000d_2000m/hf_cache/datasets/google-research-datasets__paws.json"", ""canonical"": null, ""count"": 1, ""note"": """", ""raw"": ""text-scoring"", ""source"": ""dataset_card_task_id"", ""tier"": 2}, {""artifact"": ""ModelLakeFishing/stage1BuildTransferGraph/hf1000d_2000m/selected_1000_datasets.csv"", ""canonical"": null, ""count"": 1, ""note"": """", ""raw"": ""multi-input-text-classification"", ""source"": ""inventory_task_id"", ""tier"": 2}, {""artifact"": ""ModelLakeFishing/stage1BuildTransferGraph/hf1000d_2000m/selected_1000_datasets.csv"", ""canonical"": ""semantic-similarity"", ""count"": 1, ""note"": """", ""raw"": ""semantic-similarity-classification"", ""source"": ""inventory_task_id"", ""tier"": 2}, {""artifact"": ""ModelLakeFishing/stage1BuildTransferGraph/hf1000d_2000m/selected_1000_datasets.csv"", ""canonical"": ""semantic-similarity"", ""count"": 1, ""note"": """", ""raw"": ""semantic-similarity-scoring"", ""source"": ""inventory_task_id"", ""tier"": 2}, {""artifact"": ""ModelLakeFishing/stage1BuildTransferGraph/hf1000d_2000m/selected_1000_datasets.csv"", ""canonical"": null, ""count"": 1, ""note"": """", ""raw"": ""text-scoring"", ""source"": ""inventory_task_id"", ""tier"": 2}, {""artifact"": ""ModelLakeFishing/stage1BuildTransferGraph/hf1000d_2000m/hf_cache/datasets/google-research-datasets__paws.json"", ""canonical"": null, ""count"": 1, ""note"": """", ""raw"": ""text-classification"", ""source"": ""dataset_card_task_category"", ""tier"": 3}, {""artifact"": ""ModelLakeFishing/stage1BuildTransferGraph/hf1000d_2000m/selected_1000_datasets.csv"", ""canonical"": null, ""count"": 1, ""note"": """", ""raw"": ""text-classification"", ""source"": ""inventory_task_category"", ""tier"": 3}]"
paws-x,66,1,Other,semantic-similarity,23,replace_Other_after_review,2,"[""dataset_card_task_id"", ""inventory_task_id""]","[{""artifact"": ""ModelLakeFishing/stage1BuildTransferGraph/hf1000d_2000m/hf_cache/models"", ""canonical"": null, ""count"": 130, ""note"": ""76 cached model files"", ""raw"": ""PairClassification"", ""source"": ""model_index_task"", ""tier"": 1}, {""artifact"": ""ModelLakeFishing/stage1BuildTransferGraph/hf1000d_2000m/hf_cache/models"", ""canonical"": null, ""count"": 14, ""note"": ""14 cached model files"", ""raw"": ""text-classification"", ""source"": ""model_index_task"", ""tier"": 1}, {""artifact"": ""ModelLakeFishing/stage1BuildTransferGraph/hf1000d_2000m/hf_cache/datasets/google-research-datasets__paws-x.json"", ""canonical"": null, ""count"": 1, ""note"": """", ""raw"": ""multi-input-text-classification"", ""source"": ""dataset_card_task_id"", ""tier"": 2}, {""artifact"": ""ModelLakeFishing/stage1BuildTransferGraph/hf1000d_2000m/hf_cache/datasets/google-research-datasets__paws-x.json"", ""canonical"": ""semantic-similarity"", ""count"": 1, ""note"": """", ""raw"": ""semantic-similarity-classification"", ""source"": ""dataset_card_task_id"", ""tier"": 2}, {""artifact"": ""ModelLakeFishing/stage1BuildTransferGraph/hf1000d_2000m/hf_cache/datasets/google-research-datasets__paws-x.json"", ""canonical"": ""semantic-similarity"", ""count"": 1, ""note"": """", ""raw"": ""semantic-similarity-scoring"", ""source"": ""dataset_card_task_id"", ""tier"": 2}, {""artifact"": ""ModelLakeFishing/stage1BuildTransferGraph/hf1000d_2000m/hf_cache/datasets/google-research-datasets__paws-x.json"", ""canonical"": null, ""count"": 1, ""note"": """", ""raw"": ""text-scoring"", ""source"": ""dataset_card_task_id"", ""tier"": 2}, {""artifact"": ""ModelLakeFishing/stage1BuildTransferGraph/hf1000d_2000m/selected_1000_datasets.csv"", ""canonical"": null, ""count"": 1, ""note"": """", ""raw"": ""multi-input-text-classification"", ""source"": ""inventory_task_id"", ""tier"": 2}, {""artifact"": ""ModelLakeFishing/stage1BuildTransferGraph/hf1000d_2000m/selected_1000_datasets.csv"", ""canonical"": ""semantic-similarity"", ""count"": 1, ""note"": """", ""raw"": ""semantic-similarity-classification"", ""source"": ""inventory_task_id"", ""tier"": 2}, {""artifact"": ""ModelLakeFishing/stage1BuildTransferGraph/hf1000d_2000m/selected_1000_datasets.csv"", ""canonical"": ""semantic-similarity"", ""count"": 1, ""note"": """", ""raw"": ""semantic-similarity-scoring"", ""source"": ""inventory_task_id"", ""tier"": 2}, {""artifact"": ""ModelLakeFishing/stage1BuildTransferGraph/hf1000d_2000m/selected_1000_datasets.csv"", ""canonical"": null, ""count"": 1, ""note"": """", ""raw"": ""text-scoring"", ""source"": ""inventory_task_id"", ""tier"": 2}, {""artifact"": ""ModelLakeFishing/stage1BuildTransferGraph/hf1000d_2000m/hf_cache/datasets/google-research-datasets__paws-x.json"", ""canonical"": null, ""count"": 1, ""note"": """", ""raw"": ""text-classification"", ""source"": ""dataset_card_task_category"", ""tier"": 3}, {""artifact"": ""ModelLakeFishing/stage1BuildTransferGraph/hf1000d_2000m/selected_1000_datasets.csv"", ""canonical"": null, ""count"": 1, ""note"": """", ""raw"": ""text-classification"", ""source"": ""inventory_task_category"", ""tier"": 3}]"
pii-masking-400k,67,0,Other,pii-detection,20,replace_Other_after_review,2,"[""dataset_identity""]","[{""artifact"": ""ModelLakeFishing/stage1BuildTransferGraph/hf1000d_2000m/hf_cache/models"", ""canonical"": null, ""count"": 1, ""note"": ""1 cached model files"", ""raw"": ""token-classification"", ""source"": ""model_index_task"", ""tier"": 1}, {""artifact"": ""ModelLakeFishing/stage1BuildTransferGraph/hf1000d_2000m/hf_cache/datasets/ai4privacy__pii-masking-400k.json"", ""canonical"": ""pii-detection"", ""count"": 1, ""note"": ""precise identity rule; not open-ended card-text classification"", ""raw"": ""token-classification dataset identity says PII"", ""source"": ""dataset_identity"", ""tier"": 2}, {""artifact"": ""ModelLakeFishing/stage1BuildTransferGraph/hf1000d_2000m/hf_cache/datasets/ai4privacy__pii-masking-400k.json"", ""canonical"": null, ""count"": 1, ""note"": """", ""raw"": ""feature-extraction"", ""source"": ""dataset_card_task_category"", ""tier"": 3}, {""artifact"": ""ModelLakeFishing/stage1BuildTransferGraph/hf1000d_2000m/hf_cache/datasets/ai4privacy__pii-masking-400k.json"", ""canonical"": null, ""count"": 1, ""note"": """", ""raw"": ""fill-mask"", ""source"": ""dataset_card_task_category"", ""tier"": 3}, {""artifact"": ""ModelLakeFishing/stage1BuildTransferGraph/hf1000d_2000m/hf_cache/datasets/ai4privacy__pii-masking-400k.json"", ""canonical"": null, ""count"": 1, ""note"": """", ""raw"": ""other"", ""source"": ""dataset_card_task_category"", ""tier"": 3}, {""artifact"": ""ModelLakeFishing/stage1BuildTransferGraph/hf1000d_2000m/hf_cache/datasets/ai4privacy__pii-masking-400k.json"", ""canonical"": ""question-answering"", ""count"": 1, ""note"": """", ""raw"": ""question-answering"", ""source"": ""dataset_card_task_category"", ""tier"": 3}, {""artifact"": ""ModelLakeFishing/stage1BuildTransferGraph/hf1000d_2000m/hf_cache/datasets/ai4privacy__pii-masking-400k.json"", ""canonical"": ""summarization"", ""count"": 1, ""note"": """", ""raw"": ""summarization"", ""source"": ""dataset_card_task_category"", ""tier"": 3}, {""artifact"": ""ModelLakeFishing/stage1BuildTransferGraph/hf1000d_2000m/hf_cache/datasets/ai4privacy__pii-masking-400k.json"", ""canonical"": null, ""count"": 1, ""note"": """", ""raw"": ""table-question-answering"", ""source"": ""dataset_card_task_category"", ""tier"": 3}, {""artifact"": ""ModelLakeFishing/stage1BuildTransferGraph/hf1000d_2000m/hf_cache/datasets/ai4privacy__pii-masking-400k.json"", ""canonical"": null, ""count"": 1, ""note"": """", ""raw"": ""table-to-text"", ""source"": ""dataset_card_task_category"", ""tier"": 3}, {""artifact"": ""ModelLakeFishing/stage1BuildTransferGraph/hf1000d_2000m/hf_cache/datasets/ai4privacy__pii-masking-400k.json"", ""canonical"": null, ""count"": 1, ""note"": """", ""raw"": ""tabular-classification"", ""source"": ""dataset_card_task_category"", ""tier"": 3}, {""artifact"": ""ModelLakeFishing/stage1BuildTransferGraph/hf1000d_2000m/hf_cache/datasets/ai4privacy__pii-masking-400k.json"", ""canonical"": null, ""count"": 1, ""note"": """", ""raw"": ""tabular-to-text"", ""source"": ""dataset_card_task_category"", ""tier"": 3}, {""artifact"": ""ModelLakeFishing/stage1BuildTransferGraph/hf1000d_2000m/hf_cache/datasets/ai4privacy__pii-masking-400k.json"", ""canonical"": null, ""count"": 1, ""note"": """", ""raw"": ""text-classification"", ""source"": ""dataset_card_task_category"", ""tier"": 3}, {""artifact"": ""ModelLakeFishing/stage1BuildTransferGraph/hf1000d_2000m/hf_cache/datasets/ai4privacy__pii-masking-400k.json"", ""canonical"": null, ""count"": 1, ""note"": """", ""raw"": ""text-generation"", ""source"": ""dataset_card_task_category"", ""tier"": 3}, {""artifact"": ""ModelLakeFishing/stage1BuildTransferGraph/hf1000d_2000m/hf_cache/datasets/ai4privacy__pii-masking-400k.json"", ""canonical"": ""retrieval"", ""count"": 1, ""note"": """", ""raw"": ""text-retrieval"", ""source"": ""dataset_card_task_category"", ""tier"": 3}, {""artifact"": ""ModelLakeFishing/stage1BuildTransferGraph/hf1000d_2000m/hf_cache/datasets/ai4privacy__pii-masking-400k.json"", ""canonical"": null, ""count"": 1, ""note"": """", ""raw"": ""token-classification"", ""source"": ""dataset_card_task_category"", ""tier"": 3}, {""artifact"": ""ModelLakeFishing/stage1BuildTransferGraph/hf1000d_2000m/hf_cache/datasets/ai4privacy__pii-masking-400k.json"", ""canonical"": ""translation"", ""count"": 1, ""note"": """", ""raw"": ""translation"", ""source"": ""dataset_card_task_category"", ""tier"": 3}, {""artifact"": ""ModelLakeFishing/stage1BuildTransferGraph/hf1000d_2000m/hf_cache/datasets/ai4privacy__pii-masking-400k.json"", ""canonical"": null, ""count"": 1, ""note"": """", ""raw"": ""zero-shot-classification"", ""source"": ""dataset_card_task_category"", ""tier"": 3}, {""artifact"": ""ModelLakeFishing/stage1BuildTransferGraph/hf1000d_2000m/selected_1000_datasets.csv"", ""canonical"": null, ""count"": 1, ""note"": """", ""raw"": ""feature-extraction"", ""source"": ""inventory_task_category"", ""tier"": 3}, {""artifact"": ""ModelLakeFishing/stage1BuildTransferGraph/hf1000d_2000m/selected_1000_datasets.csv"", ""canonical"": null, ""count"": 1, ""note"": """", ""raw"": ""fill-mask"", ""source"": ""inventory_task_category"", ""tier"": 3}, {""artifact"": ""ModelLakeFishing/stage1BuildTransferGraph/hf1000d_2000m/selected_1000_datasets.csv"", ""canonical"": null, ""count"": 1, ""note"": """", ""raw"": ""other"", ""source"": ""inventory_task_category"", ""tier"": 3}, {""artifact"": ""ModelLakeFishing/stage1BuildTransferGraph/hf1000d_2000m/selected_1000_datasets.csv"", ""canonical"": ""question-answering"", ""count"": 1, ""note"": """", ""raw"": ""question-answering"", ""source"": ""inventory_task_category"", ""tier"": 3}, {""artifact"": ""ModelLakeFishing/stage1BuildTransferGraph/hf1000d_2000m/selected_1000_datasets.csv"", ""canonical"": ""summarization"", ""count"": 1, ""note"": """", ""raw"": ""summarization"", ""source"": ""inventory_task_category"", ""tier"": 3}, {""artifact"": ""ModelLakeFishing/stage1BuildTransferGraph/hf1000d_2000m/selected_1000_datasets.csv"", ""canonical"": null, ""count"": 1, ""note"": """", ""raw"": ""table-question-answering"", ""source"": ""inventory_task_category"", ""tier"": 3}, {""artifact"": ""ModelLakeFishing/stage1BuildTransferGraph/hf1000d_2000m/selected_1000_datasets.csv"", ""canonical"": null, ""count"": 1, ""note"": """", ""raw"": ""table-to-text"", ""source"": ""inventory_task_category"", ""tier"": 3}, {""artifact"": ""ModelLakeFishing/stage1BuildTransferGraph/hf1000d_2000m/selected_1000_datasets.csv"", ""canonical"": null, ""count"": 1, ""note"": """", ""raw"": ""tabular-classification"", ""source"": ""inventory_task_category"", ""tier"": 3}, {""artifact"": ""ModelLakeFishing/stage1BuildTransferGraph/hf1000d_2000m/selected_1000_datasets.csv"", ""canonical"": null, ""count"": 1, ""note"": """", ""raw"": ""tabular-to-text"", ""source"": ""inventory_task_category"", ""tier"": 3}, {""artifact"": ""ModelLakeFishing/stage1BuildTransferGraph/hf1000d_2000m/selected_1000_datasets.csv"", ""canonical"": null, ""count"": 1, ""note"": """", ""raw"": ""text-classification"", ""source"": ""inventory_task_category"", ""tier"": 3}, {""artifact"": ""ModelLakeFishing/stage1BuildTransferGraph/hf1000d_2000m/selected_1000_datasets.csv"", ""canonical"": null, ""count"": 1, ""note"": """", ""raw"": ""text-generation"", ""source"": ""inventory_task_category"", ""tier"": 3}, {""artifact"": ""ModelLakeFishing/stage1BuildTransferGraph/hf1000d_2000m/selected_1000_datasets.csv"", ""canonical"": ""retrieval"", ""count"": 1, ""note"": """", ""raw"": ""text-retrieval"", ""source"": ""inventory_task_category"", ""tier"": 3}, {""artifact"": ""ModelLakeFishing/stage1BuildTransferGraph/hf1000d_2000m/selected_1000_datasets.csv"", ""canonical"": null, ""count"": 1, ""note"": """", ""raw"": ""token-classification"", ""source"": ""inventory_task_category"", ""tier"": 3}, {""artifact"": ""ModelLakeFishing/stage1BuildTransferGraph/hf1000d_2000m/selected_1000_datasets.csv"", ""canonical"": ""translation"", ""count"": 1, ""note"": """", ""raw"": ""translation"", ""source"": ""inventory_task_category"", ""tier"": 3}, {""artifact"": ""ModelLakeFishing/stage1BuildTransferGraph/hf1000d_2000m/selected_1000_datasets.csv"", ""canonical"": null, ""count"": 1, ""note"": """", ""raw"": ""zero-shot-classification"", ""source"": ""inventory_task_category"", ""tier"": 3}]"
qasc,69,0,Other,question-answering,21,replace_Other_after_review,1,"[""model_index_task""]","[{""artifact"": ""ModelLakeFishing/stage1BuildTransferGraph/hf1000d_2000m/hf_cache/models"", ""canonical"": ""question-answering"", ""count"": 1, ""note"": ""1 cached model files"", ""raw"": ""question-answering"", ""source"": ""model_index_task"", ""tier"": 1}, {""artifact"": ""ModelLakeFishing/stage1BuildTransferGraph/hf1000d_2000m/hf_cache/datasets/allenai__qasc.json"", ""canonical"": ""question-answering"", ""count"": 1, ""note"": """", ""raw"": ""extractive-qa"", ""source"": ""dataset_card_task_id"", ""tier"": 2}, {""artifact"": ""ModelLakeFishing/stage1BuildTransferGraph/hf1000d_2000m/hf_cache/datasets/allenai__qasc.json"", ""canonical"": ""question-answering"", ""count"": 1, ""note"": """", ""raw"": ""multiple-choice-qa"", ""source"": ""dataset_card_task_id"", ""tier"": 2}, {""artifact"": ""ModelLakeFishing/stage1BuildTransferGraph/hf1000d_2000m/selected_1000_datasets.csv"", ""canonical"": ""question-answering"", ""count"": 1, ""note"": """", ""raw"": ""extractive-qa"", ""source"": ""inventory_task_id"", ""tier"": 2}, {""artifact"": ""ModelLakeFishing/stage1BuildTransferGraph/hf1000d_2000m/selected_1000_datasets.csv"", ""canonical"": ""question-answering"", ""count"": 1, ""note"": """", ""raw"": ""multiple-choice-qa"", ""source"": ""inventory_task_id"", ""tier"": 2}, {""artifact"": ""ModelLakeFishing/stage1BuildTransferGraph/hf1000d_2000m/hf_cache/datasets/allenai__qasc.json"", ""canonical"": null, ""count"": 1, ""note"": """", ""raw"": ""multiple-choice"", ""source"": ""dataset_card_task_category"", ""tier"": 3}, {""artifact"": ""ModelLakeFishing/stage1BuildTransferGraph/hf1000d_2000m/hf_cache/datasets/allenai__qasc.json"", ""canonical"": ""question-answering"", ""count"": 1, ""note"": """", ""raw"": ""question-answering"", ""source"": ""dataset_card_task_category"", ""tier"": 3}, {""artifact"": ""ModelLakeFishing/stage1BuildTransferGraph/hf1000d_2000m/selected_1000_datasets.csv"", ""canonical"": null, ""count"": 1, ""note"": """", ""raw"": ""multiple-choice"", ""source"": ""inventory_task_category"", ""tier"": 3}, {""artifact"": ""ModelLakeFishing/stage1BuildTransferGraph/hf1000d_2000m/selected_1000_datasets.csv"", ""canonical"": ""question-answering"", ""count"": 1, ""note"": """", ""raw"": ""question-answering"", ""source"": ""inventory_task_category"", ""tier"": 3}]"
race,70,0,Other,question-answering,21,replace_Other_after_review,1,"[""model_index_task""]","[{""artifact"": ""ModelLakeFishing/stage1BuildTransferGraph/hf1000d_2000m/hf_cache/models"", ""canonical"": ""question-answering"", ""count"": 1, ""note"": ""1 cached model files"", ""raw"": ""question-answering"", ""source"": ""model_index_task"", ""tier"": 1}, {""artifact"": ""ModelLakeFishing/stage1BuildTransferGraph/hf1000d_2000m/hf_cache/datasets/ehovy__race.json"", ""canonical"": ""question-answering"", ""count"": 1, ""note"": """", ""raw"": ""multiple-choice-qa"", ""source"": ""dataset_card_task_id"", ""tier"": 2}, {""artifact"": ""ModelLakeFishing/stage1BuildTransferGraph/hf1000d_2000m/selected_1000_datasets.csv"", ""canonical"": ""question-answering"", ""count"": 1, ""note"": """", ""raw"": ""multiple-choice-qa"", ""source"": ""inventory_task_id"", ""tier"": 2}, {""artifact"": ""ModelLakeFishing/stage1BuildTransferGraph/hf1000d_2000m/hf_cache/datasets/ehovy__race.json"", ""canonical"": null, ""count"": 1, ""note"": """", ""raw"": ""multiple-choice"", ""source"": ""dataset_card_task_category"", ""tier"": 3}, {""artifact"": ""ModelLakeFishing/stage1BuildTransferGraph/hf1000d_2000m/selected_1000_datasets.csv"", ""canonical"": null, ""count"": 1, ""note"": """", ""raw"": ""multiple-choice"", ""source"": ""inventory_task_category"", ""tier"": 3}]"
scienceqa,72,1,Other,question-answering,21,replace_Other_after_review,2,"[""dataset_card_task_id"", ""inventory_task_id""]","[{""artifact"": ""ModelLakeFishing/stage1BuildTransferGraph/hf1000d_2000m/hf_cache/models"", ""canonical"": null, ""count"": 2, ""note"": ""2 cached model files"", ""raw"": ""image-text-to-text"", ""source"": ""model_index_task"", ""tier"": 1}, {""artifact"": ""ModelLakeFishing/stage1BuildTransferGraph/hf1000d_2000m/hf_cache/datasets/derek-thomas__ScienceQA.json"", ""canonical"": ""question-answering"", ""count"": 1, ""note"": """", ""raw"": ""closed-domain-qa"", ""source"": ""dataset_card_task_id"", ""tier"": 2}, {""artifact"": ""ModelLakeFishing/stage1BuildTransferGraph/hf1000d_2000m/hf_cache/datasets/derek-thomas__ScienceQA.json"", ""canonical"": null, ""count"": 1, ""note"": """", ""raw"": ""multi-class-classification"", ""source"": ""dataset_card_task_id"", ""tier"": 2}, {""artifact"": ""ModelLakeFishing/stage1BuildTransferGraph/hf1000d_2000m/hf_cache/datasets/derek-thomas__ScienceQA.json"", ""canonical"": ""question-answering"", ""count"": 1, ""note"": """", ""raw"": ""multiple-choice-qa"", ""source"": ""dataset_card_task_id"", ""tier"": 2}, {""artifact"": ""ModelLakeFishing/stage1BuildTransferGraph/hf1000d_2000m/hf_cache/datasets/derek-thomas__ScienceQA.json"", ""canonical"": ""question-answering"", ""count"": 1, ""note"": """", ""raw"": ""open-domain-qa"", ""source"": ""dataset_card_task_id"", ""tier"": 2}, {""artifact"": ""ModelLakeFishing/stage1BuildTransferGraph/hf1000d_2000m/hf_cache/datasets/derek-thomas__ScienceQA.json"", ""canonical"": ""question-answering"", ""count"": 1, ""note"": """", ""raw"": ""visual-question-answering"", ""source"": ""dataset_card_task_id"", ""tier"": 2}, {""artifact"": ""ModelLakeFishing/stage1BuildTransferGraph/hf1000d_2000m/selected_1000_datasets.csv"", ""canonical"": ""question-answering"", ""count"": 1, ""note"": """", ""raw"": ""closed-domain-qa"", ""source"": ""inventory_task_id"", ""tier"": 2}, {""artifact"": ""ModelLakeFishing/stage1BuildTransferGraph/hf1000d_2000m/selected_1000_datasets.csv"", ""canonical"": null, ""count"": 1, ""note"": """", ""raw"": ""multi-class-classification"", ""source"": ""inventory_task_id"", ""tier"": 2}, {""artifact"": ""ModelLakeFishing/stage1BuildTransferGraph/hf1000d_2000m/selected_1000_datasets.csv"", ""canonical"": ""question-answering"", ""count"": 1, ""note"": """", ""raw"": ""multiple-choice-qa"", ""source"": ""inventory_task_id"", ""tier"": 2}, {""artifact"": ""ModelLakeFishing/stage1BuildTransferGraph/hf1000d_2000m/selected_1000_datasets.csv"", ""canonical"": ""question-answering"", ""count"": 1, ""note"": """", ""raw"": ""open-domain-qa"", ""source"": ""inventory_task_id"", ""tier"": 2}, {""artifact"": ""ModelLakeFishing/stage1BuildTransferGraph/hf1000d_2000m/selected_1000_datasets.csv"", ""canonical"": ""question-answering"", ""count"": 1, ""note"": """", ""raw"": ""visual-question-answering"", ""source"": ""inventory_task_id"", ""tier"": 2}, {""artifact"": ""ModelLakeFishing/stage1BuildTransferGraph/hf1000d_2000m/hf_cache/datasets/derek-thomas__ScienceQA.json"", ""canonical"": null, ""count"": 1, ""note"": """", ""raw"": ""multiple-choice"", ""source"": ""dataset_card_task_category"", ""tier"": 3}, {""artifact"": ""ModelLakeFishing/stage1BuildTransferGraph/hf1000d_2000m/hf_cache/datasets/derek-thomas__ScienceQA.json"", ""canonical"": null, ""count"": 1, ""note"": """", ""raw"": ""other"", ""source"": ""dataset_card_task_category"", ""tier"": 3}, {""artifact"": ""ModelLakeFishing/stage1BuildTransferGraph/hf1000d_2000m/hf_cache/datasets/derek-thomas__ScienceQA.json"", ""canonical"": ""question-answering"", ""count"": 1, ""note"": """", ""raw"": ""question-answering"", ""source"": ""dataset_card_task_category"", ""tier"": 3}, {""artifact"": ""ModelLakeFishing/stage1BuildTransferGraph/hf1000d_2000m/hf_cache/datasets/derek-thomas__ScienceQA.json"", ""canonical"": null, ""count"": 1, ""note"": """", ""raw"": ""text-classification"", ""source"": ""dataset_card_task_category"", ""tier"": 3}, {""artifact"": ""ModelLakeFishing/stage1BuildTransferGraph/hf1000d_2000m/hf_cache/datasets/derek-thomas__ScienceQA.json"", ""canonical"": ""question-answering"", ""count"": 1, ""note"": """", ""raw"": ""visual-question-answering"", ""source"": ""dataset_card_task_category"", ""tier"": 3}, {""artifact"": ""ModelLakeFishing/stage1BuildTransferGraph/hf1000d_2000m/selected_1000_datasets.csv"", ""canonical"": null, ""count"": 1, ""note"": """", ""raw"": ""multiple-choice"", ""source"": ""inventory_task_category"", ""tier"": 3}, {""artifact"": ""ModelLakeFishing/stage1BuildTransferGraph/hf1000d_2000m/selected_1000_datasets.csv"", ""canonical"": null, ""count"": 1, ""note"": """", ""raw"": ""other"", ""source"": ""inventory_task_category"", ""tier"": 3}, {""artifact"": ""ModelLakeFishing/stage1BuildTransferGraph/hf1000d_2000m/selected_1000_datasets.csv"", ""canonical"": ""question-answering"", ""count"": 1, ""note"": """", ""raw"": ""question-answering"", ""source"": ""inventory_task_category"", ""tier"": 3}, {""artifact"": ""ModelLakeFishing/stage1BuildTransferGraph/hf1000d_2000m/selected_1000_datasets.csv"", ""canonical"": null, ""count"": 1, ""note"": """", ""raw"": ""text-classification"", ""source"": ""inventory_task_category"", ""tier"": 3}, {""artifact"": ""ModelLakeFishing/stage1BuildTransferGraph/hf1000d_2000m/selected_1000_datasets.csv"", ""canonical"": ""question-answering"", ""count"": 1, ""note"": """", ""raw"": ""visual-question-answering"", ""source"": ""inventory_task_category"", ""tier"": 3}]"
sib200,73,1,Other,clustering,12,replace_Other_after_review,1,"[""model_index_task""]","[{""artifact"": ""ModelLakeFishing/stage1BuildTransferGraph/hf1000d_2000m/hf_cache/models"", ""canonical"": null, ""count"": 25, ""note"": ""19 cached model files"", ""raw"": ""Classification"", ""source"": ""model_index_task"", ""tier"": 1}, {""artifact"": ""ModelLakeFishing/stage1BuildTransferGraph/hf1000d_2000m/hf_cache/models"", ""canonical"": ""clustering"", ""count"": 19, ""note"": ""19 cached model files"", ""raw"": ""Clustering"", ""source"": ""model_index_task"", ""tier"": 1}, {""artifact"": ""ModelLakeFishing/stage1BuildTransferGraph/hf1000d_2000m/hf_cache/datasets/mteb__sib200.json"", ""canonical"": ""topic"", ""count"": 1, ""note"": ""precise identity rule; not open-ended card-text classification"", ""raw"": ""dataset card explicitly says topic classification"", ""source"": ""dataset_identity"", ""tier"": 2}, {""artifact"": ""ModelLakeFishing/stage1BuildTransferGraph/hf1000d_2000m/hf_cache/datasets/mteb__sib200.json"", ""canonical"": null, ""count"": 1, ""note"": """", ""raw"": ""text-classification"", ""source"": ""dataset_card_task_category"", ""tier"": 3}, {""artifact"": ""ModelLakeFishing/stage1BuildTransferGraph/hf1000d_2000m/selected_1000_datasets.csv"", ""canonical"": null, ""count"": 1, ""note"": """", ""raw"": ""text-classification"", ""source"": ""inventory_task_category"", ""tier"": 3}]"
squad,76,1,Other,question-answering,21,replace_Other_after_review,1,"[""model_index_task""]","[{""artifact"": ""ModelLakeFishing/stage1BuildTransferGraph/hf1000d_2000m/hf_cache/models"", ""canonical"": ""question-answering"", ""count"": 35, ""note"": ""35 cached model files"", ""raw"": ""question-answering"", ""source"": ""model_index_task"", ""tier"": 1}, {""artifact"": ""ModelLakeFishing/stage1BuildTransferGraph/hf1000d_2000m/hf_cache/models"", ""canonical"": null, ""count"": 2, ""note"": ""2 cached model files"", ""raw"": ""text2text-generation"", ""source"": ""model_index_task"", ""tier"": 1}, {""artifact"": ""ModelLakeFishing/stage1BuildTransferGraph/hf1000d_2000m/hf_cache/datasets/rajpurkar__squad.json"", ""canonical"": ""question-answering"", ""count"": 1, ""note"": """", ""raw"": ""extractive-qa"", ""source"": ""dataset_card_task_id"", ""tier"": 2}, {""artifact"": ""ModelLakeFishing/stage1BuildTransferGraph/hf1000d_2000m/selected_1000_datasets.csv"", ""canonical"": ""question-answering"", ""count"": 1, ""note"": """", ""raw"": ""extractive-qa"", ""source"": ""inventory_task_id"", ""tier"": 2}, {""artifact"": ""ModelLakeFishing/stage1BuildTransferGraph/hf1000d_2000m/hf_cache/datasets/rajpurkar__squad.json"", ""canonical"": ""question-answering"", ""count"": 1, ""note"": """", ""raw"": ""question-answering"", ""source"": ""dataset_card_task_category"", ""tier"": 3}, {""artifact"": ""ModelLakeFishing/stage1BuildTransferGraph/hf1000d_2000m/selected_1000_datasets.csv"", ""canonical"": ""question-answering"", ""count"": 1, ""note"": """", ""raw"": ""question-answering"", ""source"": ""inventory_task_category"", ""tier"": 3}]"
squad_v2,77,1,Other,question-answering,21,replace_Other_after_review,1,"[""model_index_task""]","[{""artifact"": ""ModelLakeFishing/stage1BuildTransferGraph/hf1000d_2000m/hf_cache/models"", ""canonical"": ""question-answering"", ""count"": 46, ""note"": ""46 cached model files"", ""raw"": ""question-answering"", ""source"": ""model_index_task"", ""tier"": 1}, {""artifact"": ""ModelLakeFishing/stage1BuildTransferGraph/hf1000d_2000m/hf_cache/datasets/rajpurkar__squad_v2.json"", ""canonical"": ""question-answering"", ""count"": 1, ""note"": """", ""raw"": ""extractive-qa"", ""source"": ""dataset_card_task_id"", ""tier"": 2}, {""artifact"": ""ModelLakeFishing/stage1BuildTransferGraph/hf1000d_2000m/hf_cache/datasets/rajpurkar__squad_v2.json"", ""canonical"": ""question-answering"", ""count"": 1, ""note"": """", ""raw"": ""open-domain-qa"", ""source"": ""dataset_card_task_id"", ""tier"": 2}, {""artifact"": ""ModelLakeFishing/stage1BuildTransferGraph/hf1000d_2000m/selected_1000_datasets.csv"", ""canonical"": ""question-answering"", ""count"": 1, ""note"": """", ""raw"": ""extractive-qa"", ""source"": ""inventory_task_id"", ""tier"": 2}, {""artifact"": ""ModelLakeFishing/stage1BuildTransferGraph/hf1000d_2000m/selected_1000_datasets.csv"", ""canonical"": ""question-answering"", ""count"": 1, ""note"": """", ""raw"": ""open-domain-qa"", ""source"": ""inventory_task_id"", ""tier"": 2}, {""artifact"": ""ModelLakeFishing/stage1BuildTransferGraph/hf1000d_2000m/hf_cache/datasets/rajpurkar__squad_v2.json"", ""canonical"": ""question-answering"", ""count"": 1, ""note"": """", ""raw"": ""question-answering"", ""source"": ""dataset_card_task_category"", ""tier"": 3}, {""artifact"": ""ModelLakeFishing/stage1BuildTransferGraph/hf1000d_2000m/selected_1000_datasets.csv"", ""canonical"": ""question-answering"", ""count"": 1, ""note"": """", ""raw"": ""question-answering"", ""source"": ""inventory_task_category"", ""tier"": 3}]"
swag,79,0,Other,NLI,1,replace_Other_after_review,2,"[""dataset_card_task_id"", ""inventory_task_id""]","[{""artifact"": ""ModelLakeFishing/stage1BuildTransferGraph/hf1000d_2000m/hf_cache/models"", ""canonical"": null, ""count"": 1, ""note"": ""1 cached model files"", ""raw"": ""multiple-choice"", ""source"": ""model_index_task"", ""tier"": 1}, {""artifact"": ""ModelLakeFishing/stage1BuildTransferGraph/hf1000d_2000m/hf_cache/datasets/allenai__swag.json"", ""canonical"": ""NLI"", ""count"": 1, ""note"": """", ""raw"": ""natural-language-inference"", ""source"": ""dataset_card_task_id"", ""tier"": 2}, {""artifact"": ""ModelLakeFishing/stage1BuildTransferGraph/hf1000d_2000m/selected_1000_datasets.csv"", ""canonical"": ""NLI"", ""count"": 1, ""note"": """", ""raw"": ""natural-language-inference"", ""source"": ""inventory_task_id"", ""tier"": 2}, {""artifact"": ""ModelLakeFishing/stage1BuildTransferGraph/hf1000d_2000m/hf_cache/datasets/allenai__swag.json"", ""canonical"": null, ""count"": 1, ""note"": """", ""raw"": ""text-classification"", ""source"": ""dataset_card_task_category"", ""tier"": 3}, {""artifact"": ""ModelLakeFishing/stage1BuildTransferGraph/hf1000d_2000m/selected_1000_datasets.csv"", ""canonical"": null, ""count"": 1, ""note"": """", ""raw"": ""text-classification"", ""source"": ""inventory_task_category"", ""tier"": 3}]"
tatoeba-bitext-mining,80,1,Other,bitext-mining,11,replace_Other_after_review,1,"[""model_index_task""]","[{""artifact"": ""ModelLakeFishing/stage1BuildTransferGraph/hf1000d_2000m/hf_cache/models"", ""canonical"": ""bitext-mining"", ""count"": 11428, ""note"": ""106 cached model files"", ""raw"": ""BitextMining"", ""source"": ""model_index_task"", ""tier"": 1}, {""artifact"": ""ModelLakeFishing/stage1BuildTransferGraph/hf1000d_2000m/hf_cache/datasets/mteb__tatoeba-bitext-mining.json"", ""canonical"": ""translation"", ""count"": 1, ""note"": """", ""raw"": ""translation"", ""source"": ""dataset_card_task_category"", ""tier"": 3}, {""artifact"": ""ModelLakeFishing/stage1BuildTransferGraph/hf1000d_2000m/selected_1000_datasets.csv"", ""canonical"": ""translation"", ""count"": 1, ""note"": """", ""raw"": ""translation"", ""source"": ""inventory_task_category"", ""tier"": 3}]"
toxic-chat,81,1,Other,toxicity,9,replace_Other_after_review,2,"[""dataset_identity""]","[{""artifact"": ""ModelLakeFishing/stage1BuildTransferGraph/hf1000d_2000m/hf_cache/models"", ""canonical"": null, ""count"": 1, ""note"": ""1 cached model files"", ""raw"": ""Classification"", ""source"": ""model_index_task"", ""tier"": 1}, {""artifact"": ""ModelLakeFishing/stage1BuildTransferGraph/hf1000d_2000m/hf_cache/models"", ""canonical"": null, ""count"": 2, ""note"": ""2 cached model files"", ""raw"": ""text-classification"", ""source"": ""model_index_task"", ""tier"": 1}, {""artifact"": ""ModelLakeFishing/stage1BuildTransferGraph/hf1000d_2000m/hf_cache/datasets/lmsys__toxic-chat.json"", ""canonical"": ""toxicity"", ""count"": 1, ""note"": ""precise identity rule; not open-ended card-text classification"", ""raw"": ""dataset identity/card explicitly says toxicity"", ""source"": ""dataset_identity"", ""tier"": 2}, {""artifact"": ""ModelLakeFishing/stage1BuildTransferGraph/hf1000d_2000m/hf_cache/datasets/lmsys__toxic-chat.json"", ""canonical"": null, ""count"": 1, ""note"": """", ""raw"": ""text-classification"", ""source"": ""dataset_card_task_category"", ""tier"": 3}, {""artifact"": ""ModelLakeFishing/stage1BuildTransferGraph/hf1000d_2000m/selected_1000_datasets.csv"", ""canonical"": null, ""count"": 1, ""note"": """", ""raw"": ""text-classification"", ""source"": ""inventory_task_category"", ""tier"": 3}]"
tweetner7,93,1,Other,named-entity-recognition,19,replace_Other_after_review,2,"[""dataset_card_task_id"", ""inventory_task_id""]","[{""artifact"": ""ModelLakeFishing/stage1BuildTransferGraph/hf1000d_2000m/hf_cache/models"", ""canonical"": null, ""count"": 56, ""note"": ""56 cached model files"", ""raw"": ""token-classification"", ""source"": ""model_index_task"", ""tier"": 1}, {""artifact"": ""ModelLakeFishing/stage1BuildTransferGraph/hf1000d_2000m/hf_cache/datasets/tner__tweetner7.json"", ""canonical"": ""named-entity-recognition"", ""count"": 1, ""note"": """", ""raw"": ""named-entity-recognition"", ""source"": ""dataset_card_task_id"", ""tier"": 2}, {""artifact"": ""ModelLakeFishing/stage1BuildTransferGraph/hf1000d_2000m/selected_1000_datasets.csv"", ""canonical"": ""named-entity-recognition"", ""count"": 1, ""note"": """", ""raw"": ""named-entity-recognition"", ""source"": ""inventory_task_id"", ""tier"": 2}, {""artifact"": ""ModelLakeFishing/stage1BuildTransferGraph/hf1000d_2000m/hf_cache/datasets/tner__tweetner7.json"", ""canonical"": null, ""count"": 1, ""note"": """", ""raw"": ""token-classification"", ""source"": ""dataset_card_task_category"", ""tier"": 3}, {""artifact"": ""ModelLakeFishing/stage1BuildTransferGraph/hf1000d_2000m/selected_1000_datasets.csv"", ""canonical"": null, ""count"": 1, ""note"": """", ""raw"": ""token-classification"", ""source"": ""inventory_task_category"", ""tier"": 3}]"
wiki_qa,96,0,Other,question-answering,21,replace_Other_after_review,2,"[""dataset_card_task_id"", ""inventory_task_id""]","[{""artifact"": ""ModelLakeFishing/stage1BuildTransferGraph/hf1000d_2000m/hf_cache/models"", ""canonical"": null, ""count"": 1, ""note"": ""1 cached model files"", ""raw"": ""text-classification"", ""source"": ""model_index_task"", ""tier"": 1}, {""artifact"": ""ModelLakeFishing/stage1BuildTransferGraph/hf1000d_2000m/hf_cache/datasets/microsoft__wiki_qa.json"", ""canonical"": ""question-answering"", ""count"": 1, ""note"": """", ""raw"": ""open-domain-qa"", ""source"": ""dataset_card_task_id"", ""tier"": 2}, {""artifact"": ""ModelLakeFishing/stage1BuildTransferGraph/hf1000d_2000m/selected_1000_datasets.csv"", ""canonical"": ""question-answering"", ""count"": 1, ""note"": """", ""raw"": ""open-domain-qa"", ""source"": ""inventory_task_id"", ""tier"": 2}, {""artifact"": ""ModelLakeFishing/stage1BuildTransferGraph/hf1000d_2000m/hf_cache/datasets/microsoft__wiki_qa.json"", ""canonical"": ""question-answering"", ""count"": 1, ""note"": """", ""raw"": ""question-answering"", ""source"": ""dataset_card_task_category"", ""tier"": 3}, {""artifact"": ""ModelLakeFishing/stage1BuildTransferGraph/hf1000d_2000m/selected_1000_datasets.csv"", ""canonical"": ""question-answering"", ""count"": 1, ""note"": """", ""raw"": ""question-answering"", ""source"": ""inventory_task_category"", ""tier"": 3}]"
wikiann,97,1,Other,named-entity-recognition,19,replace_Other_after_review,2,"[""dataset_card_task_id"", ""inventory_task_id""]","[{""artifact"": ""ModelLakeFishing/stage1BuildTransferGraph/hf1000d_2000m/hf_cache/models"", ""canonical"": null, ""count"": 49, ""note"": ""48 cached model files"", ""raw"": ""token-classification"", ""source"": ""model_index_task"", ""tier"": 1}, {""artifact"": ""ModelLakeFishing/stage1BuildTransferGraph/hf1000d_2000m/hf_cache/datasets/unimelb-nlp__wikiann.json"", ""canonical"": ""named-entity-recognition"", ""count"": 1, ""note"": """", ""raw"": ""named-entity-recognition"", ""source"": ""dataset_card_task_id"", ""tier"": 2}, {""artifact"": ""ModelLakeFishing/stage1BuildTransferGraph/hf1000d_2000m/selected_1000_datasets.csv"", ""canonical"": ""named-entity-recognition"", ""count"": 1, ""note"": """", ""raw"": ""named-entity-recognition"", ""source"": ""inventory_task_id"", ""tier"": 2}, {""artifact"": ""ModelLakeFishing/stage1BuildTransferGraph/hf1000d_2000m/hf_cache/datasets/unimelb-nlp__wikiann.json"", ""canonical"": null, ""count"": 1, ""note"": """", ""raw"": ""token-classification"", ""source"": ""dataset_card_task_category"", ""tier"": 3}, {""artifact"": ""ModelLakeFishing/stage1BuildTransferGraph/hf1000d_2000m/selected_1000_datasets.csv"", ""canonical"": null, ""count"": 1, ""note"": """", ""raw"": ""token-classification"", ""source"": ""inventory_task_category"", ""tier"": 3}]"
yelp_review_full,101,1,Other,sentiment,3,replace_Other_after_review,2,"[""dataset_card_task_id"", ""dataset_identity"", ""inventory_task_id""]","[{""artifact"": ""ModelLakeFishing/stage1BuildTransferGraph/hf1000d_2000m/hf_cache/models"", ""canonical"": null, ""count"": 1, ""note"": ""1 cached model files"", ""raw"": ""Classification"", ""source"": ""model_index_task"", ""tier"": 1}, {""artifact"": ""ModelLakeFishing/stage1BuildTransferGraph/hf1000d_2000m/hf_cache/models"", ""canonical"": null, ""count"": 1, ""note"": ""1 cached model files"", ""raw"": ""text classification"", ""source"": ""model_index_task"", ""tier"": 1}, {""artifact"": ""ModelLakeFishing/stage1BuildTransferGraph/hf1000d_2000m/hf_cache/models"", ""canonical"": null, ""count"": 39, ""note"": ""39 cached model files"", ""raw"": ""text-classification"", ""source"": ""model_index_task"", ""tier"": 1}, {""artifact"": ""ModelLakeFishing/stage1BuildTransferGraph/hf1000d_2000m/hf_cache/datasets/Yelp__yelp_review_full.json"", ""canonical"": ""sentiment"", ""count"": 1, ""note"": """", ""raw"": ""sentiment-classification"", ""source"": ""dataset_card_task_id"", ""tier"": 2}, {""artifact"": ""ModelLakeFishing/stage1BuildTransferGraph/hf1000d_2000m/hf_cache/datasets/Yelp__yelp_review_full.json"", ""canonical"": ""sentiment"", ""count"": 1, ""note"": ""precise identity rule; not open-ended card-text classification"", ""raw"": ""benchmark identity says sentiment/polarity classification"", ""source"": ""dataset_identity"", ""tier"": 2}, {""artifact"": ""ModelLakeFishing/stage1BuildTransferGraph/hf1000d_2000m/selected_1000_datasets.csv"", ""canonical"": ""sentiment"", ""count"": 1, ""note"": """", ""raw"": ""sentiment-classification"", ""source"": ""inventory_task_id"", ""tier"": 2}, {""artifact"": ""ModelLakeFishing/stage1BuildTransferGraph/hf1000d_2000m/hf_cache/datasets/Yelp__yelp_review_full.json"", ""canonical"": null, ""count"": 1, ""note"": """", ""raw"": ""text-classification"", ""source"": ""dataset_card_task_category"", ""tier"": 3}, {""artifact"": ""ModelLakeFishing/stage1BuildTransferGraph/hf1000d_2000m/selected_1000_datasets.csv"", ""canonical"": null, ""count"": 1, ""note"": """", ""raw"": ""text-classification"", ""source"": ""inventory_task_category"", ""tier"": 3}]"
nanoscifact,103,0,Other,retrieval,22,replace_Other_after_review,3,"[""dataset_card_task_category"", ""inventory_task_category""]","[{""artifact"": ""ModelLakeFishing/stage1BuildTransferGraph/hf1000d_2000m/hf_cache/models"", ""canonical"": null, ""count"": 3, ""note"": ""3 cached model files"", ""raw"": ""py-late-information-retrieval"", ""source"": ""model_index_task"", ""tier"": 1}, {""artifact"": ""ModelLakeFishing/stage1BuildTransferGraph/hf1000d_2000m/hf_cache/datasets/zeta-alpha-ai__NanoSciFact.json"", ""canonical"": null, ""count"": 1, ""note"": """", ""raw"": ""document-retrieval"", ""source"": ""dataset_card_task_id"", ""tier"": 2}, {""artifact"": ""ModelLakeFishing/stage1BuildTransferGraph/hf1000d_2000m/selected_1000_datasets.csv"", ""canonical"": null, ""count"": 1, ""note"": """", ""raw"": ""document-retrieval"", ""source"": ""inventory_task_id"", ""tier"": 2}, {""artifact"": ""ModelLakeFishing/stage1BuildTransferGraph/hf1000d_2000m/hf_cache/datasets/zeta-alpha-ai__NanoSciFact.json"", ""canonical"": ""retrieval"", ""count"": 1, ""note"": """", ""raw"": ""text-retrieval"", ""source"": ""dataset_card_task_category"", ""tier"": 3}, {""artifact"": ""ModelLakeFishing/stage1BuildTransferGraph/hf1000d_2000m/selected_1000_datasets.csv"", ""canonical"": ""retrieval"", ""count"": 1, ""note"": """", ""raw"": ""text-retrieval"", ""source"": ""inventory_task_category"", ""tier"": 3}]"
nanofever,104,0,Other,retrieval,22,replace_Other_after_review,3,"[""dataset_card_task_category"", ""inventory_task_category""]","[{""artifact"": ""ModelLakeFishing/stage1BuildTransferGraph/hf1000d_2000m/hf_cache/models"", ""canonical"": null, ""count"": 3, ""note"": ""3 cached model files"", ""raw"": ""py-late-information-retrieval"", ""source"": ""model_index_task"", ""tier"": 1}, {""artifact"": ""ModelLakeFishing/stage1BuildTransferGraph/hf1000d_2000m/hf_cache/datasets/zeta-alpha-ai__NanoFEVER.json"", ""canonical"": null, ""count"": 1, ""note"": """", ""raw"": ""document-retrieval"", ""source"": ""dataset_card_task_id"", ""tier"": 2}, {""artifact"": ""ModelLakeFishing/stage1BuildTransferGraph/hf1000d_2000m/selected_1000_datasets.csv"", ""canonical"": null, ""count"": 1, ""note"": """", ""raw"": ""document-retrieval"", ""source"": ""inventory_task_id"", ""tier"": 2}, {""artifact"": ""ModelLakeFishing/stage1BuildTransferGraph/hf1000d_2000m/hf_cache/datasets/zeta-alpha-ai__NanoFEVER.json"", ""canonical"": ""retrieval"", ""count"": 1, ""note"": """", ""raw"": ""text-retrieval"", ""source"": ""dataset_card_task_category"", ""tier"": 3}, {""artifact"": ""ModelLakeFishing/stage1BuildTransferGraph/hf1000d_2000m/selected_1000_datasets.csv"", ""canonical"": ""retrieval"", ""count"": 1, ""note"": """", ""raw"": ""text-retrieval"", ""source"": ""inventory_task_category"", ""tier"": 3}]"
pii-masking-openpii-1.5m,106,0,Other,pii-detection,20,replace_Other_after_review,2,"[""dataset_identity""]","[{""artifact"": ""ModelLakeFishing/stage1BuildTransferGraph/hf1000d_2000m/hf_cache/datasets/ai4privacy__pii-masking-openpii-1.5m.json"", ""canonical"": ""pii-detection"", ""count"": 1, ""note"": ""precise identity rule; not open-ended card-text classification"", ""raw"": ""token-classification dataset identity says PII"", ""source"": ""dataset_identity"", ""tier"": 2}, {""artifact"": ""ModelLakeFishing/stage1BuildTransferGraph/hf1000d_2000m/hf_cache/datasets/ai4privacy__pii-masking-openpii-1.5m.json"", ""canonical"": null, ""count"": 1, ""note"": """", ""raw"": ""text-generation"", ""source"": ""dataset_card_task_category"", ""tier"": 3}, {""artifact"": ""ModelLakeFishing/stage1BuildTransferGraph/hf1000d_2000m/hf_cache/datasets/ai4privacy__pii-masking-openpii-1.5m.json"", ""canonical"": null, ""count"": 1, ""note"": """", ""raw"": ""token-classification"", ""source"": ""dataset_card_task_category"", ""tier"": 3}, {""artifact"": ""ModelLakeFishing/stage1BuildTransferGraph/hf1000d_2000m/selected_1000_datasets.csv"", ""canonical"": null, ""count"": 1, ""note"": """", ""raw"": ""text-generation"", ""source"": ""inventory_task_category"", ""tier"": 3}, {""artifact"": ""ModelLakeFishing/stage1BuildTransferGraph/hf1000d_2000m/selected_1000_datasets.csv"", ""canonical"": null, ""count"": 1, ""note"": """", ""raw"": ""token-classification"", ""source"": ""inventory_task_category"", ""tier"": 3}]"
ade_corpus_v2,110,0,Other,fact-checking,15,replace_Other_after_review,2,"[""dataset_card_task_id"", ""inventory_task_id""]","[{""artifact"": ""ModelLakeFishing/stage1BuildTransferGraph/hf1000d_2000m/hf_cache/models"", ""canonical"": null, ""count"": 2, ""note"": ""2 cached model files"", ""raw"": ""text-classification"", ""source"": ""model_index_task"", ""tier"": 1}, {""artifact"": ""ModelLakeFishing/stage1BuildTransferGraph/hf1000d_2000m/hf_cache/models"", ""canonical"": null, ""count"": 1, ""note"": ""1 cached model files"", ""raw"": ""text-generation"", ""source"": ""model_index_task"", ""tier"": 1}, {""artifact"": ""ModelLakeFishing/stage1BuildTransferGraph/hf1000d_2000m/hf_cache/datasets/ade-benchmark-corpus__ade_corpus_v2.json"", ""canonical"": null, ""count"": 1, ""note"": """", ""raw"": ""coreference-resolution"", ""source"": ""dataset_card_task_id"", ""tier"": 2}, {""artifact"": ""ModelLakeFishing/stage1BuildTransferGraph/hf1000d_2000m/hf_cache/datasets/ade-benchmark-corpus__ade_corpus_v2.json"", ""canonical"": ""fact-checking"", ""count"": 1, ""note"": """", ""raw"": ""fact-checking"", ""source"": ""dataset_card_task_id"", ""tier"": 2}, {""artifact"": ""ModelLakeFishing/stage1BuildTransferGraph/hf1000d_2000m/selected_1000_datasets.csv"", ""canonical"": null, ""count"": 1, ""note"": """", ""raw"": ""coreference-resolution"", ""source"": ""inventory_task_id"", ""tier"": 2}, {""artifact"": ""ModelLakeFishing/stage1BuildTransferGraph/hf1000d_2000m/selected_1000_datasets.csv"", ""canonical"": ""fact-checking"", ""count"": 1, ""note"": """", ""raw"": ""fact-checking"", ""source"": ""inventory_task_id"", ""tier"": 2}, {""artifact"": ""ModelLakeFishing/stage1BuildTransferGraph/hf1000d_2000m/hf_cache/datasets/ade-benchmark-corpus__ade_corpus_v2.json"", ""canonical"": null, ""count"": 1, ""note"": """", ""raw"": ""text-classification"", ""source"": ""dataset_card_task_category"", ""tier"": 3}, {""artifact"": ""ModelLakeFishing/stage1BuildTransferGraph/hf1000d_2000m/hf_cache/datasets/ade-benchmark-corpus__ade_corpus_v2.json"", ""canonical"": null, ""count"": 1, ""note"": """", ""raw"": ""token-classification"", ""source"": ""dataset_card_task_category"", ""tier"": 3}, {""artifact"": ""ModelLakeFishing/stage1BuildTransferGraph/hf1000d_2000m/selected_1000_datasets.csv"", ""canonical"": null, ""count"": 1, ""note"": """", ""raw"": ""text-classification"", ""source"": ""inventory_task_category"", ""tier"": 3}, {""artifact"": ""ModelLakeFishing/stage1BuildTransferGraph/hf1000d_2000m/selected_1000_datasets.csv"", ""canonical"": null, ""count"": 1, ""note"": """", ""raw"": ""token-classification"", ""source"": ""inventory_task_category"", ""tier"": 3}]"
medical_meadow_mediqa,111,0,Other,question-answering,21,replace_Other_after_review,3,"[""dataset_card_task_category"", ""inventory_task_category""]","[{""artifact"": ""ModelLakeFishing/stage1BuildTransferGraph/hf1000d_2000m/hf_cache/datasets/medalpaca__medical_meadow_mediqa.json"", ""canonical"": ""question-answering"", ""count"": 1, ""note"": """", ""raw"": ""question-answering"", ""source"": ""dataset_card_task_category"", ""tier"": 3}, {""artifact"": ""ModelLakeFishing/stage1BuildTransferGraph/hf1000d_2000m/selected_1000_datasets.csv"", ""canonical"": ""question-answering"", ""count"": 1, ""note"": """", ""raw"": ""question-answering"", ""source"": ""inventory_task_category"", ""tier"": 3}]"
igb_xorqa,112,0,Other,question-answering,21,replace_Other_after_review,3,"[""dataset_card_task_category"", ""inventory_task_category""]","[{""artifact"": ""ModelLakeFishing/stage1BuildTransferGraph/hf1000d_2000m/hf_cache/datasets/VarunGumma__IGB_XorQA.json"", ""canonical"": ""question-answering"", ""count"": 1, ""note"": """", ""raw"": ""question-answering"", ""source"": ""dataset_card_task_category"", ""tier"": 3}, {""artifact"": ""ModelLakeFishing/stage1BuildTransferGraph/hf1000d_2000m/selected_1000_datasets.csv"", ""canonical"": ""question-answering"", ""count"": 1, ""note"": """", ""raw"": ""question-answering"", ""source"": ""inventory_task_category"", ""tier"": 3}]"
multilongdocretrieval,115,0,Other,retrieval,22,replace_Other_after_review,3,"[""dataset_card_task_category"", ""inventory_task_category""]","[{""artifact"": ""ModelLakeFishing/stage1BuildTransferGraph/hf1000d_2000m/hf_cache/datasets/mteb__MultiLongDocRetrieval.json"", ""canonical"": ""retrieval"", ""count"": 1, ""note"": """", ""raw"": ""text-retrieval"", ""source"": ""dataset_card_task_category"", ""tier"": 3}, {""artifact"": ""ModelLakeFishing/stage1BuildTransferGraph/hf1000d_2000m/selected_1000_datasets.csv"", ""canonical"": ""retrieval"", ""count"": 1, ""note"": """", ""raw"": ""text-retrieval"", ""source"": ""inventory_task_category"", ""tier"": 3}]"
snips_built_in_intents,117,0,Other,intent,16,replace_Other_after_review,2,"[""dataset_card_task_id"", ""inventory_task_id""]","[{""artifact"": ""ModelLakeFishing/stage1BuildTransferGraph/hf1000d_2000m/hf_cache/datasets/sonos-nlu-benchmark__snips_built_in_intents.json"", ""canonical"": ""intent"", ""count"": 1, ""note"": """", ""raw"": ""intent-classification"", ""source"": ""dataset_card_task_id"", ""tier"": 2}, {""artifact"": ""ModelLakeFishing/stage1BuildTransferGraph/hf1000d_2000m/selected_1000_datasets.csv"", ""canonical"": ""intent"", ""count"": 1, ""note"": """", ""raw"": ""intent-classification"", ""source"": ""inventory_task_id"", ""tier"": 2}, {""artifact"": ""ModelLakeFishing/stage1BuildTransferGraph/hf1000d_2000m/hf_cache/datasets/sonos-nlu-benchmark__snips_built_in_intents.json"", ""canonical"": null, ""count"": 1, ""note"": """", ""raw"": ""text-classification"", ""source"": ""dataset_card_task_category"", ""tier"": 3}, {""artifact"": ""ModelLakeFishing/stage1BuildTransferGraph/hf1000d_2000m/selected_1000_datasets.csv"", ""canonical"": null, ""count"": 1, ""note"": """", ""raw"": ""text-classification"", ""source"": ""inventory_task_category"", ""tier"": 3}]"
nanonfcorpus,119,0,Other,retrieval,22,replace_Other_after_review,3,"[""dataset_card_task_category"", ""inventory_task_category""]","[{""artifact"": ""ModelLakeFishing/stage1BuildTransferGraph/hf1000d_2000m/hf_cache/models"", ""canonical"": null, ""count"": 3, ""note"": ""3 cached model files"", ""raw"": ""py-late-information-retrieval"", ""source"": ""model_index_task"", ""tier"": 1}, {""artifact"": ""ModelLakeFishing/stage1BuildTransferGraph/hf1000d_2000m/hf_cache/models"", ""canonical"": null, ""count"": 1, ""note"": ""1 cached model files"", ""raw"": ""sparse-information-retrieval"", ""source"": ""model_index_task"", ""tier"": 1}, {""artifact"": ""ModelLakeFishing/stage1BuildTransferGraph/hf1000d_2000m/hf_cache/datasets/zeta-alpha-ai__NanoNFCorpus.json"", ""canonical"": null, ""count"": 1, ""note"": """", ""raw"": ""document-retrieval"", ""source"": ""dataset_card_task_id"", ""tier"": 2}, {""artifact"": ""ModelLakeFishing/stage1BuildTransferGraph/hf1000d_2000m/selected_1000_datasets.csv"", ""canonical"": null, ""count"": 1, ""note"": """", ""raw"": ""document-retrieval"", ""source"": ""inventory_task_id"", ""tier"": 2}, {""artifact"": ""ModelLakeFishing/stage1BuildTransferGraph/hf1000d_2000m/hf_cache/datasets/zeta-alpha-ai__NanoNFCorpus.json"", ""canonical"": ""retrieval"", ""count"": 1, ""note"": """", ""raw"": ""text-retrieval"", ""source"": ""dataset_card_task_category"", ""tier"": 3}, {""artifact"": ""ModelLakeFishing/stage1BuildTransferGraph/hf1000d_2000m/selected_1000_datasets.csv"", ""canonical"": ""retrieval"", ""count"": 1, ""note"": """", ""raw"": ""text-retrieval"", ""source"": ""inventory_task_category"", ""tier"": 3}]"
wmt20_mlqe_task1,120,0,Other,translation,25,replace_Other_after_review,3,"[""dataset_card_task_category"", ""inventory_task_category""]","[{""artifact"": ""ModelLakeFishing/stage1BuildTransferGraph/hf1000d_2000m/hf_cache/datasets/wmt__wmt20_mlqe_task1.json"", ""canonical"": ""translation"", ""count"": 1, ""note"": """", ""raw"": ""translation"", ""source"": ""dataset_card_task_category"", ""tier"": 3}, {""artifact"": ""ModelLakeFishing/stage1BuildTransferGraph/hf1000d_2000m/selected_1000_datasets.csv"", ""canonical"": ""translation"", ""count"": 1, ""note"": """", ""raw"": ""translation"", ""source"": ""inventory_task_category"", ""tier"": 3}]"
alexandria,122,0,Other,translation,25,replace_Other_after_review,3,"[""dataset_card_task_category"", ""inventory_task_category""]","[{""artifact"": ""ModelLakeFishing/stage1BuildTransferGraph/hf1000d_2000m/hf_cache/datasets/UBC-NLP__alexandria.json"", ""canonical"": null, ""count"": 1, ""note"": """", ""raw"": ""text-generation"", ""source"": ""dataset_card_task_category"", ""tier"": 3}, {""artifact"": ""ModelLakeFishing/stage1BuildTransferGraph/hf1000d_2000m/hf_cache/datasets/UBC-NLP__alexandria.json"", ""canonical"": ""translation"", ""count"": 1, ""note"": """", ""raw"": ""translation"", ""source"": ""dataset_card_task_category"", ""tier"": 3}, {""artifact"": ""ModelLakeFishing/stage1BuildTransferGraph/hf1000d_2000m/selected_1000_datasets.csv"", ""canonical"": null, ""count"": 1, ""note"": """", ""raw"": ""text-generation"", ""source"": ""inventory_task_category"", ""tier"": 3}, {""artifact"": ""ModelLakeFishing/stage1BuildTransferGraph/hf1000d_2000m/selected_1000_datasets.csv"", ""canonical"": ""translation"", ""count"": 1, ""note"": """", ""raw"": ""translation"", ""source"": ""inventory_task_category"", ""tier"": 3}]"
latex-vlm,123,0,Other,question-answering,21,replace_Other_after_review,3,"[""dataset_card_task_category"", ""inventory_task_category""]","[{""artifact"": ""ModelLakeFishing/stage1BuildTransferGraph/hf1000d_2000m/hf_cache/datasets/JosselinSom__Latex-VLM.json"", ""canonical"": ""question-answering"", ""count"": 1, ""note"": """", ""raw"": ""question-answering"", ""source"": ""dataset_card_task_category"", ""tier"": 3}, {""artifact"": ""ModelLakeFishing/stage1BuildTransferGraph/hf1000d_2000m/hf_cache/datasets/JosselinSom__Latex-VLM.json"", ""canonical"": ""question-answering"", ""count"": 1, ""note"": """", ""raw"": ""visual-question-answering"", ""source"": ""dataset_card_task_category"", ""tier"": 3}, {""artifact"": ""ModelLakeFishing/stage1BuildTransferGraph/hf1000d_2000m/selected_1000_datasets.csv"", ""canonical"": ""question-answering"", ""count"": 1, ""note"": """", ""raw"": ""question-answering"", ""source"": ""inventory_task_category"", ""tier"": 3}, {""artifact"": ""ModelLakeFishing/stage1BuildTransferGraph/hf1000d_2000m/selected_1000_datasets.csv"", ""canonical"": ""question-answering"", ""count"": 1, ""note"": """", ""raw"": ""visual-question-answering"", ""source"": ""inventory_task_category"", ""tier"": 3}]"
glue/stsb,125,0,Other,semantic-similarity,23,replace_Other_after_review,3,"[""dataset_card_task_category"", ""inventory_task_category""]","[{""artifact"": ""ModelLakeFishing/stage1BuildTransferGraph/hf1000d_2000m/hf_cache/datasets/sentence-transformers__stsb.json"", ""canonical"": null, ""count"": 1, ""note"": """", ""raw"": ""feature-extraction"", ""source"": ""dataset_card_task_category"", ""tier"": 3}, {""artifact"": ""ModelLakeFishing/stage1BuildTransferGraph/hf1000d_2000m/hf_cache/datasets/sentence-transformers__stsb.json"", ""canonical"": ""semantic-similarity"", ""count"": 1, ""note"": """", ""raw"": ""sentence-similarity"", ""source"": ""dataset_card_task_category"", ""tier"": 3}, {""artifact"": ""ModelLakeFishing/stage1BuildTransferGraph/hf1000d_2000m/selected_1000_datasets.csv"", ""canonical"": null, ""count"": 1, ""note"": """", ""raw"": ""feature-extraction"", ""source"": ""inventory_task_category"", ""tier"": 3}, {""artifact"": ""ModelLakeFishing/stage1BuildTransferGraph/hf1000d_2000m/selected_1000_datasets.csv"", ""canonical"": ""semantic-similarity"", ""count"": 1, ""note"": """", ""raw"": ""sentence-similarity"", ""source"": ""inventory_task_category"", ""tier"": 3}]"
multiun,127,0,Other,translation,25,replace_Other_after_review,3,"[""dataset_card_task_category"", ""inventory_task_category""]","[{""artifact"": ""ModelLakeFishing/stage1BuildTransferGraph/hf1000d_2000m/hf_cache/datasets/Helsinki-NLP__multiun.json"", ""canonical"": ""translation"", ""count"": 1, ""note"": """", ""raw"": ""translation"", ""source"": ""dataset_card_task_category"", ""tier"": 3}, {""artifact"": ""ModelLakeFishing/stage1BuildTransferGraph/hf1000d_2000m/selected_1000_datasets.csv"", ""canonical"": ""translation"", ""count"": 1, ""note"": """", ""raw"": ""translation"", ""source"": ""inventory_task_category"", ""tier"": 3}]"
cos_e,128,0,Other,question-answering,21,replace_Other_after_review,2,"[""dataset_card_task_id"", ""inventory_task_id""]","[{""artifact"": ""ModelLakeFishing/stage1BuildTransferGraph/hf1000d_2000m/hf_cache/datasets/Salesforce__cos_e.json"", ""canonical"": ""question-answering"", ""count"": 1, ""note"": """", ""raw"": ""open-domain-qa"", ""source"": ""dataset_card_task_id"", ""tier"": 2}, {""artifact"": ""ModelLakeFishing/stage1BuildTransferGraph/hf1000d_2000m/selected_1000_datasets.csv"", ""canonical"": ""question-answering"", ""count"": 1, ""note"": """", ""raw"": ""open-domain-qa"", ""source"": ""inventory_task_id"", ""tier"": 2}, {""artifact"": ""ModelLakeFishing/stage1BuildTransferGraph/hf1000d_2000m/hf_cache/datasets/Salesforce__cos_e.json"", ""canonical"": ""question-answering"", ""count"": 1, ""note"": """", ""raw"": ""question-answering"", ""source"": ""dataset_card_task_category"", ""tier"": 3}, {""artifact"": ""ModelLakeFishing/stage1BuildTransferGraph/hf1000d_2000m/selected_1000_datasets.csv"", ""canonical"": ""question-answering"", ""count"": 1, ""note"": """", ""raw"": ""question-answering"", ""source"": ""inventory_task_category"", ""tier"": 3}]"
wmt18,131,0,Other,translation,25,replace_Other_after_review,3,"[""dataset_card_task_category"", ""inventory_task_category""]","[{""artifact"": ""ModelLakeFishing/stage1BuildTransferGraph/hf1000d_2000m/hf_cache/datasets/wmt__wmt18.json"", ""canonical"": ""translation"", ""count"": 1, ""note"": """", ""raw"": ""translation"", ""source"": ""dataset_card_task_category"", ""tier"": 3}, {""artifact"": ""ModelLakeFishing/stage1BuildTransferGraph/hf1000d_2000m/selected_1000_datasets.csv"", ""canonical"": ""translation"", ""count"": 1, ""note"": """", ""raw"": ""translation"", ""source"": ""inventory_task_category"", ""tier"": 3}]"
commonsense_qa,133,0,Other,question-answering,21,replace_Other_after_review,2,"[""dataset_card_task_id"", ""inventory_task_id""]","[{""artifact"": ""ModelLakeFishing/stage1BuildTransferGraph/hf1000d_2000m/hf_cache/models"", ""canonical"": null, ""count"": 1, ""note"": ""1 cached model files"", ""raw"": ""text-generation"", ""source"": ""model_index_task"", ""tier"": 1}, {""artifact"": ""ModelLakeFishing/stage1BuildTransferGraph/hf1000d_2000m/hf_cache/datasets/tau__commonsense_qa.json"", ""canonical"": ""question-answering"", ""count"": 1, ""note"": """", ""raw"": ""open-domain-qa"", ""source"": ""dataset_card_task_id"", ""tier"": 2}, {""artifact"": ""ModelLakeFishing/stage1BuildTransferGraph/hf1000d_2000m/selected_1000_datasets.csv"", ""canonical"": ""question-answering"", ""count"": 1, ""note"": """", ""raw"": ""open-domain-qa"", ""source"": ""inventory_task_id"", ""tier"": 2}, {""artifact"": ""ModelLakeFishing/stage1BuildTransferGraph/hf1000d_2000m/hf_cache/datasets/tau__commonsense_qa.json"", ""canonical"": ""question-answering"", ""count"": 1, ""note"": """", ""raw"": ""question-answering"", ""source"": ""dataset_card_task_category"", ""tier"": 3}, {""artifact"": ""ModelLakeFishing/stage1BuildTransferGraph/hf1000d_2000m/selected_1000_datasets.csv"", ""canonical"": ""question-answering"", ""count"": 1, ""note"": """", ""raw"": ""question-answering"", ""source"": ""inventory_task_category"", ""tier"": 3}]"
genies_preferences,134,0,Other,question-answering,21,replace_Other_after_review,3,"[""dataset_card_task_category"", ""inventory_task_category""]","[{""artifact"": ""ModelLakeFishing/stage1BuildTransferGraph/hf1000d_2000m/hf_cache/datasets/wassname__genies_preferences.json"", ""canonical"": ""question-answering"", ""count"": 1, ""note"": """", ""raw"": ""question-answering"", ""source"": ""dataset_card_task_category"", ""tier"": 3}, {""artifact"": ""ModelLakeFishing/stage1BuildTransferGraph/hf1000d_2000m/hf_cache/datasets/wassname__genies_preferences.json"", ""canonical"": null, ""count"": 1, ""note"": """", ""raw"": ""text-classification"", ""source"": ""dataset_card_task_category"", ""tier"": 3}, {""artifact"": ""ModelLakeFishing/stage1BuildTransferGraph/hf1000d_2000m/selected_1000_datasets.csv"", ""canonical"": ""question-answering"", ""count"": 1, ""note"": """", ""raw"": ""question-answering"", ""source"": ""inventory_task_category"", ""tier"": 3}, {""artifact"": ""ModelLakeFishing/stage1BuildTransferGraph/hf1000d_2000m/selected_1000_datasets.csv"", ""canonical"": null, ""count"": 1, ""note"": """", ""raw"": ""text-classification"", ""source"": ""inventory_task_category"", ""tier"": 3}]"
rag-dataset-12000,136,0,Other,question-answering,21,replace_Other_after_review,3,"[""dataset_card_task_category"", ""inventory_task_category""]","[{""artifact"": ""ModelLakeFishing/stage1BuildTransferGraph/hf1000d_2000m/hf_cache/datasets/neural-bridge__rag-dataset-12000.json"", ""canonical"": ""question-answering"", ""count"": 1, ""note"": """", ""raw"": ""question-answering"", ""source"": ""dataset_card_task_category"", ""tier"": 3}, {""artifact"": ""ModelLakeFishing/stage1BuildTransferGraph/hf1000d_2000m/selected_1000_datasets.csv"", ""canonical"": ""question-answering"", ""count"": 1, ""note"": """", ""raw"": ""question-answering"", ""source"": ""inventory_task_category"", ""tier"": 3}]"
icdar2019-sroie,138,0,Other,question-answering,21,replace_Other_after_review,2,"[""dataset_card_task_id"", ""inventory_task_id""]","[{""artifact"": ""ModelLakeFishing/stage1BuildTransferGraph/hf1000d_2000m/hf_cache/datasets/jsdnrs__ICDAR2019-SROIE.json"", ""canonical"": null, ""count"": 1, ""note"": """", ""raw"": ""document-retrieval"", ""source"": ""dataset_card_task_id"", ""tier"": 2}, {""artifact"": ""ModelLakeFishing/stage1BuildTransferGraph/hf1000d_2000m/hf_cache/datasets/jsdnrs__ICDAR2019-SROIE.json"", ""canonical"": ""question-answering"", ""count"": 1, ""note"": """", ""raw"": ""visual-question-answering"", ""source"": ""dataset_card_task_id"", ""tier"": 2}, {""artifact"": ""ModelLakeFishing/stage1BuildTransferGraph/hf1000d_2000m/selected_1000_datasets.csv"", ""canonical"": null, ""count"": 1, ""note"": """", ""raw"": ""document-retrieval"", ""source"": ""inventory_task_id"", ""tier"": 2}, {""artifact"": ""ModelLakeFishing/stage1BuildTransferGraph/hf1000d_2000m/selected_1000_datasets.csv"", ""canonical"": ""question-answering"", ""count"": 1, ""note"": """", ""raw"": ""visual-question-answering"", ""source"": ""inventory_task_id"", ""tier"": 2}, {""artifact"": ""ModelLakeFishing/stage1BuildTransferGraph/hf1000d_2000m/hf_cache/datasets/jsdnrs__ICDAR2019-SROIE.json"", ""canonical"": null, ""count"": 1, ""note"": """", ""raw"": ""feature-extraction"", ""source"": ""dataset_card_task_category"", ""tier"": 3}, {""artifact"": ""ModelLakeFishing/stage1BuildTransferGraph/hf1000d_2000m/hf_cache/datasets/jsdnrs__ICDAR2019-SROIE.json"", ""canonical"": null, ""count"": 1, ""note"": """", ""raw"": ""image-to-text"", ""source"": ""dataset_card_task_category"", ""tier"": 3}, {""artifact"": ""ModelLakeFishing/stage1BuildTransferGraph/hf1000d_2000m/hf_cache/datasets/jsdnrs__ICDAR2019-SROIE.json"", ""canonical"": ""retrieval"", ""count"": 1, ""note"": """", ""raw"": ""text-retrieval"", ""source"": ""dataset_card_task_category"", ""tier"": 3}, {""artifact"": ""ModelLakeFishing/stage1BuildTransferGraph/hf1000d_2000m/hf_cache/datasets/jsdnrs__ICDAR2019-SROIE.json"", ""canonical"": ""question-answering"", ""count"": 1, ""note"": """", ""raw"": ""visual-question-answering"", ""source"": ""dataset_card_task_category"", ""tier"": 3}, {""artifact"": ""ModelLakeFishing/stage1BuildTransferGraph/hf1000d_2000m/selected_1000_datasets.csv"", ""canonical"": null, ""count"": 1, ""note"": """", ""raw"": ""feature-extraction"", ""source"": ""inventory_task_category"", ""tier"": 3}, {""artifact"": ""ModelLakeFishing/stage1BuildTransferGraph/hf1000d_2000m/selected_1000_datasets.csv"", ""canonical"": null, ""count"": 1, ""note"": """", ""raw"": ""image-to-text"", ""source"": ""inventory_task_category"", ""tier"": 3}, {""artifact"": ""ModelLakeFishing/stage1BuildTransferGraph/hf1000d_2000m/selected_1000_datasets.csv"", ""canonical"": ""retrieval"", ""count"": 1, ""note"": """", ""raw"": ""text-retrieval"", ""source"": ""inventory_task_category"", ""tier"": 3}, {""artifact"": ""ModelLakeFishing/stage1BuildTransferGraph/hf1000d_2000m/selected_1000_datasets.csv"", ""canonical"": ""question-answering"", ""count"": 1, ""note"": """", ""raw"": ""visual-question-answering"", ""source"": ""inventory_task_category"", ""tier"": 3}]"
chess-evaluations,140,0,Other,question-answering,21,replace_Other_after_review,3,"[""dataset_card_task_category"", ""inventory_task_category""]","[{""artifact"": ""ModelLakeFishing/stage1BuildTransferGraph/hf1000d_2000m/hf_cache/datasets/ssingh22__chess-evaluations.json"", ""canonical"": ""question-answering"", ""count"": 1, ""note"": """", ""raw"": ""question-answering"", ""source"": ""dataset_card_task_category"", ""tier"": 3}, {""artifact"": ""ModelLakeFishing/stage1BuildTransferGraph/hf1000d_2000m/hf_cache/datasets/ssingh22__chess-evaluations.json"", ""canonical"": null, ""count"": 1, ""note"": """", ""raw"": ""token-classification"", ""source"": ""dataset_card_task_category"", ""tier"": 3}, {""artifact"": ""ModelLakeFishing/stage1BuildTransferGraph/hf1000d_2000m/selected_1000_datasets.csv"", ""canonical"": ""question-answering"", ""count"": 1, ""note"": """", ""raw"": ""question-answering"", ""source"": ""inventory_task_category"", ""tier"": 3}, {""artifact"": ""ModelLakeFishing/stage1BuildTransferGraph/hf1000d_2000m/selected_1000_datasets.csv"", ""canonical"": null, ""count"": 1, ""note"": """", ""raw"": ""token-classification"", ""source"": ""inventory_task_category"", ""tier"": 3}]"
qwen-8b-embed,141,0,Other,semantic-similarity,23,replace_Other_after_review,3,"[""dataset_card_task_category"", ""inventory_task_category""]","[{""artifact"": ""ModelLakeFishing/stage1BuildTransferGraph/hf1000d_2000m/hf_cache/datasets/carsondial__qwen-8b-embed.json"", ""canonical"": null, ""count"": 1, ""note"": """", ""raw"": ""feature-extraction"", ""source"": ""dataset_card_task_category"", ""tier"": 3}, {""artifact"": ""ModelLakeFishing/stage1BuildTransferGraph/hf1000d_2000m/hf_cache/datasets/carsondial__qwen-8b-embed.json"", ""canonical"": ""semantic-similarity"", ""count"": 1, ""note"": """", ""raw"": ""sentence-similarity"", ""source"": ""dataset_card_task_category"", ""tier"": 3}, {""artifact"": ""ModelLakeFishing/stage1BuildTransferGraph/hf1000d_2000m/selected_1000_datasets.csv"", ""canonical"": null, ""count"": 1, ""note"": """", ""raw"": ""feature-extraction"", ""source"": ""inventory_task_category"", ""tier"": 3}, {""artifact"": ""ModelLakeFishing/stage1BuildTransferGraph/hf1000d_2000m/selected_1000_datasets.csv"", ""canonical"": ""semantic-similarity"", ""count"": 1, ""note"": """", ""raw"": ""sentence-similarity"", ""source"": ""inventory_task_category"", ""tier"": 3}]"
weblinx,142,0,Other,semantic-similarity,23,replace_Other_after_review,3,"[""dataset_card_task_category"", ""inventory_task_category""]","[{""artifact"": ""ModelLakeFishing/stage1BuildTransferGraph/hf1000d_2000m/hf_cache/datasets/McGill-NLP__WebLINX.json"", ""canonical"": null, ""count"": 1, ""note"": """", ""raw"": ""image-to-text"", ""source"": ""dataset_card_task_category"", ""tier"": 3}, {""artifact"": ""ModelLakeFishing/stage1BuildTransferGraph/hf1000d_2000m/hf_cache/datasets/McGill-NLP__WebLINX.json"", ""canonical"": ""semantic-similarity"", ""count"": 1, ""note"": """", ""raw"": ""sentence-similarity"", ""source"": ""dataset_card_task_category"", ""tier"": 3}, {""artifact"": ""ModelLakeFishing/stage1BuildTransferGraph/hf1000d_2000m/hf_cache/datasets/McGill-NLP__WebLINX.json"", ""canonical"": null, ""count"": 1, ""note"": """", ""raw"": ""text-generation"", ""source"": ""dataset_card_task_category"", ""tier"": 3}, {""artifact"": ""ModelLakeFishing/stage1BuildTransferGraph/hf1000d_2000m/hf_cache/datasets/McGill-NLP__WebLINX.json"", ""canonical"": null, ""count"": 1, ""note"": """", ""raw"": ""text2text-generation"", ""source"": ""dataset_card_task_category"", ""tier"": 3}, {""artifact"": ""ModelLakeFishing/stage1BuildTransferGraph/hf1000d_2000m/selected_1000_datasets.csv"", ""canonical"": null, ""count"": 1, ""note"": """", ""raw"": ""image-to-text"", ""source"": ""inventory_task_category"", ""tier"": 3}, {""artifact"": ""ModelLakeFishing/stage1BuildTransferGraph/hf1000d_2000m/selected_1000_datasets.csv"", ""canonical"": ""semantic-similarity"", ""count"": 1, ""note"": """", ""raw"": ""sentence-similarity"", ""source"": ""inventory_task_category"", ""tier"": 3}, {""artifact"": ""ModelLakeFishing/stage1BuildTransferGraph/hf1000d_2000m/selected_1000_datasets.csv"", ""canonical"": null, ""count"": 1, ""note"": """", ""raw"": ""text-generation"", ""source"": ""inventory_task_category"", ""tier"": 3}, {""artifact"": ""ModelLakeFishing/stage1BuildTransferGraph/hf1000d_2000m/selected_1000_datasets.csv"", ""canonical"": null, ""count"": 1, ""note"": """", ""raw"": ""text2text-generation"", ""source"": ""inventory_task_category"", ""tier"": 3}]"
sts22-crosslingual-sts,143,0,Other,semantic-similarity,23,replace_Other_after_review,1,"[""model_index_task""]","[{""artifact"": ""ModelLakeFishing/stage1BuildTransferGraph/hf1000d_2000m/hf_cache/models"", ""canonical"": ""semantic-similarity"", ""count"": 3132, ""note"": ""1005 cached model files"", ""raw"": ""STS"", ""source"": ""model_index_task"", ""tier"": 1}, {""artifact"": ""ModelLakeFishing/stage1BuildTransferGraph/hf1000d_2000m/hf_cache/datasets/mteb__sts22-crosslingual-sts.json"", ""canonical"": ""semantic-similarity"", ""count"": 1, ""note"": """", ""raw"": ""semantic-similarity-scoring"", ""source"": ""dataset_card_task_id"", ""tier"": 2}, {""artifact"": ""ModelLakeFishing/stage1BuildTransferGraph/hf1000d_2000m/selected_1000_datasets.csv"", ""canonical"": ""semantic-similarity"", ""count"": 1, ""note"": """", ""raw"": ""semantic-similarity-scoring"", ""source"": ""inventory_task_id"", ""tier"": 2}, {""artifact"": ""ModelLakeFishing/stage1BuildTransferGraph/hf1000d_2000m/hf_cache/datasets/mteb__sts22-crosslingual-sts.json"", ""canonical"": ""semantic-similarity"", ""count"": 1, ""note"": """", ""raw"": ""sentence-similarity"", ""source"": ""dataset_card_task_category"", ""tier"": 3}, {""artifact"": ""ModelLakeFishing/stage1BuildTransferGraph/hf1000d_2000m/selected_1000_datasets.csv"", ""canonical"": ""semantic-similarity"", ""count"": 1, ""note"": """", ""raw"": ""sentence-similarity"", ""source"": ""inventory_task_category"", ""tier"": 3}]"
betrac-2026,144,0,Other,summarization,24,replace_Other_after_review,3,"[""dataset_card_task_category"", ""inventory_task_category""]","[{""artifact"": ""ModelLakeFishing/stage1BuildTransferGraph/hf1000d_2000m/hf_cache/datasets/BeTraC__betrac-2026.json"", ""canonical"": null, ""count"": 1, ""note"": """", ""raw"": ""automatic-speech-recognition"", ""source"": ""dataset_card_task_category"", ""tier"": 3}, {""artifact"": ""ModelLakeFishing/stage1BuildTransferGraph/hf1000d_2000m/hf_cache/datasets/BeTraC__betrac-2026.json"", ""canonical"": ""summarization"", ""count"": 1, ""note"": """", ""raw"": ""summarization"", ""source"": ""dataset_card_task_category"", ""tier"": 3}, {""artifact"": ""ModelLakeFishing/stage1BuildTransferGraph/hf1000d_2000m/selected_1000_datasets.csv"", ""canonical"": null, ""count"": 1, ""note"": """", ""raw"": ""automatic-speech-recognition"", ""source"": ""inventory_task_category"", ""tier"": 3}, {""artifact"": ""ModelLakeFishing/stage1BuildTransferGraph/hf1000d_2000m/selected_1000_datasets.csv"", ""canonical"": ""summarization"", ""count"": 1, ""note"": """", ""raw"": ""summarization"", ""source"": ""inventory_task_category"", ""tier"": 3}]"
bsd_ja_en,146,0,Other,translation,25,replace_Other_after_review,3,"[""dataset_card_task_category"", ""inventory_task_category""]","[{""artifact"": ""ModelLakeFishing/stage1BuildTransferGraph/hf1000d_2000m/hf_cache/datasets/ryo0634__bsd_ja_en.json"", ""canonical"": ""translation"", ""count"": 1, ""note"": """", ""raw"": ""translation"", ""source"": ""dataset_card_task_category"", ""tier"": 3}, {""artifact"": ""ModelLakeFishing/stage1BuildTransferGraph/hf1000d_2000m/selected_1000_datasets.csv"", ""canonical"": ""translation"", ""count"": 1, ""note"": """", ""raw"": ""translation"", ""source"": ""inventory_task_category"", ""tier"": 3}]"
setimes,147,0,Other,translation,25,replace_Other_after_review,3,"[""dataset_card_task_category"", ""inventory_task_category""]","[{""artifact"": ""ModelLakeFishing/stage1BuildTransferGraph/hf1000d_2000m/hf_cache/models"", ""canonical"": null, ""count"": 1, ""note"": ""1 cached model files"", ""raw"": ""text2text-generation"", ""source"": ""model_index_task"", ""tier"": 1}, {""artifact"": ""ModelLakeFishing/stage1BuildTransferGraph/hf1000d_2000m/hf_cache/datasets/community-datasets__setimes.json"", ""canonical"": ""translation"", ""count"": 1, ""note"": """", ""raw"": ""translation"", ""source"": ""dataset_card_task_category"", ""tier"": 3}, {""artifact"": ""ModelLakeFishing/stage1BuildTransferGraph/hf1000d_2000m/selected_1000_datasets.csv"", ""canonical"": ""translation"", ""count"": 1, ""note"": """", ""raw"": ""translation"", ""source"": ""inventory_task_category"", ""tier"": 3}]"
nanotouche2020,152,0,Other,retrieval,22,replace_Other_after_review,3,"[""dataset_card_task_category"", ""inventory_task_category""]","[{""artifact"": ""ModelLakeFishing/stage1BuildTransferGraph/hf1000d_2000m/hf_cache/models"", ""canonical"": null, ""count"": 3, ""note"": ""3 cached model files"", ""raw"": ""py-late-information-retrieval"", ""source"": ""model_index_task"", ""tier"": 1}, {""artifact"": ""ModelLakeFishing/stage1BuildTransferGraph/hf1000d_2000m/hf_cache/datasets/zeta-alpha-ai__NanoTouche2020.json"", ""canonical"": null, ""count"": 1, ""note"": """", ""raw"": ""document-retrieval"", ""source"": ""dataset_card_task_id"", ""tier"": 2}, {""artifact"": ""ModelLakeFishing/stage1BuildTransferGraph/hf1000d_2000m/selected_1000_datasets.csv"", ""canonical"": null, ""count"": 1, ""note"": """", ""raw"": ""document-retrieval"", ""source"": ""inventory_task_id"", ""tier"": 2}, {""artifact"": ""ModelLakeFishing/stage1BuildTransferGraph/hf1000d_2000m/hf_cache/datasets/zeta-alpha-ai__NanoTouche2020.json"", ""canonical"": ""retrieval"", ""count"": 1, ""note"": """", ""raw"": ""text-retrieval"", ""source"": ""dataset_card_task_category"", ""tier"": 3}, {""artifact"": ""ModelLakeFishing/stage1BuildTransferGraph/hf1000d_2000m/selected_1000_datasets.csv"", ""canonical"": ""retrieval"", ""count"": 1, ""note"": """", ""raw"": ""text-retrieval"", ""source"": ""inventory_task_category"", ""tier"": 3}]"
recap-datacomp-1b,155,0,Other,retrieval,22,replace_Other_after_review,3,"[""dataset_card_task_category"", ""inventory_task_category""]","[{""artifact"": ""ModelLakeFishing/stage1BuildTransferGraph/hf1000d_2000m/hf_cache/datasets/UCSC-VLAA__Recap-DataComp-1B.json"", ""canonical"": null, ""count"": 1, ""note"": """", ""raw"": ""image-to-text"", ""source"": ""dataset_card_task_category"", ""tier"": 3}, {""artifact"": ""ModelLakeFishing/stage1BuildTransferGraph/hf1000d_2000m/hf_cache/datasets/UCSC-VLAA__Recap-DataComp-1B.json"", ""canonical"": ""retrieval"", ""count"": 1, ""note"": """", ""raw"": ""text-retrieval"", ""source"": ""dataset_card_task_category"", ""tier"": 3}, {""artifact"": ""ModelLakeFishing/stage1BuildTransferGraph/hf1000d_2000m/hf_cache/datasets/UCSC-VLAA__Recap-DataComp-1B.json"", ""canonical"": null, ""count"": 1, ""note"": """", ""raw"": ""text-to-image"", ""source"": ""dataset_card_task_category"", ""tier"": 3}, {""artifact"": ""ModelLakeFishing/stage1BuildTransferGraph/hf1000d_2000m/hf_cache/datasets/UCSC-VLAA__Recap-DataComp-1B.json"", ""canonical"": null, ""count"": 1, ""note"": """", ""raw"": ""zero-shot-classification"", ""source"": ""dataset_card_task_category"", ""tier"": 3}, {""artifact"": ""ModelLakeFishing/stage1BuildTransferGraph/hf1000d_2000m/selected_1000_datasets.csv"", ""canonical"": null, ""count"": 1, ""note"": """", ""raw"": ""image-to-text"", ""source"": ""inventory_task_category"", ""tier"": 3}, {""artifact"": ""ModelLakeFishing/stage1BuildTransferGraph/hf1000d_2000m/selected_1000_datasets.csv"", ""canonical"": ""retrieval"", ""count"": 1, ""note"": """", ""raw"": ""text-retrieval"", ""source"": ""inventory_task_category"", ""tier"": 3}, {""artifact"": ""ModelLakeFishing/stage1BuildTransferGraph/hf1000d_2000m/selected_1000_datasets.csv"", ""canonical"": null, ""count"": 1, ""note"": """", ""raw"": ""text-to-image"", ""source"": ""inventory_task_category"", ""tier"": 3}, {""artifact"": ""ModelLakeFishing/stage1BuildTransferGraph/hf1000d_2000m/selected_1000_datasets.csv"", ""canonical"": null, ""count"": 1, ""note"": """", ""raw"": ""zero-shot-classification"", ""source"": ""inventory_task_category"", ""tier"": 3}]"
drop,156,0,Other,question-answering,21,replace_Other_after_review,2,"[""dataset_card_task_id"", ""inventory_task_id""]","[{""artifact"": ""ModelLakeFishing/stage1BuildTransferGraph/hf1000d_2000m/hf_cache/datasets/ucinlp__drop.json"", ""canonical"": null, ""count"": 1, ""note"": """", ""raw"": ""abstractive-qa"", ""source"": ""dataset_card_task_id"", ""tier"": 2}, {""artifact"": ""ModelLakeFishing/stage1BuildTransferGraph/hf1000d_2000m/hf_cache/datasets/ucinlp__drop.json"", ""canonical"": ""question-answering"", ""count"": 1, ""note"": """", ""raw"": ""extractive-qa"", ""source"": ""dataset_card_task_id"", ""tier"": 2}, {""artifact"": ""ModelLakeFishing/stage1BuildTransferGraph/hf1000d_2000m/selected_1000_datasets.csv"", ""canonical"": null, ""count"": 1, ""note"": """", ""raw"": ""abstractive-qa"", ""source"": ""inventory_task_id"", ""tier"": 2}, {""artifact"": ""ModelLakeFishing/stage1BuildTransferGraph/hf1000d_2000m/selected_1000_datasets.csv"", ""canonical"": ""question-answering"", ""count"": 1, ""note"": """", ""raw"": ""extractive-qa"", ""source"": ""inventory_task_id"", ""tier"": 2}, {""artifact"": ""ModelLakeFishing/stage1BuildTransferGraph/hf1000d_2000m/hf_cache/datasets/ucinlp__drop.json"", ""canonical"": ""question-answering"", ""count"": 1, ""note"": """", ""raw"": ""question-answering"", ""source"": ""dataset_card_task_category"", ""tier"": 3}, {""artifact"": ""ModelLakeFishing/stage1BuildTransferGraph/hf1000d_2000m/hf_cache/datasets/ucinlp__drop.json"", ""canonical"": null, ""count"": 1, ""note"": """", ""raw"": ""text2text-generation"", ""source"": ""dataset_card_task_category"", ""tier"": 3}, {""artifact"": ""ModelLakeFishing/stage1BuildTransferGraph/hf1000d_2000m/selected_1000_datasets.csv"", ""canonical"": ""question-answering"", ""count"": 1, ""note"": """", ""raw"": ""question-answering"", ""source"": ""inventory_task_category"", ""tier"": 3}, {""artifact"": ""ModelLakeFishing/stage1BuildTransferGraph/hf1000d_2000m/selected_1000_datasets.csv"", ""canonical"": null, ""count"": 1, ""note"": """", ""raw"": ""text2text-generation"", ""source"": ""inventory_task_category"", ""tier"": 3}]"
wmt15,157,0,Other,translation,25,replace_Other_after_review,3,"[""dataset_card_task_category"", ""inventory_task_category""]","[{""artifact"": ""ModelLakeFishing/stage1BuildTransferGraph/hf1000d_2000m/hf_cache/datasets/wmt__wmt15.json"", ""canonical"": ""translation"", ""count"": 1, ""note"": """", ""raw"": ""translation"", ""source"": ""dataset_card_task_category"", ""tier"": 3}, {""artifact"": ""ModelLakeFishing/stage1BuildTransferGraph/hf1000d_2000m/selected_1000_datasets.csv"", ""canonical"": ""translation"", ""count"": 1, ""note"": """", ""raw"": ""translation"", ""source"": ""inventory_task_category"", ""tier"": 3}]"
wmt19,158,0,Other,translation,25,replace_Other_after_review,3,"[""dataset_card_task_category"", ""inventory_task_category""]","[{""artifact"": ""ModelLakeFishing/stage1BuildTransferGraph/hf1000d_2000m/hf_cache/models"", ""canonical"": null, ""count"": 4, ""note"": ""4 cached model files"", ""raw"": ""text2text-generation"", ""source"": ""model_index_task"", ""tier"": 1}, {""artifact"": ""ModelLakeFishing/stage1BuildTransferGraph/hf1000d_2000m/hf_cache/datasets/wmt__wmt19.json"", ""canonical"": ""translation"", ""count"": 1, ""note"": """", ""raw"": ""translation"", ""source"": ""dataset_card_task_category"", ""tier"": 3}, {""artifact"": ""ModelLakeFishing/stage1BuildTransferGraph/hf1000d_2000m/selected_1000_datasets.csv"", ""canonical"": ""translation"", ""count"": 1, ""note"": """", ""raw"": ""translation"", ""source"": ""inventory_task_category"", ""tier"": 3}]"
tydiqa,162,0,Other,question-answering,21,replace_Other_after_review,2,"[""dataset_card_task_id"", ""inventory_task_id""]","[{""artifact"": ""ModelLakeFishing/stage1BuildTransferGraph/hf1000d_2000m/hf_cache/datasets/google-research-datasets__tydiqa.json"", ""canonical"": ""question-answering"", ""count"": 1, ""note"": """", ""raw"": ""extractive-qa"", ""source"": ""dataset_card_task_id"", ""tier"": 2}, {""artifact"": ""ModelLakeFishing/stage1BuildTransferGraph/hf1000d_2000m/selected_1000_datasets.csv"", ""canonical"": ""question-answering"", ""count"": 1, ""note"": """", ""raw"": ""extractive-qa"", ""source"": ""inventory_task_id"", ""tier"": 2}, {""artifact"": ""ModelLakeFishing/stage1BuildTransferGraph/hf1000d_2000m/hf_cache/datasets/google-research-datasets__tydiqa.json"", ""canonical"": ""question-answering"", ""count"": 1, ""note"": """", ""raw"": ""question-answering"", ""source"": ""dataset_card_task_category"", ""tier"": 3}, {""artifact"": ""ModelLakeFishing/stage1BuildTransferGraph/hf1000d_2000m/selected_1000_datasets.csv"", ""canonical"": ""question-answering"", ""count"": 1, ""note"": """", ""raw"": ""question-answering"", ""source"": ""inventory_task_category"", ""tier"": 3}]"
govreport-summarization,163,0,Other,summarization,24,replace_Other_after_review,3,"[""dataset_card_task_category"", ""inventory_task_category""]","[{""artifact"": ""ModelLakeFishing/stage1BuildTransferGraph/hf1000d_2000m/hf_cache/datasets/ccdv__govreport-summarization.json"", ""canonical"": ""summarization"", ""count"": 1, ""note"": """", ""raw"": ""summarization"", ""source"": ""dataset_card_task_category"", ""tier"": 3}, {""artifact"": ""ModelLakeFishing/stage1BuildTransferGraph/hf1000d_2000m/hf_cache/datasets/ccdv__govreport-summarization.json"", ""canonical"": null, ""count"": 1, ""note"": """", ""raw"": ""text-generation"", ""source"": ""dataset_card_task_category"", ""tier"": 3}, {""artifact"": ""ModelLakeFishing/stage1BuildTransferGraph/hf1000d_2000m/selected_1000_datasets.csv"", ""canonical"": ""summarization"", ""count"": 1, ""note"": """", ""raw"": ""summarization"", ""source"": ""inventory_task_category"", ""tier"": 3}, {""artifact"": ""ModelLakeFishing/stage1BuildTransferGraph/hf1000d_2000m/selected_1000_datasets.csv"", ""canonical"": null, ""count"": 1, ""note"": """", ""raw"": ""text-generation"", ""source"": ""inventory_task_category"", ""tier"": 3}]"
nanodbpedia,167,0,Other,retrieval,22,replace_Other_after_review,3,"[""dataset_card_task_category"", ""inventory_task_category""]","[{""artifact"": ""ModelLakeFishing/stage1BuildTransferGraph/hf1000d_2000m/hf_cache/models"", ""canonical"": null, ""count"": 3, ""note"": ""3 cached model files"", ""raw"": ""py-late-information-retrieval"", ""source"": ""model_index_task"", ""tier"": 1}, {""artifact"": ""ModelLakeFishing/stage1BuildTransferGraph/hf1000d_2000m/hf_cache/datasets/zeta-alpha-ai__NanoDBPedia.json"", ""canonical"": null, ""count"": 1, ""note"": """", ""raw"": ""document-retrieval"", ""source"": ""dataset_card_task_id"", ""tier"": 2}, {""artifact"": ""ModelLakeFishing/stage1BuildTransferGraph/hf1000d_2000m/selected_1000_datasets.csv"", ""canonical"": null, ""count"": 1, ""note"": """", ""raw"": ""document-retrieval"", ""source"": ""inventory_task_id"", ""tier"": 2}, {""artifact"": ""ModelLakeFishing/stage1BuildTransferGraph/hf1000d_2000m/hf_cache/datasets/zeta-alpha-ai__NanoDBPedia.json"", ""canonical"": ""retrieval"", ""count"": 1, ""note"": """", ""raw"": ""text-retrieval"", ""source"": ""dataset_card_task_category"", ""tier"": 3}, {""artifact"": ""ModelLakeFishing/stage1BuildTransferGraph/hf1000d_2000m/selected_1000_datasets.csv"", ""canonical"": ""retrieval"", ""count"": 1, ""note"": """", ""raw"": ""text-retrieval"", ""source"": ""inventory_task_category"", ""tier"": 3}]"
fineweb-atlas,168,0,Other,retrieval,22,replace_Other_after_review,3,"[""dataset_card_task_category"", ""inventory_task_category""]","[{""artifact"": ""ModelLakeFishing/stage1BuildTransferGraph/hf1000d_2000m/hf_cache/datasets/guidelabs__fineweb-atlas.json"", ""canonical"": null, ""count"": 1, ""note"": """", ""raw"": ""feature-extraction"", ""source"": ""dataset_card_task_category"", ""tier"": 3}, {""artifact"": ""ModelLakeFishing/stage1BuildTransferGraph/hf1000d_2000m/hf_cache/datasets/guidelabs__fineweb-atlas.json"", ""canonical"": null, ""count"": 1, ""note"": """", ""raw"": ""text-classification"", ""source"": ""dataset_card_task_category"", ""tier"": 3}, {""artifact"": ""ModelLakeFishing/stage1BuildTransferGraph/hf1000d_2000m/hf_cache/datasets/guidelabs__fineweb-atlas.json"", ""canonical"": ""retrieval"", ""count"": 1, ""note"": """", ""raw"": ""text-retrieval"", ""source"": ""dataset_card_task_category"", ""tier"": 3}, {""artifact"": ""ModelLakeFishing/stage1BuildTransferGraph/hf1000d_2000m/selected_1000_datasets.csv"", ""canonical"": null, ""count"": 1, ""note"": """", ""raw"": ""feature-extraction"", ""source"": ""inventory_task_category"", ""tier"": 3}, {""artifact"": ""ModelLakeFishing/stage1BuildTransferGraph/hf1000d_2000m/selected_1000_datasets.csv"", ""canonical"": null, ""count"": 1, ""note"": """", ""raw"": ""text-classification"", ""source"": ""inventory_task_category"", ""tier"": 3}, {""artifact"": ""ModelLakeFishing/stage1BuildTransferGraph/hf1000d_2000m/selected_1000_datasets.csv"", ""canonical"": ""retrieval"", ""count"": 1, ""note"": """", ""raw"": ""text-retrieval"", ""source"": ""inventory_task_category"", ""tier"": 3}]"
usa-immigration-law-qa,171,0,Other,question-answering,21,replace_Other_after_review,3,"[""dataset_card_task_category"", ""inventory_task_category""]","[{""artifact"": ""ModelLakeFishing/stage1BuildTransferGraph/hf1000d_2000m/hf_cache/datasets/nshportun__usa-immigration-law-qa.json"", ""canonical"": ""question-answering"", ""count"": 1, ""note"": """", ""raw"": ""question-answering"", ""source"": ""dataset_card_task_category"", ""tier"": 3}, {""artifact"": ""ModelLakeFishing/stage1BuildTransferGraph/hf1000d_2000m/hf_cache/datasets/nshportun__usa-immigration-law-qa.json"", ""canonical"": null, ""count"": 1, ""note"": """", ""raw"": ""text-generation"", ""source"": ""dataset_card_task_category"", ""tier"": 3}, {""artifact"": ""ModelLakeFishing/stage1BuildTransferGraph/hf1000d_2000m/selected_1000_datasets.csv"", ""canonical"": ""question-answering"", ""count"": 1, ""note"": """", ""raw"": ""question-answering"", ""source"": ""inventory_task_category"", ""tier"": 3}, {""artifact"": ""ModelLakeFishing/stage1BuildTransferGraph/hf1000d_2000m/selected_1000_datasets.csv"", ""canonical"": null, ""count"": 1, ""note"": """", ""raw"": ""text-generation"", ""source"": ""inventory_task_category"", ""tier"": 3}]"
yelp_polarity,172,0,Other,sentiment,3,replace_Other_after_review,2,"[""dataset_card_task_id"", ""dataset_identity"", ""inventory_task_id""]","[{""artifact"": ""ModelLakeFishing/stage1BuildTransferGraph/hf1000d_2000m/hf_cache/datasets/fancyzhx__yelp_polarity.json"", ""canonical"": ""sentiment"", ""count"": 1, ""note"": """", ""raw"": ""sentiment-classification"", ""source"": ""dataset_card_task_id"", ""tier"": 2}, {""artifact"": ""ModelLakeFishing/stage1BuildTransferGraph/hf1000d_2000m/hf_cache/datasets/fancyzhx__yelp_polarity.json"", ""canonical"": ""sentiment"", ""count"": 1, ""note"": ""precise identity rule; not open-ended card-text classification"", ""raw"": ""benchmark identity says sentiment/polarity classification"", ""source"": ""dataset_identity"", ""tier"": 2}, {""artifact"": ""ModelLakeFishing/stage1BuildTransferGraph/hf1000d_2000m/selected_1000_datasets.csv"", ""canonical"": ""sentiment"", ""count"": 1, ""note"": """", ""raw"": ""sentiment-classification"", ""source"": ""inventory_task_id"", ""tier"": 2}, {""artifact"": ""ModelLakeFishing/stage1BuildTransferGraph/hf1000d_2000m/hf_cache/datasets/fancyzhx__yelp_polarity.json"", ""canonical"": null, ""count"": 1, ""note"": """", ""raw"": ""text-classification"", ""source"": ""dataset_card_task_category"", ""tier"": 3}, {""artifact"": ""ModelLakeFishing/stage1BuildTransferGraph/hf1000d_2000m/selected_1000_datasets.csv"", ""canonical"": null, ""count"": 1, ""note"": """", ""raw"": ""text-classification"", ""source"": ""inventory_task_category"", ""tier"": 3}]"
medmcqa,176,0,Other,question-answering,21,replace_Other_after_review,2,"[""dataset_card_task_id"", ""inventory_task_id""]","[{""artifact"": ""ModelLakeFishing/stage1BuildTransferGraph/hf1000d_2000m/hf_cache/models"", ""canonical"": null, ""count"": 1, ""note"": ""1 cached model files"", ""raw"": ""text-generation"", ""source"": ""model_index_task"", ""tier"": 1}, {""artifact"": ""ModelLakeFishing/stage1BuildTransferGraph/hf1000d_2000m/hf_cache/datasets/openlifescienceai__medmcqa.json"", ""canonical"": ""question-answering"", ""count"": 1, ""note"": """", ""raw"": ""multiple-choice-qa"", ""source"": ""dataset_card_task_id"", ""tier"": 2}, {""artifact"": ""ModelLakeFishing/stage1BuildTransferGraph/hf1000d_2000m/hf_cache/datasets/openlifescienceai__medmcqa.json"", ""canonical"": ""question-answering"", ""count"": 1, ""note"": """", ""raw"": ""open-domain-qa"", ""source"": ""dataset_card_task_id"", ""tier"": 2}, {""artifact"": ""ModelLakeFishing/stage1BuildTransferGraph/hf1000d_2000m/selected_1000_datasets.csv"", ""canonical"": ""question-answering"", ""count"": 1, ""note"": """", ""raw"": ""multiple-choice-qa"", ""source"": ""inventory_task_id"", ""tier"": 2}, {""artifact"": ""ModelLakeFishing/stage1BuildTransferGraph/hf1000d_2000m/selected_1000_datasets.csv"", ""canonical"": ""question-answering"", ""count"": 1, ""note"": """", ""raw"": ""open-domain-qa"", ""source"": ""inventory_task_id"", ""tier"": 2}, {""artifact"": ""ModelLakeFishing/stage1BuildTransferGraph/hf1000d_2000m/hf_cache/datasets/openlifescienceai__medmcqa.json"", ""canonical"": null, ""count"": 1, ""note"": """", ""raw"": ""multiple-choice"", ""source"": ""dataset_card_task_category"", ""tier"": 3}, {""artifact"": ""ModelLakeFishing/stage1BuildTransferGraph/hf1000d_2000m/hf_cache/datasets/openlifescienceai__medmcqa.json"", ""canonical"": ""question-answering"", ""count"": 1, ""note"": """", ""raw"": ""question-answering"", ""source"": ""dataset_card_task_category"", ""tier"": 3}, {""artifact"": ""ModelLakeFishing/stage1BuildTransferGraph/hf1000d_2000m/selected_1000_datasets.csv"", ""canonical"": null, ""count"": 1, ""note"": """", ""raw"": ""multiple-choice"", ""source"": ""inventory_task_category"", ""tier"": 3}, {""artifact"": ""ModelLakeFishing/stage1BuildTransferGraph/hf1000d_2000m/selected_1000_datasets.csv"", ""canonical"": ""question-answering"", ""count"": 1, ""note"": """", ""raw"": ""question-answering"", ""source"": ""inventory_task_category"", ""tier"": 3}]"
hotpot_qa,178,0,Other,question-answering,21,replace_Other_after_review,1,"[""model_index_task""]","[{""artifact"": ""ModelLakeFishing/stage1BuildTransferGraph/hf1000d_2000m/hf_cache/models"", ""canonical"": ""question-answering"", ""count"": 1, ""note"": ""1 cached model files"", ""raw"": ""question-answering"", ""source"": ""model_index_task"", ""tier"": 1}, {""artifact"": ""ModelLakeFishing/stage1BuildTransferGraph/hf1000d_2000m/hf_cache/models"", ""canonical"": null, ""count"": 2, ""note"": ""2 cached model files"", ""raw"": ""text2text-generation"", ""source"": ""model_index_task"", ""tier"": 1}, {""artifact"": ""ModelLakeFishing/stage1BuildTransferGraph/hf1000d_2000m/hf_cache/datasets/hotpotqa__hotpot_qa.json"", ""canonical"": ""question-answering"", ""count"": 1, ""note"": """", ""raw"": ""question-answering"", ""source"": ""dataset_card_task_category"", ""tier"": 3}, {""artifact"": ""ModelLakeFishing/stage1BuildTransferGraph/hf1000d_2000m/selected_1000_datasets.csv"", ""canonical"": ""question-answering"", ""count"": 1, ""note"": """", ""raw"": ""question-answering"", ""source"": ""inventory_task_category"", ""tier"": 3}]"
pmc-clinical-vqa,183,0,Other,question-answering,21,replace_Other_after_review,3,"[""dataset_card_task_category"", ""inventory_task_category""]","[{""artifact"": ""ModelLakeFishing/stage1BuildTransferGraph/hf1000d_2000m/hf_cache/datasets/DermaVLM__PMC-Clinical-VQA.json"", ""canonical"": null, ""count"": 1, ""note"": """", ""raw"": ""image-text-to-text"", ""source"": ""dataset_card_task_category"", ""tier"": 3}, {""artifact"": ""ModelLakeFishing/stage1BuildTransferGraph/hf1000d_2000m/hf_cache/datasets/DermaVLM__PMC-Clinical-VQA.json"", ""canonical"": ""question-answering"", ""count"": 1, ""note"": """", ""raw"": ""visual-question-answering"", ""source"": ""dataset_card_task_category"", ""tier"": 3}, {""artifact"": ""ModelLakeFishing/stage1BuildTransferGraph/hf1000d_2000m/selected_1000_datasets.csv"", ""canonical"": null, ""count"": 1, ""note"": """", ""raw"": ""image-text-to-text"", ""source"": ""inventory_task_category"", ""tier"": 3}, {""artifact"": ""ModelLakeFishing/stage1BuildTransferGraph/hf1000d_2000m/selected_1000_datasets.csv"", ""canonical"": ""question-answering"", ""count"": 1, ""note"": """", ""raw"": ""visual-question-answering"", ""source"": ""inventory_task_category"", ""tier"": 3}]"
coqa,185,0,Other,question-answering,21,replace_Other_after_review,2,"[""dataset_card_task_id"", ""inventory_task_id""]","[{""artifact"": ""ModelLakeFishing/stage1BuildTransferGraph/hf1000d_2000m/hf_cache/datasets/stanfordnlp__coqa.json"", ""canonical"": ""question-answering"", ""count"": 1, ""note"": """", ""raw"": ""extractive-qa"", ""source"": ""dataset_card_task_id"", ""tier"": 2}, {""artifact"": ""ModelLakeFishing/stage1BuildTransferGraph/hf1000d_2000m/selected_1000_datasets.csv"", ""canonical"": ""question-answering"", ""count"": 1, ""note"": """", ""raw"": ""extractive-qa"", ""source"": ""inventory_task_id"", ""tier"": 2}, {""artifact"": ""ModelLakeFishing/stage1BuildTransferGraph/hf1000d_2000m/hf_cache/datasets/stanfordnlp__coqa.json"", ""canonical"": ""question-answering"", ""count"": 1, ""note"": """", ""raw"": ""question-answering"", ""source"": ""dataset_card_task_category"", ""tier"": 3}, {""artifact"": ""ModelLakeFishing/stage1BuildTransferGraph/hf1000d_2000m/selected_1000_datasets.csv"", ""canonical"": ""question-answering"", ""count"": 1, ""note"": """", ""raw"": ""question-answering"", ""source"": ""inventory_task_category"", ""tier"": 3}]"
longlamp,186,0,Other,summarization,24,replace_Other_after_review,3,"[""dataset_card_task_category"", ""inventory_task_category""]","[{""artifact"": ""ModelLakeFishing/stage1BuildTransferGraph/hf1000d_2000m/hf_cache/datasets/LongLaMP__LongLaMP.json"", ""canonical"": ""summarization"", ""count"": 1, ""note"": """", ""raw"": ""summarization"", ""source"": ""dataset_card_task_category"", ""tier"": 3}, {""artifact"": ""ModelLakeFishing/stage1BuildTransferGraph/hf1000d_2000m/hf_cache/datasets/LongLaMP__LongLaMP.json"", ""canonical"": null, ""count"": 1, ""note"": """", ""raw"": ""text-generation"", ""source"": ""dataset_card_task_category"", ""tier"": 3}, {""artifact"": ""ModelLakeFishing/stage1BuildTransferGraph/hf1000d_2000m/selected_1000_datasets.csv"", ""canonical"": ""summarization"", ""count"": 1, ""note"": """", ""raw"": ""summarization"", ""source"": ""inventory_task_category"", ""tier"": 3}, {""artifact"": ""ModelLakeFishing/stage1BuildTransferGraph/hf1000d_2000m/selected_1000_datasets.csv"", ""canonical"": null, ""count"": 1, ""note"": """", ""raw"": ""text-generation"", ""source"": ""inventory_task_category"", ""tier"": 3}]"
medical_questions_pairs,188,0,Other,semantic-similarity,23,replace_Other_after_review,2,"[""dataset_card_task_id"", ""inventory_task_id""]","[{""artifact"": ""ModelLakeFishing/stage1BuildTransferGraph/hf1000d_2000m/hf_cache/datasets/curaihealth__medical_questions_pairs.json"", ""canonical"": ""semantic-similarity"", ""count"": 1, ""note"": """", ""raw"": ""semantic-similarity-classification"", ""source"": ""dataset_card_task_id"", ""tier"": 2}, {""artifact"": ""ModelLakeFishing/stage1BuildTransferGraph/hf1000d_2000m/selected_1000_datasets.csv"", ""canonical"": ""semantic-similarity"", ""count"": 1, ""note"": """", ""raw"": ""semantic-similarity-classification"", ""source"": ""inventory_task_id"", ""tier"": 2}, {""artifact"": ""ModelLakeFishing/stage1BuildTransferGraph/hf1000d_2000m/hf_cache/datasets/curaihealth__medical_questions_pairs.json"", ""canonical"": null, ""count"": 1, ""note"": """", ""raw"": ""text-classification"", ""source"": ""dataset_card_task_category"", ""tier"": 3}, {""artifact"": ""ModelLakeFishing/stage1BuildTransferGraph/hf1000d_2000m/selected_1000_datasets.csv"", ""canonical"": null, ""count"": 1, ""note"": """", ""raw"": ""text-classification"", ""source"": ""inventory_task_category"", ""tier"": 3}]"
dialogsum,189,0,Other,summarization,24,replace_Other_after_review,3,"[""dataset_card_task_category"", ""inventory_task_category""]","[{""artifact"": ""ModelLakeFishing/stage1BuildTransferGraph/hf1000d_2000m/hf_cache/models"", ""canonical"": null, ""count"": 1, ""note"": ""1 cached model files"", ""raw"": ""abstractive-text-summarization"", ""source"": ""model_index_task"", ""tier"": 1}, {""artifact"": ""ModelLakeFishing/stage1BuildTransferGraph/hf1000d_2000m/hf_cache/models"", ""canonical"": null, ""count"": 1, ""note"": ""1 cached model files"", ""raw"": ""text2text-generation"", ""source"": ""model_index_task"", ""tier"": 1}, {""artifact"": ""ModelLakeFishing/stage1BuildTransferGraph/hf1000d_2000m/hf_cache/datasets/knkarthick__dialogsum.json"", ""canonical"": ""summarization"", ""count"": 1, ""note"": """", ""raw"": ""summarization"", ""source"": ""dataset_card_task_category"", ""tier"": 3}, {""artifact"": ""ModelLakeFishing/stage1BuildTransferGraph/hf1000d_2000m/hf_cache/datasets/knkarthick__dialogsum.json"", ""canonical"": null, ""count"": 1, ""note"": """", ""raw"": ""text-generation"", ""source"": ""dataset_card_task_category"", ""tier"": 3}, {""artifact"": ""ModelLakeFishing/stage1BuildTransferGraph/hf1000d_2000m/hf_cache/datasets/knkarthick__dialogsum.json"", ""canonical"": null, ""count"": 1, ""note"": """", ""raw"": ""text2text-generation"", ""source"": ""dataset_card_task_category"", ""tier"": 3}, {""artifact"": ""ModelLakeFishing/stage1BuildTransferGraph/hf1000d_2000m/selected_1000_datasets.csv"", ""canonical"": ""summarization"", ""count"": 1, ""note"": """", ""raw"": ""summarization"", ""source"": ""inventory_task_category"", ""tier"": 3}, {""artifact"": ""ModelLakeFishing/stage1BuildTransferGraph/hf1000d_2000m/selected_1000_datasets.csv"", ""canonical"": null, ""count"": 1, ""note"": """", ""raw"": ""text-generation"", ""source"": ""inventory_task_category"", ""tier"": 3}, {""artifact"": ""ModelLakeFishing/stage1BuildTransferGraph/hf1000d_2000m/selected_1000_datasets.csv"", ""canonical"": null, ""count"": 1, ""note"": """", ""raw"": ""text2text-generation"", ""source"": ""inventory_task_category"", ""tier"": 3}]"
ropes,190,0,Other,question-answering,21,replace_Other_after_review,2,"[""dataset_card_task_id"", ""inventory_task_id""]","[{""artifact"": ""ModelLakeFishing/stage1BuildTransferGraph/hf1000d_2000m/hf_cache/datasets/allenai__ropes.json"", ""canonical"": ""question-answering"", ""count"": 1, ""note"": """", ""raw"": ""extractive-qa"", ""source"": ""dataset_card_task_id"", ""tier"": 2}, {""artifact"": ""ModelLakeFishing/stage1BuildTransferGraph/hf1000d_2000m/selected_1000_datasets.csv"", ""canonical"": ""question-answering"", ""count"": 1, ""note"": """", ""raw"": ""extractive-qa"", ""source"": ""inventory_task_id"", ""tier"": 2}, {""artifact"": ""ModelLakeFishing/stage1BuildTransferGraph/hf1000d_2000m/hf_cache/datasets/allenai__ropes.json"", ""canonical"": ""question-answering"", ""count"": 1, ""note"": """", ""raw"": ""question-answering"", ""source"": ""dataset_card_task_category"", ""tier"": 3}, {""artifact"": ""ModelLakeFishing/stage1BuildTransferGraph/hf1000d_2000m/selected_1000_datasets.csv"", ""canonical"": ""question-answering"", ""count"": 1, ""note"": """", ""raw"": ""question-answering"", ""source"": ""inventory_task_category"", ""tier"": 3}]"
commit-chronicle,192,0,Other,summarization,24,replace_Other_after_review,3,"[""dataset_card_task_category"", ""inventory_task_category""]","[{""artifact"": ""ModelLakeFishing/stage1BuildTransferGraph/hf1000d_2000m/hf_cache/datasets/JetBrains-Research__commit-chronicle.json"", ""canonical"": ""summarization"", ""count"": 1, ""note"": """", ""raw"": ""summarization"", ""source"": ""dataset_card_task_category"", ""tier"": 3}, {""artifact"": ""ModelLakeFishing/stage1BuildTransferGraph/hf1000d_2000m/hf_cache/datasets/JetBrains-Research__commit-chronicle.json"", ""canonical"": null, ""count"": 1, ""note"": """", ""raw"": ""text-generation"", ""source"": ""dataset_card_task_category"", ""tier"": 3}, {""artifact"": ""ModelLakeFishing/stage1BuildTransferGraph/hf1000d_2000m/selected_1000_datasets.csv"", ""canonical"": ""summarization"", ""count"": 1, ""note"": """", ""raw"": ""summarization"", ""source"": ""inventory_task_category"", ""tier"": 3}, {""artifact"": ""ModelLakeFishing/stage1BuildTransferGraph/hf1000d_2000m/selected_1000_datasets.csv"", ""canonical"": null, ""count"": 1, ""note"": """", ""raw"": ""text-generation"", ""source"": ""inventory_task_category"", ""tier"": 3}]"
nanoarguana,193,0,Other,retrieval,22,replace_Other_after_review,3,"[""dataset_card_task_category"", ""inventory_task_category""]","[{""artifact"": ""ModelLakeFishing/stage1BuildTransferGraph/hf1000d_2000m/hf_cache/models"", ""canonical"": null, ""count"": 3, ""note"": ""3 cached model files"", ""raw"": ""py-late-information-retrieval"", ""source"": ""model_index_task"", ""tier"": 1}, {""artifact"": ""ModelLakeFishing/stage1BuildTransferGraph/hf1000d_2000m/hf_cache/datasets/zeta-alpha-ai__NanoArguAna.json"", ""canonical"": null, ""count"": 1, ""note"": """", ""raw"": ""document-retrieval"", ""source"": ""dataset_card_task_id"", ""tier"": 2}, {""artifact"": ""ModelLakeFishing/stage1BuildTransferGraph/hf1000d_2000m/selected_1000_datasets.csv"", ""canonical"": null, ""count"": 1, ""note"": """", ""raw"": ""document-retrieval"", ""source"": ""inventory_task_id"", ""tier"": 2}, {""artifact"": ""ModelLakeFishing/stage1BuildTransferGraph/hf1000d_2000m/hf_cache/datasets/zeta-alpha-ai__NanoArguAna.json"", ""canonical"": ""retrieval"", ""count"": 1, ""note"": """", ""raw"": ""text-retrieval"", ""source"": ""dataset_card_task_category"", ""tier"": 3}, {""artifact"": ""ModelLakeFishing/stage1BuildTransferGraph/hf1000d_2000m/selected_1000_datasets.csv"", ""canonical"": ""retrieval"", ""count"": 1, ""note"": """", ""raw"": ""text-retrieval"", ""source"": ""inventory_task_category"", ""tier"": 3}]"
trivia_qa,194,0,Other,question-answering,21,replace_Other_after_review,2,"[""dataset_card_task_id"", ""inventory_task_id""]","[{""artifact"": ""ModelLakeFishing/stage1BuildTransferGraph/hf1000d_2000m/hf_cache/datasets/mandarjoshi__trivia_qa.json"", ""canonical"": null, ""count"": 1, ""note"": """", ""raw"": ""abstractive-qa"", ""source"": ""dataset_card_task_id"", ""tier"": 2}, {""artifact"": ""ModelLakeFishing/stage1BuildTransferGraph/hf1000d_2000m/hf_cache/datasets/mandarjoshi__trivia_qa.json"", ""canonical"": ""question-answering"", ""count"": 1, ""note"": """", ""raw"": ""extractive-qa"", ""source"": ""dataset_card_task_id"", ""tier"": 2}, {""artifact"": ""ModelLakeFishing/stage1BuildTransferGraph/hf1000d_2000m/hf_cache/datasets/mandarjoshi__trivia_qa.json"", ""canonical"": null, ""count"": 1, ""note"": """", ""raw"": ""open-domain-abstractive-qa"", ""source"": ""dataset_card_task_id"", ""tier"": 2}, {""artifact"": ""ModelLakeFishing/stage1BuildTransferGraph/hf1000d_2000m/hf_cache/datasets/mandarjoshi__trivia_qa.json"", ""canonical"": ""question-answering"", ""count"": 1, ""note"": """", ""raw"": ""open-domain-qa"", ""source"": ""dataset_card_task_id"", ""tier"": 2}, {""artifact"": ""ModelLakeFishing/stage1BuildTransferGraph/hf1000d_2000m/selected_1000_datasets.csv"", ""canonical"": null, ""count"": 1, ""note"": """", ""raw"": ""abstractive-qa"", ""source"": ""inventory_task_id"", ""tier"": 2}, {""artifact"": ""ModelLakeFishing/stage1BuildTransferGraph/hf1000d_2000m/selected_1000_datasets.csv"", ""canonical"": ""question-answering"", ""count"": 1, ""note"": """", ""raw"": ""extractive-qa"", ""source"": ""inventory_task_id"", ""tier"": 2}, {""artifact"": ""ModelLakeFishing/stage1BuildTransferGraph/hf1000d_2000m/selected_1000_datasets.csv"", ""canonical"": null, ""count"": 1, ""note"": """", ""raw"": ""open-domain-abstractive-qa"", ""source"": ""inventory_task_id"", ""tier"": 2}, {""artifact"": ""ModelLakeFishing/stage1BuildTransferGraph/hf1000d_2000m/selected_1000_datasets.csv"", ""canonical"": ""question-answering"", ""count"": 1, ""note"": """", ""raw"": ""open-domain-qa"", ""source"": ""inventory_task_id"", ""tier"": 2}, {""artifact"": ""ModelLakeFishing/stage1BuildTransferGraph/hf1000d_2000m/hf_cache/datasets/mandarjoshi__trivia_qa.json"", ""canonical"": ""question-answering"", ""count"": 1, ""note"": """", ""raw"": ""question-answering"", ""source"": ""dataset_card_task_category"", ""tier"": 3}, {""artifact"": ""ModelLakeFishing/stage1BuildTransferGraph/hf1000d_2000m/hf_cache/datasets/mandarjoshi__trivia_qa.json"", ""canonical"": null, ""count"": 1, ""note"": """", ""raw"": ""text2text-generation"", ""source"": ""dataset_card_task_category"", ""tier"": 3}, {""artifact"": ""ModelLakeFishing/stage1BuildTransferGraph/hf1000d_2000m/selected_1000_datasets.csv"", ""canonical"": ""question-answering"", ""count"": 1, ""note"": """", ""raw"": ""question-answering"", ""source"": ""inventory_task_category"", ""tier"": 3}, {""artifact"": ""ModelLakeFishing/stage1BuildTransferGraph/hf1000d_2000m/selected_1000_datasets.csv"", ""canonical"": null, ""count"": 1, ""note"": """", ""raw"": ""text2text-generation"", ""source"": ""inventory_task_category"", ""tier"": 3}]"
norwegian-courts,195,0,Other,semantic-similarity,23,replace_Other_after_review,3,"[""dataset_card_task_category"", ""inventory_task_category""]","[{""artifact"": ""ModelLakeFishing/stage1BuildTransferGraph/hf1000d_2000m/hf_cache/datasets/kardosdrur__norwegian-courts.json"", ""canonical"": ""semantic-similarity"", ""count"": 1, ""note"": """", ""raw"": ""sentence-similarity"", ""source"": ""dataset_card_task_category"", ""tier"": 3}, {""artifact"": ""ModelLakeFishing/stage1BuildTransferGraph/hf1000d_2000m/selected_1000_datasets.csv"", ""canonical"": ""semantic-similarity"", ""count"": 1, ""note"": """", ""raw"": ""sentence-similarity"", ""source"": ""inventory_task_category"", ""tier"": 3}]"
nara_revolutionary_war_pension_files,196,0,Other,retrieval,22,replace_Other_after_review,3,"[""dataset_card_task_category"", ""inventory_task_category""]","[{""artifact"": ""ModelLakeFishing/stage1BuildTransferGraph/hf1000d_2000m/hf_cache/datasets/RevolutionCrossroads__nara_revolutionary_war_pension_files.json"", ""canonical"": null, ""count"": 1, ""note"": """", ""raw"": ""feature-extraction"", ""source"": ""dataset_card_task_category"", ""tier"": 3}, {""artifact"": ""ModelLakeFishing/stage1BuildTransferGraph/hf1000d_2000m/hf_cache/datasets/RevolutionCrossroads__nara_revolutionary_war_pension_files.json"", ""canonical"": null, ""count"": 1, ""note"": """", ""raw"": ""image-to-text"", ""source"": ""dataset_card_task_category"", ""tier"": 3}, {""artifact"": ""ModelLakeFishing/stage1BuildTransferGraph/hf1000d_2000m/hf_cache/datasets/RevolutionCrossroads__nara_revolutionary_war_pension_files.json"", ""canonical"": null, ""count"": 1, ""note"": """", ""raw"": ""text-classification"", ""source"": ""dataset_card_task_category"", ""tier"": 3}, {""artifact"": ""ModelLakeFishing/stage1BuildTransferGraph/hf1000d_2000m/hf_cache/datasets/RevolutionCrossroads__nara_revolutionary_war_pension_files.json"", ""canonical"": ""retrieval"", ""count"": 1, ""note"": """", ""raw"": ""text-retrieval"", ""source"": ""dataset_card_task_category"", ""tier"": 3}, {""artifact"": ""ModelLakeFishing/stage1BuildTransferGraph/hf1000d_2000m/selected_1000_datasets.csv"", ""canonical"": null, ""count"": 1, ""note"": """", ""raw"": ""feature-extraction"", ""source"": ""inventory_task_category"", ""tier"": 3}, {""artifact"": ""ModelLakeFishing/stage1BuildTransferGraph/hf1000d_2000m/selected_1000_datasets.csv"", ""canonical"": null, ""count"": 1, ""note"": """", ""raw"": ""image-to-text"", ""source"": ""inventory_task_category"", ""tier"": 3}, {""artifact"": ""ModelLakeFishing/stage1BuildTransferGraph/hf1000d_2000m/selected_1000_datasets.csv"", ""canonical"": null, ""count"": 1, ""note"": """", ""raw"": ""text-classification"", ""source"": ""inventory_task_category"", ""tier"": 3}, {""artifact"": ""ModelLakeFishing/stage1BuildTransferGraph/hf1000d_2000m/selected_1000_datasets.csv"", ""canonical"": ""retrieval"", ""count"": 1, ""note"": """", ""raw"": ""text-retrieval"", ""source"": ""inventory_task_category"", ""tier"": 3}]"
genius-song-lyrics-cleaned,197,0,Other,semantic-similarity,23,replace_Other_after_review,3,"[""dataset_card_task_category"", ""inventory_task_category""]","[{""artifact"": ""ModelLakeFishing/stage1BuildTransferGraph/hf1000d_2000m/hf_cache/datasets/Dr3dre__Genius-song-lyrics-cleaned.json"", ""canonical"": ""semantic-similarity"", ""count"": 1, ""note"": """", ""raw"": ""sentence-similarity"", ""source"": ""dataset_card_task_category"", ""tier"": 3}, {""artifact"": ""ModelLakeFishing/stage1BuildTransferGraph/hf1000d_2000m/hf_cache/datasets/Dr3dre__Genius-song-lyrics-cleaned.json"", ""canonical"": null, ""count"": 1, ""note"": """", ""raw"": ""text-classification"", ""source"": ""dataset_card_task_category"", ""tier"": 3}, {""artifact"": ""ModelLakeFishing/stage1BuildTransferGraph/hf1000d_2000m/selected_1000_datasets.csv"", ""canonical"": ""semantic-similarity"", ""count"": 1, ""note"": """", ""raw"": ""sentence-similarity"", ""source"": ""inventory_task_category"", ""tier"": 3}, {""artifact"": ""ModelLakeFishing/stage1BuildTransferGraph/hf1000d_2000m/selected_1000_datasets.csv"", ""canonical"": null, ""count"": 1, ""note"": """", ""raw"": ""text-classification"", ""source"": ""inventory_task_category"", ""tier"": 3}]"
arxiv_ppr_embeds,198,0,Other,summarization,24,replace_Other_after_review,3,"[""dataset_card_task_category"", ""inventory_task_category""]","[{""artifact"": ""ModelLakeFishing/stage1BuildTransferGraph/hf1000d_2000m/hf_cache/datasets/reichenbach__arxiv_ppr_embeds.json"", ""canonical"": ""summarization"", ""count"": 1, ""note"": """", ""raw"": ""summarization"", ""source"": ""dataset_card_task_category"", ""tier"": 3}, {""artifact"": ""ModelLakeFishing/stage1BuildTransferGraph/hf1000d_2000m/selected_1000_datasets.csv"", ""canonical"": ""summarization"", ""count"": 1, ""note"": """", ""raw"": ""summarization"", ""source"": ""inventory_task_category"", ""tier"": 3}]"
medical-o1-verifiable-problem,199,0,Other,question-answering,21,replace_Other_after_review,3,"[""dataset_card_task_category"", ""inventory_task_category""]","[{""artifact"": ""ModelLakeFishing/stage1BuildTransferGraph/hf1000d_2000m/hf_cache/datasets/FreedomIntelligence__medical-o1-verifiable-problem.json"", ""canonical"": ""question-answering"", ""count"": 1, ""note"": """", ""raw"": ""question-answering"", ""source"": ""dataset_card_task_category"", ""tier"": 3}, {""artifact"": ""ModelLakeFishing/stage1BuildTransferGraph/hf1000d_2000m/hf_cache/datasets/FreedomIntelligence__medical-o1-verifiable-problem.json"", ""canonical"": null, ""count"": 1, ""note"": """", ""raw"": ""text-generation"", ""source"": ""dataset_card_task_category"", ""tier"": 3}, {""artifact"": ""ModelLakeFishing/stage1BuildTransferGraph/hf1000d_2000m/selected_1000_datasets.csv"", ""canonical"": ""question-answering"", ""count"": 1, ""note"": """", ""raw"": ""question-answering"", ""source"": ""inventory_task_category"", ""tier"": 3}, {""artifact"": ""ModelLakeFishing/stage1BuildTransferGraph/hf1000d_2000m/selected_1000_datasets.csv"", ""canonical"": null, ""count"": 1, ""note"": """", ""raw"": ""text-generation"", ""source"": ""inventory_task_category"", ""tier"": 3}]"
billsum,201,0,Other,summarization,24,replace_Other_after_review,1,"[""model_index_task""]","[{""artifact"": ""ModelLakeFishing/stage1BuildTransferGraph/hf1000d_2000m/hf_cache/models"", ""canonical"": ""summarization"", ""count"": 6, ""note"": ""6 cached model files"", ""raw"": ""summarization"", ""source"": ""model_index_task"", ""tier"": 1}, {""artifact"": ""ModelLakeFishing/stage1BuildTransferGraph/hf1000d_2000m/hf_cache/models"", ""canonical"": null, ""count"": 77, ""note"": ""77 cached model files"", ""raw"": ""text2text-generation"", ""source"": ""model_index_task"", ""tier"": 1}, {""artifact"": ""ModelLakeFishing/stage1BuildTransferGraph/hf1000d_2000m/hf_cache/datasets/FiscalNote__billsum.json"", ""canonical"": ""summarization"", ""count"": 1, ""note"": """", ""raw"": ""summarization"", ""source"": ""dataset_card_task_category"", ""tier"": 3}, {""artifact"": ""ModelLakeFishing/stage1BuildTransferGraph/hf1000d_2000m/selected_1000_datasets.csv"", ""canonical"": ""summarization"", ""count"": 1, ""note"": """", ""raw"": ""summarization"", ""source"": ""inventory_task_category"", ""tier"": 3}]"
mm2_ninji,205,0,Other,retrieval,22,replace_Other_after_review,3,"[""dataset_card_task_category"", ""inventory_task_category""]","[{""artifact"": ""ModelLakeFishing/stage1BuildTransferGraph/hf1000d_2000m/hf_cache/datasets/TheGreatRambler__mm2_ninji.json"", ""canonical"": null, ""count"": 1, ""note"": """", ""raw"": ""object-detection"", ""source"": ""dataset_card_task_category"", ""tier"": 3}, {""artifact"": ""ModelLakeFishing/stage1BuildTransferGraph/hf1000d_2000m/hf_cache/datasets/TheGreatRambler__mm2_ninji.json"", ""canonical"": null, ""count"": 1, ""note"": """", ""raw"": ""other"", ""source"": ""dataset_card_task_category"", ""tier"": 3}, {""artifact"": ""ModelLakeFishing/stage1BuildTransferGraph/hf1000d_2000m/hf_cache/datasets/TheGreatRambler__mm2_ninji.json"", ""canonical"": null, ""count"": 1, ""note"": """", ""raw"": ""text-generation"", ""source"": ""dataset_card_task_category"", ""tier"": 3}, {""artifact"": ""ModelLakeFishing/stage1BuildTransferGraph/hf1000d_2000m/hf_cache/datasets/TheGreatRambler__mm2_ninji.json"", ""canonical"": ""retrieval"", ""count"": 1, ""note"": """", ""raw"": ""text-retrieval"", ""source"": ""dataset_card_task_category"", ""tier"": 3}, {""artifact"": ""ModelLakeFishing/stage1BuildTransferGraph/hf1000d_2000m/hf_cache/datasets/TheGreatRambler__mm2_ninji.json"", ""canonical"": null, ""count"": 1, ""note"": """", ""raw"": ""token-classification"", ""source"": ""dataset_card_task_category"", ""tier"": 3}, {""artifact"": ""ModelLakeFishing/stage1BuildTransferGraph/hf1000d_2000m/selected_1000_datasets.csv"", ""canonical"": null, ""count"": 1, ""note"": """", ""raw"": ""object-detection"", ""source"": ""inventory_task_category"", ""tier"": 3}, {""artifact"": ""ModelLakeFishing/stage1BuildTransferGraph/hf1000d_2000m/selected_1000_datasets.csv"", ""canonical"": null, ""count"": 1, ""note"": """", ""raw"": ""other"", ""source"": ""inventory_task_category"", ""tier"": 3}, {""artifact"": ""ModelLakeFishing/stage1BuildTransferGraph/hf1000d_2000m/selected_1000_datasets.csv"", ""canonical"": null, ""count"": 1, ""note"": """", ""raw"": ""text-generation"", ""source"": ""inventory_task_category"", ""tier"": 3}, {""artifact"": ""ModelLakeFishing/stage1BuildTransferGraph/hf1000d_2000m/selected_1000_datasets.csv"", ""canonical"": ""retrieval"", ""count"": 1, ""note"": """", ""raw"": ""text-retrieval"", ""source"": ""inventory_task_category"", ""tier"": 3}, {""artifact"": ""ModelLakeFishing/stage1BuildTransferGraph/hf1000d_2000m/selected_1000_datasets.csv"", ""canonical"": null, ""count"": 1, ""note"": """", ""raw"": ""token-classification"", ""source"": ""inventory_task_category"", ""tier"": 3}]"
norquad,206,0,Other,question-answering,21,replace_Other_after_review,3,"[""dataset_card_task_category"", ""inventory_task_category""]","[{""artifact"": ""ModelLakeFishing/stage1BuildTransferGraph/hf1000d_2000m/hf_cache/datasets/ltg__norquad.json"", ""canonical"": ""question-answering"", ""count"": 1, ""note"": """", ""raw"": ""question-answering"", ""source"": ""dataset_card_task_category"", ""tier"": 3}, {""artifact"": ""ModelLakeFishing/stage1BuildTransferGraph/hf1000d_2000m/selected_1000_datasets.csv"", ""canonical"": ""question-answering"", ""count"": 1, ""note"": """", ""raw"": ""question-answering"", ""source"": ""inventory_task_category"", ""tier"": 3}]"
mm2_level,207,0,Other,retrieval,22,replace_Other_after_review,3,"[""dataset_card_task_category"", ""inventory_task_category""]","[{""artifact"": ""ModelLakeFishing/stage1BuildTransferGraph/hf1000d_2000m/hf_cache/datasets/TheGreatRambler__mm2_level.json"", ""canonical"": null, ""count"": 1, ""note"": """", ""raw"": ""object-detection"", ""source"": ""dataset_card_task_category"", ""tier"": 3}, {""artifact"": ""ModelLakeFishing/stage1BuildTransferGraph/hf1000d_2000m/hf_cache/datasets/TheGreatRambler__mm2_level.json"", ""canonical"": null, ""count"": 1, ""note"": """", ""raw"": ""other"", ""source"": ""dataset_card_task_category"", ""tier"": 3}, {""artifact"": ""ModelLakeFishing/stage1BuildTransferGraph/hf1000d_2000m/hf_cache/datasets/TheGreatRambler__mm2_level.json"", ""canonical"": null, ""count"": 1, ""note"": """", ""raw"": ""text-generation"", ""source"": ""dataset_card_task_category"", ""tier"": 3}, {""artifact"": ""ModelLakeFishing/stage1BuildTransferGraph/hf1000d_2000m/hf_cache/datasets/TheGreatRambler__mm2_level.json"", ""canonical"": ""retrieval"", ""count"": 1, ""note"": """", ""raw"": ""text-retrieval"", ""source"": ""dataset_card_task_category"", ""tier"": 3}, {""artifact"": ""ModelLakeFishing/stage1BuildTransferGraph/hf1000d_2000m/hf_cache/datasets/TheGreatRambler__mm2_level.json"", ""canonical"": null, ""count"": 1, ""note"": """", ""raw"": ""token-classification"", ""source"": ""dataset_card_task_category"", ""tier"": 3}, {""artifact"": ""ModelLakeFishing/stage1BuildTransferGraph/hf1000d_2000m/selected_1000_datasets.csv"", ""canonical"": null, ""count"": 1, ""note"": """", ""raw"": ""object-detection"", ""source"": ""inventory_task_category"", ""tier"": 3}, {""artifact"": ""ModelLakeFishing/stage1BuildTransferGraph/hf1000d_2000m/selected_1000_datasets.csv"", ""canonical"": null, ""count"": 1, ""note"": """", ""raw"": ""other"", ""source"": ""inventory_task_category"", ""tier"": 3}, {""artifact"": ""ModelLakeFishing/stage1BuildTransferGraph/hf1000d_2000m/selected_1000_datasets.csv"", ""canonical"": null, ""count"": 1, ""note"": """", ""raw"": ""text-generation"", ""source"": ""inventory_task_category"", ""tier"": 3}, {""artifact"": ""ModelLakeFishing/stage1BuildTransferGraph/hf1000d_2000m/selected_1000_datasets.csv"", ""canonical"": ""retrieval"", ""count"": 1, ""note"": """", ""raw"": ""text-retrieval"", ""source"": ""inventory_task_category"", ""tier"": 3}, {""artifact"": ""ModelLakeFishing/stage1BuildTransferGraph/hf1000d_2000m/selected_1000_datasets.csv"", ""canonical"": null, ""count"": 1, ""note"": """", ""raw"": ""token-classification"", ""source"": ""inventory_task_category"", ""tier"": 3}]"
argimi-ardian-finance-10k-text,208,0,Other,retrieval,22,replace_Other_after_review,3,"[""dataset_card_task_category"", ""inventory_task_category""]","[{""artifact"": ""ModelLakeFishing/stage1BuildTransferGraph/hf1000d_2000m/hf_cache/datasets/artefactory__Argimi-Ardian-Finance-10k-text.json"", ""canonical"": null, ""count"": 1, ""note"": """", ""raw"": ""text-generation"", ""source"": ""dataset_card_task_category"", ""tier"": 3}, {""artifact"": ""ModelLakeFishing/stage1BuildTransferGraph/hf1000d_2000m/hf_cache/datasets/artefactory__Argimi-Ardian-Finance-10k-text.json"", ""canonical"": ""retrieval"", ""count"": 1, ""note"": """", ""raw"": ""text-retrieval"", ""source"": ""dataset_card_task_category"", ""tier"": 3}, {""artifact"": ""ModelLakeFishing/stage1BuildTransferGraph/hf1000d_2000m/selected_1000_datasets.csv"", ""canonical"": null, ""count"": 1, ""note"": """", ""raw"": ""text-generation"", ""source"": ""inventory_task_category"", ""tier"": 3}, {""artifact"": ""ModelLakeFishing/stage1BuildTransferGraph/hf1000d_2000m/selected_1000_datasets.csv"", ""canonical"": ""retrieval"", ""count"": 1, ""note"": """", ""raw"": ""text-retrieval"", ""source"": ""inventory_task_category"", ""tier"": 3}]"
nanofiqa2018,212,0,Other,retrieval,22,replace_Other_after_review,3,"[""dataset_card_task_category"", ""inventory_task_category""]","[{""artifact"": ""ModelLakeFishing/stage1BuildTransferGraph/hf1000d_2000m/hf_cache/models"", ""canonical"": null, ""count"": 3, ""note"": ""3 cached model files"", ""raw"": ""py-late-information-retrieval"", ""source"": ""model_index_task"", ""tier"": 1}, {""artifact"": ""ModelLakeFishing/stage1BuildTransferGraph/hf1000d_2000m/hf_cache/datasets/zeta-alpha-ai__NanoFiQA2018.json"", ""canonical"": null, ""count"": 1, ""note"": """", ""raw"": ""document-retrieval"", ""source"": ""dataset_card_task_id"", ""tier"": 2}, {""artifact"": ""ModelLakeFishing/stage1BuildTransferGraph/hf1000d_2000m/selected_1000_datasets.csv"", ""canonical"": null, ""count"": 1, ""note"": """", ""raw"": ""document-retrieval"", ""source"": ""inventory_task_id"", ""tier"": 2}, {""artifact"": ""ModelLakeFishing/stage1BuildTransferGraph/hf1000d_2000m/hf_cache/datasets/zeta-alpha-ai__NanoFiQA2018.json"", ""canonical"": ""retrieval"", ""count"": 1, ""note"": """", ""raw"": ""text-retrieval"", ""source"": ""dataset_card_task_category"", ""tier"": 3}, {""artifact"": ""ModelLakeFishing/stage1BuildTransferGraph/hf1000d_2000m/selected_1000_datasets.csv"", ""canonical"": ""retrieval"", ""count"": 1, ""note"": """", ""raw"": ""text-retrieval"", ""source"": ""inventory_task_category"", ""tier"": 3}]"
code_x_glue_ct_code_to_text,213,0,Other,translation,25,replace_Other_after_review,3,"[""dataset_card_task_category"", ""inventory_task_category""]","[{""artifact"": ""ModelLakeFishing/stage1BuildTransferGraph/hf1000d_2000m/hf_cache/models"", ""canonical"": null, ""count"": 1, ""note"": ""1 cached model files"", ""raw"": ""text-generation"", ""source"": ""model_index_task"", ""tier"": 1}, {""artifact"": ""ModelLakeFishing/stage1BuildTransferGraph/hf1000d_2000m/hf_cache/datasets/google__code_x_glue_ct_code_to_text.json"", ""canonical"": ""translation"", ""count"": 1, ""note"": """", ""raw"": ""translation"", ""source"": ""dataset_card_task_category"", ""tier"": 3}, {""artifact"": ""ModelLakeFishing/stage1BuildTransferGraph/hf1000d_2000m/selected_1000_datasets.csv"", ""canonical"": ""translation"", ""count"": 1, ""note"": """", ""raw"": ""translation"", ""source"": ""inventory_task_category"", ""tier"": 3}]"
python-text-training-instruct-ai,215,0,Other,question-answering,21,replace_Other_after_review,3,"[""dataset_card_task_category"", ""inventory_task_category""]","[{""artifact"": ""ModelLakeFishing/stage1BuildTransferGraph/hf1000d_2000m/hf_cache/datasets/DevShubham__python-text-training-instruct-ai.json"", ""canonical"": null, ""count"": 1, ""note"": """", ""raw"": ""parsing"", ""source"": ""dataset_card_task_id"", ""tier"": 2}, {""artifact"": ""ModelLakeFishing/stage1BuildTransferGraph/hf1000d_2000m/selected_1000_datasets.csv"", ""canonical"": null, ""count"": 1, ""note"": """", ""raw"": ""parsing"", ""source"": ""inventory_task_id"", ""tier"": 2}, {""artifact"": ""ModelLakeFishing/stage1BuildTransferGraph/hf1000d_2000m/hf_cache/datasets/DevShubham__python-text-training-instruct-ai.json"", ""canonical"": ""question-answering"", ""count"": 1, ""note"": """", ""raw"": ""question-answering"", ""source"": ""dataset_card_task_category"", ""tier"": 3}, {""artifact"": ""ModelLakeFishing/stage1BuildTransferGraph/hf1000d_2000m/hf_cache/datasets/DevShubham__python-text-training-instruct-ai.json"", ""canonical"": null, ""count"": 1, ""note"": """", ""raw"": ""text-generation"", ""source"": ""dataset_card_task_category"", ""tier"": 3}, {""artifact"": ""ModelLakeFishing/stage1BuildTransferGraph/hf1000d_2000m/selected_1000_datasets.csv"", ""canonical"": ""question-answering"", ""count"": 1, ""note"": """", ""raw"": ""question-answering"", ""source"": ""inventory_task_category"", ""tier"": 3}, {""artifact"": ""ModelLakeFishing/stage1BuildTransferGraph/hf1000d_2000m/selected_1000_datasets.csv"", ""canonical"": null, ""count"": 1, ""note"": """", ""raw"": ""text-generation"", ""source"": ""inventory_task_category"", ""tier"": 3}]"
allocine,217,0,Other,sentiment,3,replace_Other_after_review,2,"[""dataset_card_task_id"", ""dataset_identity"", ""inventory_task_id""]","[{""artifact"": ""ModelLakeFishing/stage1BuildTransferGraph/hf1000d_2000m/hf_cache/datasets/tblard__allocine.json"", ""canonical"": ""sentiment"", ""count"": 1, ""note"": """", ""raw"": ""sentiment-classification"", ""source"": ""dataset_card_task_id"", ""tier"": 2}, {""artifact"": ""ModelLakeFishing/stage1BuildTransferGraph/hf1000d_2000m/hf_cache/datasets/tblard__allocine.json"", ""canonical"": ""sentiment"", ""count"": 1, ""note"": ""precise identity rule; not open-ended card-text classification"", ""raw"": ""benchmark identity says sentiment/polarity classification"", ""source"": ""dataset_identity"", ""tier"": 2}, {""artifact"": ""ModelLakeFishing/stage1BuildTransferGraph/hf1000d_2000m/selected_1000_datasets.csv"", ""canonical"": ""sentiment"", ""count"": 1, ""note"": """", ""raw"": ""sentiment-classification"", ""source"": ""inventory_task_id"", ""tier"": 2}, {""artifact"": ""ModelLakeFishing/stage1BuildTransferGraph/hf1000d_2000m/hf_cache/datasets/tblard__allocine.json"", ""canonical"": null, ""count"": 1, ""note"": """", ""raw"": ""text-classification"", ""source"": ""dataset_card_task_category"", ""tier"": 3}, {""artifact"": ""ModelLakeFishing/stage1BuildTransferGraph/hf1000d_2000m/selected_1000_datasets.csv"", ""canonical"": null, ""count"": 1, ""note"": """", ""raw"": ""text-classification"", ""source"": ""inventory_task_category"", ""tier"": 3}]"
messirve,220,0,Other,retrieval,22,replace_Other_after_review,3,"[""dataset_card_task_category"", ""inventory_task_category""]","[{""artifact"": ""ModelLakeFishing/stage1BuildTransferGraph/hf1000d_2000m/hf_cache/datasets/spanish-ir__messirve.json"", ""canonical"": ""retrieval"", ""count"": 1, ""note"": """", ""raw"": ""text-retrieval"", ""source"": ""dataset_card_task_category"", ""tier"": 3}, {""artifact"": ""ModelLakeFishing/stage1BuildTransferGraph/hf1000d_2000m/selected_1000_datasets.csv"", ""canonical"": ""retrieval"", ""count"": 1, ""note"": """", ""raw"": ""text-retrieval"", ""source"": ""inventory_task_category"", ""tier"": 3}]"
wikipedia-questions,221,0,Other,semantic-similarity,23,replace_Other_after_review,3,"[""dataset_card_task_category"", ""inventory_task_category""]","[{""artifact"": ""ModelLakeFishing/stage1BuildTransferGraph/hf1000d_2000m/hf_cache/datasets/NetherlandsForensicInstitute__wikipedia-questions.json"", ""canonical"": null, ""count"": 1, ""note"": """", ""raw"": ""feature-extraction"", ""source"": ""dataset_card_task_category"", ""tier"": 3}, {""artifact"": ""ModelLakeFishing/stage1BuildTransferGraph/hf1000d_2000m/hf_cache/datasets/NetherlandsForensicInstitute__wikipedia-questions.json"", ""canonical"": ""semantic-similarity"", ""count"": 1, ""note"": """", ""raw"": ""sentence-similarity"", ""source"": ""dataset_card_task_category"", ""tier"": 3}, {""artifact"": ""ModelLakeFishing/stage1BuildTransferGraph/hf1000d_2000m/selected_1000_datasets.csv"", ""canonical"": null, ""count"": 1, ""note"": """", ""raw"": ""feature-extraction"", ""source"": ""inventory_task_category"", ""tier"": 3}, {""artifact"": ""ModelLakeFishing/stage1BuildTransferGraph/hf1000d_2000m/selected_1000_datasets.csv"", ""canonical"": ""semantic-similarity"", ""count"": 1, ""note"": """", ""raw"": ""sentence-similarity"", ""source"": ""inventory_task_category"", ""tier"": 3}]"
quartz,222,0,Other,question-answering,21,replace_Other_after_review,2,"[""dataset_card_task_id"", ""inventory_task_id""]","[{""artifact"": ""ModelLakeFishing/stage1BuildTransferGraph/hf1000d_2000m/hf_cache/datasets/allenai__quartz.json"", ""canonical"": ""question-answering"", ""count"": 1, ""note"": """", ""raw"": ""extractive-qa"", ""source"": ""dataset_card_task_id"", ""tier"": 2}, {""artifact"": ""ModelLakeFishing/stage1BuildTransferGraph/hf1000d_2000m/hf_cache/datasets/allenai__quartz.json"", ""canonical"": ""question-answering"", ""count"": 1, ""note"": """", ""raw"": ""open-domain-qa"", ""source"": ""dataset_card_task_id"", ""tier"": 2}, {""artifact"": ""ModelLakeFishing/stage1BuildTransferGraph/hf1000d_2000m/selected_1000_datasets.csv"", ""canonical"": ""question-answering"", ""count"": 1, ""note"": """", ""raw"": ""extractive-qa"", ""source"": ""inventory_task_id"", ""tier"": 2}, {""artifact"": ""ModelLakeFishing/stage1BuildTransferGraph/hf1000d_2000m/selected_1000_datasets.csv"", ""canonical"": ""question-answering"", ""count"": 1, ""note"": """", ""raw"": ""open-domain-qa"", ""source"": ""inventory_task_id"", ""tier"": 2}, {""artifact"": ""ModelLakeFishing/stage1BuildTransferGraph/hf1000d_2000m/hf_cache/datasets/allenai__quartz.json"", ""canonical"": ""question-answering"", ""count"": 1, ""note"": """", ""raw"": ""question-answering"", ""source"": ""dataset_card_task_category"", ""tier"": 3}, {""artifact"": ""ModelLakeFishing/stage1BuildTransferGraph/hf1000d_2000m/selected_1000_datasets.csv"", ""canonical"": ""question-answering"", ""count"": 1, ""note"": """", ""raw"": ""question-answering"", ""source"": ""inventory_task_category"", ""tier"": 3}]"
kormedmcqa,223,0,Other,question-answering,21,replace_Other_after_review,3,"[""dataset_card_task_category"", ""inventory_task_category""]","[{""artifact"": ""ModelLakeFishing/stage1BuildTransferGraph/hf1000d_2000m/hf_cache/datasets/sean0042__KorMedMCQA.json"", ""canonical"": ""question-answering"", ""count"": 1, ""note"": """", ""raw"": ""question-answering"", ""source"": ""dataset_card_task_category"", ""tier"": 3}, {""artifact"": ""ModelLakeFishing/stage1BuildTransferGraph/hf1000d_2000m/selected_1000_datasets.csv"", ""canonical"": ""question-answering"", ""count"": 1, ""note"": """", ""raw"": ""question-answering"", ""source"": ""inventory_task_category"", ""tier"": 3}]"
paracrawl_context,224,0,Other,translation,25,replace_Other_after_review,3,"[""dataset_card_task_category"", ""inventory_task_category""]","[{""artifact"": ""ModelLakeFishing/stage1BuildTransferGraph/hf1000d_2000m/hf_cache/datasets/Proyag__paracrawl_context.json"", ""canonical"": ""translation"", ""count"": 1, ""note"": """", ""raw"": ""translation"", ""source"": ""dataset_card_task_category"", ""tier"": 3}, {""artifact"": ""ModelLakeFishing/stage1BuildTransferGraph/hf1000d_2000m/selected_1000_datasets.csv"", ""canonical"": ""translation"", ""count"": 1, ""note"": """", ""raw"": ""translation"", ""source"": ""inventory_task_category"", ""tier"": 3}]"
cmrc2018,225,0,Other,question-answering,21,replace_Other_after_review,2,"[""dataset_card_task_id"", ""inventory_task_id""]","[{""artifact"": ""ModelLakeFishing/stage1BuildTransferGraph/hf1000d_2000m/hf_cache/datasets/hfl__cmrc2018.json"", ""canonical"": ""question-answering"", ""count"": 1, ""note"": """", ""raw"": ""extractive-qa"", ""source"": ""dataset_card_task_id"", ""tier"": 2}, {""artifact"": ""ModelLakeFishing/stage1BuildTransferGraph/hf1000d_2000m/selected_1000_datasets.csv"", ""canonical"": ""question-answering"", ""count"": 1, ""note"": """", ""raw"": ""extractive-qa"", ""source"": ""inventory_task_id"", ""tier"": 2}, {""artifact"": ""ModelLakeFishing/stage1BuildTransferGraph/hf1000d_2000m/hf_cache/datasets/hfl__cmrc2018.json"", ""canonical"": ""question-answering"", ""count"": 1, ""note"": """", ""raw"": ""question-answering"", ""source"": ""dataset_card_task_category"", ""tier"": 3}, {""artifact"": ""ModelLakeFishing/stage1BuildTransferGraph/hf1000d_2000m/selected_1000_datasets.csv"", ""canonical"": ""question-answering"", ""count"": 1, ""note"": """", ""raw"": ""question-answering"", ""source"": ""inventory_task_category"", ""tier"": 3}]"
nq_open,226,0,Other,question-answering,21,replace_Other_after_review,2,"[""dataset_card_task_id"", ""inventory_task_id""]","[{""artifact"": ""ModelLakeFishing/stage1BuildTransferGraph/hf1000d_2000m/hf_cache/datasets/google-research-datasets__nq_open.json"", ""canonical"": ""question-answering"", ""count"": 1, ""note"": """", ""raw"": ""open-domain-qa"", ""source"": ""dataset_card_task_id"", ""tier"": 2}, {""artifact"": ""ModelLakeFishing/stage1BuildTransferGraph/hf1000d_2000m/selected_1000_datasets.csv"", ""canonical"": ""question-answering"", ""count"": 1, ""note"": """", ""raw"": ""open-domain-qa"", ""source"": ""inventory_task_id"", ""tier"": 2}, {""artifact"": ""ModelLakeFishing/stage1BuildTransferGraph/hf1000d_2000m/hf_cache/datasets/google-research-datasets__nq_open.json"", ""canonical"": ""question-answering"", ""count"": 1, ""note"": """", ""raw"": ""question-answering"", ""source"": ""dataset_card_task_category"", ""tier"": 3}, {""artifact"": ""ModelLakeFishing/stage1BuildTransferGraph/hf1000d_2000m/selected_1000_datasets.csv"", ""canonical"": ""question-answering"", ""count"": 1, ""note"": """", ""raw"": ""question-answering"", ""source"": ""inventory_task_category"", ""tier"": 3}]"
bigpatent-all,227,0,Other,summarization,24,replace_Other_after_review,3,"[""dataset_card_task_category"", ""inventory_task_category""]","[{""artifact"": ""ModelLakeFishing/stage1BuildTransferGraph/hf1000d_2000m/hf_cache/datasets/BEE-spoke-data__bigpatent-all.json"", ""canonical"": ""summarization"", ""count"": 1, ""note"": """", ""raw"": ""summarization"", ""source"": ""dataset_card_task_category"", ""tier"": 3}, {""artifact"": ""ModelLakeFishing/stage1BuildTransferGraph/hf1000d_2000m/hf_cache/datasets/BEE-spoke-data__bigpatent-all.json"", ""canonical"": null, ""count"": 1, ""note"": """", ""raw"": ""text2text-generation"", ""source"": ""dataset_card_task_category"", ""tier"": 3}, {""artifact"": ""ModelLakeFishing/stage1BuildTransferGraph/hf1000d_2000m/selected_1000_datasets.csv"", ""canonical"": ""summarization"", ""count"": 1, ""note"": """", ""raw"": ""summarization"", ""source"": ""inventory_task_category"", ""tier"": 3}, {""artifact"": ""ModelLakeFishing/stage1BuildTransferGraph/hf1000d_2000m/selected_1000_datasets.csv"", ""canonical"": null, ""count"": 1, ""note"": """", ""raw"": ""text2text-generation"", ""source"": ""inventory_task_category"", ""tier"": 3}]"
rework_undl_text,229,0,Other,translation,25,replace_Other_after_review,3,"[""dataset_card_task_category"", ""inventory_task_category""]","[{""artifact"": ""ModelLakeFishing/stage1BuildTransferGraph/hf1000d_2000m/hf_cache/datasets/bot-yaya__rework_undl_text.json"", ""canonical"": ""translation"", ""count"": 1, ""note"": """", ""raw"": ""translation"", ""source"": ""dataset_card_task_category"", ""tier"": 3}, {""artifact"": ""ModelLakeFishing/stage1BuildTransferGraph/hf1000d_2000m/selected_1000_datasets.csv"", ""canonical"": ""translation"", ""count"": 1, ""note"": """", ""raw"": ""translation"", ""source"": ""inventory_task_category"", ""tier"": 3}]"
fiqa,230,0,Other,retrieval,22,replace_Other_after_review,1,"[""model_index_task""]","[{""artifact"": ""ModelLakeFishing/stage1BuildTransferGraph/hf1000d_2000m/hf_cache/models"", ""canonical"": ""retrieval"", ""count"": 731, ""note"": ""717 cached model files"", ""raw"": ""Retrieval"", ""source"": ""model_index_task"", ""tier"": 1}, {""artifact"": ""ModelLakeFishing/stage1BuildTransferGraph/hf1000d_2000m/hf_cache/datasets/mteb__fiqa.json"", ""canonical"": ""question-answering"", ""count"": 1, ""note"": """", ""raw"": ""multiple-choice-qa"", ""source"": ""dataset_card_task_id"", ""tier"": 2}, {""artifact"": ""ModelLakeFishing/stage1BuildTransferGraph/hf1000d_2000m/selected_1000_datasets.csv"", ""canonical"": ""question-answering"", ""count"": 1, ""note"": """", ""raw"": ""multiple-choice-qa"", ""source"": ""inventory_task_id"", ""tier"": 2}, {""artifact"": ""ModelLakeFishing/stage1BuildTransferGraph/hf1000d_2000m/hf_cache/datasets/mteb__fiqa.json"", ""canonical"": ""retrieval"", ""count"": 1, ""note"": """", ""raw"": ""text-retrieval"", ""source"": ""dataset_card_task_category"", ""tier"": 3}, {""artifact"": ""ModelLakeFishing/stage1BuildTransferGraph/hf1000d_2000m/selected_1000_datasets.csv"", ""canonical"": ""retrieval"", ""count"": 1, ""note"": """", ""raw"": ""text-retrieval"", ""source"": ""inventory_task_category"", ""tier"": 3}]"
esci,231,0,Other,retrieval,22,replace_Other_after_review,3,"[""dataset_card_task_category"", ""inventory_task_category""]","[{""artifact"": ""ModelLakeFishing/stage1BuildTransferGraph/hf1000d_2000m/hf_cache/datasets/tasksource__esci.json"", ""canonical"": null, ""count"": 1, ""note"": """", ""raw"": ""text-classification"", ""source"": ""dataset_card_task_category"", ""tier"": 3}, {""artifact"": ""ModelLakeFishing/stage1BuildTransferGraph/hf1000d_2000m/hf_cache/datasets/tasksource__esci.json"", ""canonical"": ""retrieval"", ""count"": 1, ""note"": """", ""raw"": ""text-retrieval"", ""source"": ""dataset_card_task_category"", ""tier"": 3}, {""artifact"": ""ModelLakeFishing/stage1BuildTransferGraph/hf1000d_2000m/selected_1000_datasets.csv"", ""canonical"": null, ""count"": 1, ""note"": """", ""raw"": ""text-classification"", ""source"": ""inventory_task_category"", ""tier"": 3}, {""artifact"": ""ModelLakeFishing/stage1BuildTransferGraph/hf1000d_2000m/selected_1000_datasets.csv"", ""canonical"": ""retrieval"", ""count"": 1, ""note"": """", ""raw"": ""text-retrieval"", ""source"": ""inventory_task_category"", ""tier"": 3}]"
nanoclimatefever,232,0,Other,retrieval,22,replace_Other_after_review,3,"[""dataset_card_task_category"", ""inventory_task_category""]","[{""artifact"": ""ModelLakeFishing/stage1BuildTransferGraph/hf1000d_2000m/hf_cache/models"", ""canonical"": null, ""count"": 3, ""note"": ""3 cached model files"", ""raw"": ""py-late-information-retrieval"", ""source"": ""model_index_task"", ""tier"": 1}, {""artifact"": ""ModelLakeFishing/stage1BuildTransferGraph/hf1000d_2000m/hf_cache/datasets/zeta-alpha-ai__NanoClimateFEVER.json"", ""canonical"": null, ""count"": 1, ""note"": """", ""raw"": ""document-retrieval"", ""source"": ""dataset_card_task_id"", ""tier"": 2}, {""artifact"": ""ModelLakeFishing/stage1BuildTransferGraph/hf1000d_2000m/selected_1000_datasets.csv"", ""canonical"": null, ""count"": 1, ""note"": """", ""raw"": ""document-retrieval"", ""source"": ""inventory_task_id"", ""tier"": 2}, {""artifact"": ""ModelLakeFishing/stage1BuildTransferGraph/hf1000d_2000m/hf_cache/datasets/zeta-alpha-ai__NanoClimateFEVER.json"", ""canonical"": ""retrieval"", ""count"": 1, ""note"": """", ""raw"": ""text-retrieval"", ""source"": ""dataset_card_task_category"", ""tier"": 3}, {""artifact"": ""ModelLakeFishing/stage1BuildTransferGraph/hf1000d_2000m/selected_1000_datasets.csv"", ""canonical"": ""retrieval"", ""count"": 1, ""note"": """", ""raw"": ""text-retrieval"", ""source"": ""inventory_task_category"", ""tier"": 3}]"
boundingdocs,233,0,Other,question-answering,21,replace_Other_after_review,3,"[""dataset_card_task_category"", ""inventory_task_category""]","[{""artifact"": ""ModelLakeFishing/stage1BuildTransferGraph/hf1000d_2000m/hf_cache/datasets/letxbe__BoundingDocs.json"", ""canonical"": ""question-answering"", ""count"": 1, ""note"": """", ""raw"": ""question-answering"", ""source"": ""dataset_card_task_category"", ""tier"": 3}, {""artifact"": ""ModelLakeFishing/stage1BuildTransferGraph/hf1000d_2000m/hf_cache/datasets/letxbe__BoundingDocs.json"", ""canonical"": ""question-answering"", ""count"": 1, ""note"": """", ""raw"": ""visual-question-answering"", ""source"": ""dataset_card_task_category"", ""tier"": 3}, {""artifact"": ""ModelLakeFishing/stage1BuildTransferGraph/hf1000d_2000m/selected_1000_datasets.csv"", ""canonical"": ""question-answering"", ""count"": 1, ""note"": """", ""raw"": ""question-answering"", ""source"": ""inventory_task_category"", ""tier"": 3}, {""artifact"": ""ModelLakeFishing/stage1BuildTransferGraph/hf1000d_2000m/selected_1000_datasets.csv"", ""canonical"": ""question-answering"", ""count"": 1, ""note"": """", ""raw"": ""visual-question-answering"", ""source"": ""inventory_task_category"", ""tier"": 3}]"
opus-100,234,0,Other,translation,25,replace_Other_after_review,1,"[""model_index_task""]","[{""artifact"": ""ModelLakeFishing/stage1BuildTransferGraph/hf1000d_2000m/hf_cache/models"", ""canonical"": ""translation"", ""count"": 1, ""note"": ""1 cached model files"", ""raw"": ""translation"", ""source"": ""model_index_task"", ""tier"": 1}, {""artifact"": ""ModelLakeFishing/stage1BuildTransferGraph/hf1000d_2000m/hf_cache/datasets/Helsinki-NLP__opus-100.json"", ""canonical"": ""translation"", ""count"": 1, ""note"": """", ""raw"": ""translation"", ""source"": ""dataset_card_task_category"", ""tier"": 3}, {""artifact"": ""ModelLakeFishing/stage1BuildTransferGraph/hf1000d_2000m/selected_1000_datasets.csv"", ""canonical"": ""translation"", ""count"": 1, ""note"": """", ""raw"": ""translation"", ""source"": ""inventory_task_category"", ""tier"": 3}]"
uprprc_pdffiles_from_un,235,0,Other,translation,25,replace_Other_after_review,3,"[""dataset_card_task_category"", ""inventory_task_category""]","[{""artifact"": ""ModelLakeFishing/stage1BuildTransferGraph/hf1000d_2000m/hf_cache/datasets/bot-yaya__UPRPRC_pdffiles_from_UN.json"", ""canonical"": ""translation"", ""count"": 1, ""note"": """", ""raw"": ""translation"", ""source"": ""dataset_card_task_category"", ""tier"": 3}, {""artifact"": ""ModelLakeFishing/stage1BuildTransferGraph/hf1000d_2000m/selected_1000_datasets.csv"", ""canonical"": ""translation"", ""count"": 1, ""note"": """", ""raw"": ""translation"", ""source"": ""inventory_task_category"", ""tier"": 3}]"
wikipedia_contradict_benchmark,236,0,Other,question-answering,21,replace_Other_after_review,3,"[""dataset_card_task_category"", ""inventory_task_category""]","[{""artifact"": ""ModelLakeFishing/stage1BuildTransferGraph/hf1000d_2000m/hf_cache/datasets/ibm-research__Wikipedia_contradict_benchmark.json"", ""canonical"": ""question-answering"", ""count"": 1, ""note"": """", ""raw"": ""question-answering"", ""source"": ""dataset_card_task_category"", ""tier"": 3}, {""artifact"": ""ModelLakeFishing/stage1BuildTransferGraph/hf1000d_2000m/selected_1000_datasets.csv"", ""canonical"": ""question-answering"", ""count"": 1, ""note"": """", ""raw"": ""question-answering"", ""source"": ""inventory_task_category"", ""tier"": 3}]"
wmt_t2t,237,0,Other,translation,25,replace_Other_after_review,3,"[""dataset_card_task_category"", ""inventory_task_category""]","[{""artifact"": ""ModelLakeFishing/stage1BuildTransferGraph/hf1000d_2000m/hf_cache/datasets/wmt__wmt_t2t.json"", ""canonical"": ""translation"", ""count"": 1, ""note"": """", ""raw"": ""translation"", ""source"": ""dataset_card_task_category"", ""tier"": 3}, {""artifact"": ""ModelLakeFishing/stage1BuildTransferGraph/hf1000d_2000m/selected_1000_datasets.csv"", ""canonical"": ""translation"", ""count"": 1, ""note"": """", ""raw"": ""translation"", ""source"": ""inventory_task_category"", ""tier"": 3}]"
openbookqa,238,0,Other,question-answering,21,replace_Other_after_review,2,"[""dataset_card_task_id"", ""inventory_task_id""]","[{""artifact"": ""ModelLakeFishing/stage1BuildTransferGraph/hf1000d_2000m/hf_cache/datasets/allenai__openbookqa.json"", ""canonical"": ""question-answering"", ""count"": 1, ""note"": """", ""raw"": ""open-domain-qa"", ""source"": ""dataset_card_task_id"", ""tier"": 2}, {""artifact"": ""ModelLakeFishing/stage1BuildTransferGraph/hf1000d_2000m/selected_1000_datasets.csv"", ""canonical"": ""question-answering"", ""count"": 1, ""note"": """", ""raw"": ""open-domain-qa"", ""source"": ""inventory_task_id"", ""tier"": 2}, {""artifact"": ""ModelLakeFishing/stage1BuildTransferGraph/hf1000d_2000m/hf_cache/datasets/allenai__openbookqa.json"", ""canonical"": ""question-answering"", ""count"": 1, ""note"": """", ""raw"": ""question-answering"", ""source"": ""dataset_card_task_category"", ""tier"": 3}, {""artifact"": ""ModelLakeFishing/stage1BuildTransferGraph/hf1000d_2000m/selected_1000_datasets.csv"", ""canonical"": ""question-answering"", ""count"": 1, ""note"": """", ""raw"": ""question-answering"", ""source"": ""inventory_task_category"", ""tier"": 3}]"
wikihow-cleaned,239,0,Other,summarization,24,replace_Other_after_review,3,"[""dataset_card_task_category"", ""inventory_task_category""]","[{""artifact"": ""ModelLakeFishing/stage1BuildTransferGraph/hf1000d_2000m/hf_cache/datasets/gursi26__wikihow-cleaned.json"", ""canonical"": ""summarization"", ""count"": 1, ""note"": """", ""raw"": ""summarization"", ""source"": ""dataset_card_task_category"", ""tier"": 3}, {""artifact"": ""ModelLakeFishing/stage1BuildTransferGraph/hf1000d_2000m/hf_cache/datasets/gursi26__wikihow-cleaned.json"", ""canonical"": null, ""count"": 1, ""note"": """", ""raw"": ""text-generation"", ""source"": ""dataset_card_task_category"", ""tier"": 3}, {""artifact"": ""ModelLakeFishing/stage1BuildTransferGraph/hf1000d_2000m/selected_1000_datasets.csv"", ""canonical"": ""summarization"", ""count"": 1, ""note"": """", ""raw"": ""summarization"", ""source"": ""inventory_task_category"", ""tier"": 3}, {""artifact"": ""ModelLakeFishing/stage1BuildTransferGraph/hf1000d_2000m/selected_1000_datasets.csv"", ""canonical"": null, ""count"": 1, ""note"": """", ""raw"": ""text-generation"", ""source"": ""inventory_task_category"", ""tier"": 3}]"
wmt14,240,0,Other,translation,25,replace_Other_after_review,3,"[""dataset_card_task_category"", ""inventory_task_category""]","[{""artifact"": ""ModelLakeFishing/stage1BuildTransferGraph/hf1000d_2000m/hf_cache/models"", ""canonical"": null, ""count"": 10, ""note"": ""10 cached model files"", ""raw"": ""text2text-generation"", ""source"": ""model_index_task"", ""tier"": 1}, {""artifact"": ""ModelLakeFishing/stage1BuildTransferGraph/hf1000d_2000m/hf_cache/datasets/wmt__wmt14.json"", ""canonical"": ""translation"", ""count"": 1, ""note"": """", ""raw"": ""translation"", ""source"": ""dataset_card_task_category"", ""tier"": 3}, {""artifact"": ""ModelLakeFishing/stage1BuildTransferGraph/hf1000d_2000m/selected_1000_datasets.csv"", ""canonical"": ""translation"", ""count"": 1, ""note"": """", ""raw"": ""translation"", ""source"": ""inventory_task_category"", ""tier"": 3}]"
nanoscidocs,241,0,Other,retrieval,22,replace_Other_after_review,3,"[""dataset_card_task_category"", ""inventory_task_category""]","[{""artifact"": ""ModelLakeFishing/stage1BuildTransferGraph/hf1000d_2000m/hf_cache/models"", ""canonical"": null, ""count"": 3, ""note"": ""3 cached model files"", ""raw"": ""py-late-information-retrieval"", ""source"": ""model_index_task"", ""tier"": 1}, {""artifact"": ""ModelLakeFishing/stage1BuildTransferGraph/hf1000d_2000m/hf_cache/datasets/zeta-alpha-ai__NanoSCIDOCS.json"", ""canonical"": null, ""count"": 1, ""note"": """", ""raw"": ""document-retrieval"", ""source"": ""dataset_card_task_id"", ""tier"": 2}, {""artifact"": ""ModelLakeFishing/stage1BuildTransferGraph/hf1000d_2000m/selected_1000_datasets.csv"", ""canonical"": null, ""count"": 1, ""note"": """", ""raw"": ""document-retrieval"", ""source"": ""inventory_task_id"", ""tier"": 2}, {""artifact"": ""ModelLakeFishing/stage1BuildTransferGraph/hf1000d_2000m/hf_cache/datasets/zeta-alpha-ai__NanoSCIDOCS.json"", ""canonical"": ""retrieval"", ""count"": 1, ""note"": """", ""raw"": ""text-retrieval"", ""source"": ""dataset_card_task_category"", ""tier"": 3}, {""artifact"": ""ModelLakeFishing/stage1BuildTransferGraph/hf1000d_2000m/selected_1000_datasets.csv"", ""canonical"": ""retrieval"", ""count"": 1, ""note"": """", ""raw"": ""text-retrieval"", ""source"": ""inventory_task_category"", ""tier"": 3}]"
nanohotpotqa,243,0,Other,retrieval,22,replace_Other_after_review,3,"[""dataset_card_task_category"", ""inventory_task_category""]","[{""artifact"": ""ModelLakeFishing/stage1BuildTransferGraph/hf1000d_2000m/hf_cache/models"", ""canonical"": null, ""count"": 3, ""note"": ""3 cached model files"", ""raw"": ""py-late-information-retrieval"", ""source"": ""model_index_task"", ""tier"": 1}, {""artifact"": ""ModelLakeFishing/stage1BuildTransferGraph/hf1000d_2000m/hf_cache/datasets/zeta-alpha-ai__NanoHotpotQA.json"", ""canonical"": null, ""count"": 1, ""note"": """", ""raw"": ""document-retrieval"", ""source"": ""dataset_card_task_id"", ""tier"": 2}, {""artifact"": ""ModelLakeFishing/stage1BuildTransferGraph/hf1000d_2000m/selected_1000_datasets.csv"", ""canonical"": null, ""count"": 1, ""note"": """", ""raw"": ""document-retrieval"", ""source"": ""inventory_task_id"", ""tier"": 2}, {""artifact"": ""ModelLakeFishing/stage1BuildTransferGraph/hf1000d_2000m/hf_cache/datasets/zeta-alpha-ai__NanoHotpotQA.json"", ""canonical"": ""retrieval"", ""count"": 1, ""note"": """", ""raw"": ""text-retrieval"", ""source"": ""dataset_card_task_category"", ""tier"": 3}, {""artifact"": ""ModelLakeFishing/stage1BuildTransferGraph/hf1000d_2000m/selected_1000_datasets.csv"", ""canonical"": ""retrieval"", ""count"": 1, ""note"": """", ""raw"": ""text-retrieval"", ""source"": ""inventory_task_category"", ""tier"": 3}]"
europarl,244,0,Other,translation,25,replace_Other_after_review,3,"[""dataset_card_task_category"", ""inventory_task_category""]","[{""artifact"": ""ModelLakeFishing/stage1BuildTransferGraph/hf1000d_2000m/hf_cache/datasets/Helsinki-NLP__europarl.json"", ""canonical"": ""translation"", ""count"": 1, ""note"": """", ""raw"": ""translation"", ""source"": ""dataset_card_task_category"", ""tier"": 3}, {""artifact"": ""ModelLakeFishing/stage1BuildTransferGraph/hf1000d_2000m/selected_1000_datasets.csv"", ""canonical"": ""translation"", ""count"": 1, ""note"": """", ""raw"": ""translation"", ""source"": ""inventory_task_category"", ""tier"": 3}]"
alt,245,0,Other,translation,25,replace_Other_after_review,3,"[""dataset_card_task_category"", ""inventory_task_category""]","[{""artifact"": ""ModelLakeFishing/stage1BuildTransferGraph/hf1000d_2000m/hf_cache/datasets/mutiyama__alt.json"", ""canonical"": null, ""count"": 1, ""note"": """", ""raw"": ""parsing"", ""source"": ""dataset_card_task_id"", ""tier"": 2}, {""artifact"": ""ModelLakeFishing/stage1BuildTransferGraph/hf1000d_2000m/selected_1000_datasets.csv"", ""canonical"": null, ""count"": 1, ""note"": """", ""raw"": ""parsing"", ""source"": ""inventory_task_id"", ""tier"": 2}, {""artifact"": ""ModelLakeFishing/stage1BuildTransferGraph/hf1000d_2000m/hf_cache/datasets/mutiyama__alt.json"", ""canonical"": null, ""count"": 1, ""note"": """", ""raw"": ""token-classification"", ""source"": ""dataset_card_task_category"", ""tier"": 3}, {""artifact"": ""ModelLakeFishing/stage1BuildTransferGraph/hf1000d_2000m/hf_cache/datasets/mutiyama__alt.json"", ""canonical"": ""translation"", ""count"": 1, ""note"": """", ""raw"": ""translation"", ""source"": ""dataset_card_task_category"", ""tier"": 3}, {""artifact"": ""ModelLakeFishing/stage1BuildTransferGraph/hf1000d_2000m/selected_1000_datasets.csv"", ""canonical"": null, ""count"": 1, ""note"": """", ""raw"": ""token-classification"", ""source"": ""inventory_task_category"", ""tier"": 3}, {""artifact"": ""ModelLakeFishing/stage1BuildTransferGraph/hf1000d_2000m/selected_1000_datasets.csv"", ""canonical"": ""translation"", ""count"": 1, ""note"": """", ""raw"": ""translation"", ""source"": ""inventory_task_category"", ""tier"": 3}]"
big_patent,246,0,Other,summarization,24,replace_Other_after_review,1,"[""model_index_task""]","[{""artifact"": ""ModelLakeFishing/stage1BuildTransferGraph/hf1000d_2000m/hf_cache/models"", ""canonical"": ""summarization"", ""count"": 3, ""note"": ""3 cached model files"", ""raw"": ""summarization"", ""source"": ""model_index_task"", ""tier"": 1}, {""artifact"": ""ModelLakeFishing/stage1BuildTransferGraph/hf1000d_2000m/hf_cache/models"", ""canonical"": null, ""count"": 3, ""note"": ""3 cached model files"", ""raw"": ""text2text-generation"", ""source"": ""model_index_task"", ""tier"": 1}, {""artifact"": ""ModelLakeFishing/stage1BuildTransferGraph/hf1000d_2000m/hf_cache/datasets/NortheasternUniversity__big_patent.json"", ""canonical"": ""summarization"", ""count"": 1, ""note"": """", ""raw"": ""summarization"", ""source"": ""dataset_card_task_category"", ""tier"": 3}, {""artifact"": ""ModelLakeFishing/stage1BuildTransferGraph/hf1000d_2000m/selected_1000_datasets.csv"", ""canonical"": ""summarization"", ""count"": 1, ""note"": """", ""raw"": ""summarization"", ""source"": ""inventory_task_category"", ""tier"": 3}]"
bornholmbitextmining,247,0,Other,translation,25,replace_Other_after_review,3,"[""dataset_card_task_category"", ""inventory_task_category""]","[{""artifact"": ""ModelLakeFishing/stage1BuildTransferGraph/hf1000d_2000m/hf_cache/datasets/mteb__BornholmBitextMining.json"", ""canonical"": ""translation"", ""count"": 1, ""note"": """", ""raw"": ""translation"", ""source"": ""dataset_card_task_category"", ""tier"": 3}, {""artifact"": ""ModelLakeFishing/stage1BuildTransferGraph/hf1000d_2000m/selected_1000_datasets.csv"", ""canonical"": ""translation"", ""count"": 1, ""note"": """", ""raw"": ""translation"", ""source"": ""inventory_task_category"", ""tier"": 3}]"
parallel-sentences-talks,249,0,Other,semantic-similarity,23,replace_Other_after_review,3,"[""dataset_card_task_category"", ""inventory_task_category""]","[{""artifact"": ""ModelLakeFishing/stage1BuildTransferGraph/hf1000d_2000m/hf_cache/datasets/sentence-transformers__parallel-sentences-talks.json"", ""canonical"": null, ""count"": 1, ""note"": """", ""raw"": ""feature-extraction"", ""source"": ""dataset_card_task_category"", ""tier"": 3}, {""artifact"": ""ModelLakeFishing/stage1BuildTransferGraph/hf1000d_2000m/hf_cache/datasets/sentence-transformers__parallel-sentences-talks.json"", ""canonical"": ""semantic-similarity"", ""count"": 1, ""note"": """", ""raw"": ""sentence-similarity"", ""source"": ""dataset_card_task_category"", ""tier"": 3}, {""artifact"": ""ModelLakeFishing/stage1BuildTransferGraph/hf1000d_2000m/selected_1000_datasets.csv"", ""canonical"": null, ""count"": 1, ""note"": """", ""raw"": ""feature-extraction"", ""source"": ""inventory_task_category"", ""tier"": 3}, {""artifact"": ""ModelLakeFishing/stage1BuildTransferGraph/hf1000d_2000m/selected_1000_datasets.csv"", ""canonical"": ""semantic-similarity"", ""count"": 1, ""note"": """", ""raw"": ""sentence-similarity"", ""source"": ""inventory_task_category"", ""tier"": 3}]"
webfaq-retrieval,251,0,Other,retrieval,22,replace_Other_after_review,3,"[""dataset_card_task_category"", ""inventory_task_category""]","[{""artifact"": ""ModelLakeFishing/stage1BuildTransferGraph/hf1000d_2000m/hf_cache/datasets/PaDaS-Lab__webfaq-retrieval.json"", ""canonical"": null, ""count"": 1, ""note"": """", ""raw"": ""document-retrieval"", ""source"": ""dataset_card_task_id"", ""tier"": 2}, {""artifact"": ""ModelLakeFishing/stage1BuildTransferGraph/hf1000d_2000m/selected_1000_datasets.csv"", ""canonical"": null, ""count"": 1, ""note"": """", ""raw"": ""document-retrieval"", ""source"": ""inventory_task_id"", ""tier"": 2}, {""artifact"": ""ModelLakeFishing/stage1BuildTransferGraph/hf1000d_2000m/hf_cache/datasets/PaDaS-Lab__webfaq-retrieval.json"", ""canonical"": ""retrieval"", ""count"": 1, ""note"": """", ""raw"": ""text-retrieval"", ""source"": ""dataset_card_task_category"", ""tier"": 3}, {""artifact"": ""ModelLakeFishing/stage1BuildTransferGraph/hf1000d_2000m/selected_1000_datasets.csv"", ""canonical"": ""retrieval"", ""count"": 1, ""note"": """", ""raw"": ""text-retrieval"", ""source"": ""inventory_task_category"", ""tier"": 3}]"
securecode-web,253,0,Other,question-answering,21,replace_Other_after_review,3,"[""dataset_card_task_category"", ""inventory_task_category""]","[{""artifact"": ""ModelLakeFishing/stage1BuildTransferGraph/hf1000d_2000m/hf_cache/datasets/scthornton__securecode-web.json"", ""canonical"": ""question-answering"", ""count"": 1, ""note"": """", ""raw"": ""question-answering"", ""source"": ""dataset_card_task_category"", ""tier"": 3}, {""artifact"": ""ModelLakeFishing/stage1BuildTransferGraph/hf1000d_2000m/hf_cache/datasets/scthornton__securecode-web.json"", ""canonical"": null, ""count"": 1, ""note"": """", ""raw"": ""text-generation"", ""source"": ""dataset_card_task_category"", ""tier"": 3}, {""artifact"": ""ModelLakeFishing/stage1BuildTransferGraph/hf1000d_2000m/selected_1000_datasets.csv"", ""canonical"": ""question-answering"", ""count"": 1, ""note"": """", ""raw"": ""question-answering"", ""source"": ""inventory_task_category"", ""tier"": 3}, {""artifact"": ""ModelLakeFishing/stage1BuildTransferGraph/hf1000d_2000m/selected_1000_datasets.csv"", ""canonical"": null, ""count"": 1, ""note"": """", ""raw"": ""text-generation"", ""source"": ""inventory_task_category"", ""tier"": 3}]"
opus_infopankki,254,0,Other,translation,25,replace_Other_after_review,3,"[""dataset_card_task_category"", ""inventory_task_category""]","[{""artifact"": ""ModelLakeFishing/stage1BuildTransferGraph/hf1000d_2000m/hf_cache/models"", ""canonical"": null, ""count"": 6, ""note"": ""6 cached model files"", ""raw"": ""text2text-generation"", ""source"": ""model_index_task"", ""tier"": 1}, {""artifact"": ""ModelLakeFishing/stage1BuildTransferGraph/hf1000d_2000m/hf_cache/datasets/Helsinki-NLP__opus_infopankki.json"", ""canonical"": ""translation"", ""count"": 1, ""note"": """", ""raw"": ""translation"", ""source"": ""dataset_card_task_category"", ""tier"": 3}, {""artifact"": ""ModelLakeFishing/stage1BuildTransferGraph/hf1000d_2000m/selected_1000_datasets.csv"", ""canonical"": ""translation"", ""count"": 1, ""note"": """", ""raw"": ""translation"", ""source"": ""inventory_task_category"", ""tier"": 3}]"
medical-vqa-vi,257,0,Other,question-answering,21,replace_Other_after_review,3,"[""dataset_card_task_category"", ""inventory_task_category""]","[{""artifact"": ""ModelLakeFishing/stage1BuildTransferGraph/hf1000d_2000m/hf_cache/datasets/SpringWang08__medical-vqa-vi.json"", ""canonical"": ""question-answering"", ""count"": 1, ""note"": """", ""raw"": ""visual-question-answering"", ""source"": ""dataset_card_task_category"", ""tier"": 3}, {""artifact"": ""ModelLakeFishing/stage1BuildTransferGraph/hf1000d_2000m/selected_1000_datasets.csv"", ""canonical"": ""question-answering"", ""count"": 1, ""note"": """", ""raw"": ""visual-question-answering"", ""source"": ""inventory_task_category"", ""tier"": 3}]"
xsum,258,0,Other,summarization,24,replace_Other_after_review,1,"[""model_index_task""]","[{""artifact"": ""ModelLakeFishing/stage1BuildTransferGraph/hf1000d_2000m/hf_cache/models"", ""canonical"": null, ""count"": 1, ""note"": ""1 cached model files"", ""raw"": ""abstractive-text-summarization"", ""source"": ""model_index_task"", ""tier"": 1}, {""artifact"": ""ModelLakeFishing/stage1BuildTransferGraph/hf1000d_2000m/hf_cache/models"", ""canonical"": ""summarization"", ""count"": 65, ""note"": ""65 cached model files"", ""raw"": ""summarization"", ""source"": ""model_index_task"", ""tier"": 1}, {""artifact"": ""ModelLakeFishing/stage1BuildTransferGraph/hf1000d_2000m/hf_cache/models"", ""canonical"": null, ""count"": 1, ""note"": ""1 cached model files"", ""raw"": ""text-summarization"", ""source"": ""model_index_task"", ""tier"": 1}, {""artifact"": ""ModelLakeFishing/stage1BuildTransferGraph/hf1000d_2000m/hf_cache/models"", ""canonical"": null, ""count"": 82, ""note"": ""82 cached model files"", ""raw"": ""text2text-generation"", ""source"": ""model_index_task"", ""tier"": 1}, {""artifact"": ""ModelLakeFishing/stage1BuildTransferGraph/hf1000d_2000m/hf_cache/datasets/EdinburghNLP__xsum.json"", ""canonical"": null, ""count"": 1, ""note"": """", ""raw"": ""news-articles-summarization"", ""source"": ""dataset_card_task_id"", ""tier"": 2}, {""artifact"": ""ModelLakeFishing/stage1BuildTransferGraph/hf1000d_2000m/selected_1000_datasets.csv"", ""canonical"": null, ""count"": 1, ""note"": """", ""raw"": ""news-articles-summarization"", ""source"": ""inventory_task_id"", ""tier"": 2}, {""artifact"": ""ModelLakeFishing/stage1BuildTransferGraph/hf1000d_2000m/hf_cache/datasets/EdinburghNLP__xsum.json"", ""canonical"": ""summarization"", ""count"": 1, ""note"": """", ""raw"": ""summarization"", ""source"": ""dataset_card_task_category"", ""tier"": 3}, {""artifact"": ""ModelLakeFishing/stage1BuildTransferGraph/hf1000d_2000m/selected_1000_datasets.csv"", ""canonical"": ""summarization"", ""count"": 1, ""note"": """", ""raw"": ""summarization"", ""source"": ""inventory_task_category"", ""tier"": 3}]"
dochplt,259,0,Other,translation,25,replace_Other_after_review,3,"[""dataset_card_task_category"", ""inventory_task_category""]","[{""artifact"": ""ModelLakeFishing/stage1BuildTransferGraph/hf1000d_2000m/hf_cache/datasets/HPLT__DocHPLT.json"", ""canonical"": ""translation"", ""count"": 1, ""note"": """", ""raw"": ""translation"", ""source"": ""dataset_card_task_category"", ""tier"": 3}, {""artifact"": ""ModelLakeFishing/stage1BuildTransferGraph/hf1000d_2000m/selected_1000_datasets.csv"", ""canonical"": ""translation"", ""count"": 1, ""note"": """", ""raw"": ""translation"", ""source"": ""inventory_task_category"", ""tier"": 3}]"
art,260,0,Other,NLI,1,replace_Other_after_review,2,"[""dataset_card_task_id"", ""inventory_task_id""]","[{""artifact"": ""ModelLakeFishing/stage1BuildTransferGraph/hf1000d_2000m/hf_cache/datasets/allenai__art.json"", ""canonical"": ""NLI"", ""count"": 1, ""note"": """", ""raw"": ""natural-language-inference"", ""source"": ""dataset_card_task_id"", ""tier"": 2}, {""artifact"": ""ModelLakeFishing/stage1BuildTransferGraph/hf1000d_2000m/selected_1000_datasets.csv"", ""canonical"": ""NLI"", ""count"": 1, ""note"": """", ""raw"": ""natural-language-inference"", ""source"": ""inventory_task_id"", ""tier"": 2}, {""artifact"": ""ModelLakeFishing/stage1BuildTransferGraph/hf1000d_2000m/hf_cache/datasets/allenai__art.json"", ""canonical"": null, ""count"": 1, ""note"": """", ""raw"": ""multiple-choice"", ""source"": ""dataset_card_task_category"", ""tier"": 3}, {""artifact"": ""ModelLakeFishing/stage1BuildTransferGraph/hf1000d_2000m/hf_cache/datasets/allenai__art.json"", ""canonical"": null, ""count"": 1, ""note"": """", ""raw"": ""text-classification"", ""source"": ""dataset_card_task_category"", ""tier"": 3}, {""artifact"": ""ModelLakeFishing/stage1BuildTransferGraph/hf1000d_2000m/selected_1000_datasets.csv"", ""canonical"": null, ""count"": 1, ""note"": """", ""raw"": ""multiple-choice"", ""source"": ""inventory_task_category"", ""tier"": 3}, {""artifact"": ""ModelLakeFishing/stage1BuildTransferGraph/hf1000d_2000m/selected_1000_datasets.csv"", ""canonical"": null, ""count"": 1, ""note"": """", ""raw"": ""text-classification"", ""source"": ""inventory_task_category"", ""tier"": 3}]"
code-search-net-python,262,0,Other,summarization,24,replace_Other_after_review,3,"[""dataset_card_task_category"", ""inventory_task_category""]","[{""artifact"": ""ModelLakeFishing/stage1BuildTransferGraph/hf1000d_2000m/hf_cache/datasets/Nan-Do__code-search-net-python.json"", ""canonical"": ""summarization"", ""count"": 1, ""note"": """", ""raw"": ""summarization"", ""source"": ""dataset_card_task_category"", ""tier"": 3}, {""artifact"": ""ModelLakeFishing/stage1BuildTransferGraph/hf1000d_2000m/hf_cache/datasets/Nan-Do__code-search-net-python.json"", ""canonical"": null, ""count"": 1, ""note"": """", ""raw"": ""text-generation"", ""source"": ""dataset_card_task_category"", ""tier"": 3}, {""artifact"": ""ModelLakeFishing/stage1BuildTransferGraph/hf1000d_2000m/hf_cache/datasets/Nan-Do__code-search-net-python.json"", ""canonical"": null, ""count"": 1, ""note"": """", ""raw"": ""text2text-generation"", ""source"": ""dataset_card_task_category"", ""tier"": 3}, {""artifact"": ""ModelLakeFishing/stage1BuildTransferGraph/hf1000d_2000m/selected_1000_datasets.csv"", ""canonical"": ""summarization"", ""count"": 1, ""note"": """", ""raw"": ""summarization"", ""source"": ""inventory_task_category"", ""tier"": 3}, {""artifact"": ""ModelLakeFishing/stage1BuildTransferGraph/hf1000d_2000m/selected_1000_datasets.csv"", ""canonical"": null, ""count"": 1, ""note"": """", ""raw"": ""text-generation"", ""source"": ""inventory_task_category"", ""tier"": 3}, {""artifact"": ""ModelLakeFishing/stage1BuildTransferGraph/hf1000d_2000m/selected_1000_datasets.csv"", ""canonical"": null, ""count"": 1, ""note"": """", ""raw"": ""text2text-generation"", ""source"": ""inventory_task_category"", ""tier"": 3}]"
natural_questions,264,0,Other,question-answering,21,replace_Other_after_review,2,"[""dataset_card_task_id"", ""inventory_task_id""]","[{""artifact"": ""ModelLakeFishing/stage1BuildTransferGraph/hf1000d_2000m/hf_cache/datasets/google-research-datasets__natural_questions.json"", ""canonical"": ""question-answering"", ""count"": 1, ""note"": """", ""raw"": ""open-domain-qa"", ""source"": ""dataset_card_task_id"", ""tier"": 2}, {""artifact"": ""ModelLakeFishing/stage1BuildTransferGraph/hf1000d_2000m/selected_1000_datasets.csv"", ""canonical"": ""question-answering"", ""count"": 1, ""note"": """", ""raw"": ""open-domain-qa"", ""source"": ""inventory_task_id"", ""tier"": 2}, {""artifact"": ""ModelLakeFishing/stage1BuildTransferGraph/hf1000d_2000m/hf_cache/datasets/google-research-datasets__natural_questions.json"", ""canonical"": ""question-answering"", ""count"": 1, ""note"": """", ""raw"": ""question-answering"", ""source"": ""dataset_card_task_category"", ""tier"": 3}, {""artifact"": ""ModelLakeFishing/stage1BuildTransferGraph/hf1000d_2000m/selected_1000_datasets.csv"", ""canonical"": ""question-answering"", ""count"": 1, ""note"": """", ""raw"": ""question-answering"", ""source"": ""inventory_task_category"", ""tier"": 3}]"
nemotron-specializeddomains-finance-v1,265,0,Other,question-answering,21,replace_Other_after_review,3,"[""dataset_card_task_category"", ""inventory_task_category""]","[{""artifact"": ""ModelLakeFishing/stage1BuildTransferGraph/hf1000d_2000m/hf_cache/datasets/nvidia__Nemotron-SpecializedDomains-Finance-v1.json"", ""canonical"": ""question-answering"", ""count"": 1, ""note"": """", ""raw"": ""question-answering"", ""source"": ""dataset_card_task_category"", ""tier"": 3}, {""artifact"": ""ModelLakeFishing/stage1BuildTransferGraph/hf1000d_2000m/hf_cache/datasets/nvidia__Nemotron-SpecializedDomains-Finance-v1.json"", ""canonical"": null, ""count"": 1, ""note"": """", ""raw"": ""text-generation"", ""source"": ""dataset_card_task_category"", ""tier"": 3}, {""artifact"": ""ModelLakeFishing/stage1BuildTransferGraph/hf1000d_2000m/selected_1000_datasets.csv"", ""canonical"": ""question-answering"", ""count"": 1, ""note"": """", ""raw"": ""question-answering"", ""source"": ""inventory_task_category"", ""tier"": 3}, {""artifact"": ""ModelLakeFishing/stage1BuildTransferGraph/hf1000d_2000m/selected_1000_datasets.csv"", ""canonical"": null, ""count"": 1, ""note"": """", ""raw"": ""text-generation"", ""source"": ""inventory_task_category"", ""tier"": 3}]"
ambig_qa,266,0,Other,question-answering,21,replace_Other_after_review,2,"[""dataset_card_task_id"", ""inventory_task_id""]","[{""artifact"": ""ModelLakeFishing/stage1BuildTransferGraph/hf1000d_2000m/hf_cache/datasets/sewon__ambig_qa.json"", ""canonical"": ""question-answering"", ""count"": 1, ""note"": """", ""raw"": ""open-domain-qa"", ""source"": ""dataset_card_task_id"", ""tier"": 2}, {""artifact"": ""ModelLakeFishing/stage1BuildTransferGraph/hf1000d_2000m/selected_1000_datasets.csv"", ""canonical"": ""question-answering"", ""count"": 1, ""note"": """", ""raw"": ""open-domain-qa"", ""source"": ""inventory_task_id"", ""tier"": 2}, {""artifact"": ""ModelLakeFishing/stage1BuildTransferGraph/hf1000d_2000m/hf_cache/datasets/sewon__ambig_qa.json"", ""canonical"": ""question-answering"", ""count"": 1, ""note"": """", ""raw"": ""question-answering"", ""source"": ""dataset_card_task_category"", ""tier"": 3}, {""artifact"": ""ModelLakeFishing/stage1BuildTransferGraph/hf1000d_2000m/selected_1000_datasets.csv"", ""canonical"": ""question-answering"", ""count"": 1, ""note"": """", ""raw"": ""question-answering"", ""source"": ""inventory_task_category"", ""tier"": 3}]"
pii-masking-openpii-1m,267,0,Other,pii-detection,20,replace_Other_after_review,2,"[""dataset_identity""]","[{""artifact"": ""ModelLakeFishing/stage1BuildTransferGraph/hf1000d_2000m/hf_cache/datasets/ai4privacy__pii-masking-openpii-1m.json"", ""canonical"": ""pii-detection"", ""count"": 1, ""note"": ""precise identity rule; not open-ended card-text classification"", ""raw"": ""token-classification dataset identity says PII"", ""source"": ""dataset_identity"", ""tier"": 2}, {""artifact"": ""ModelLakeFishing/stage1BuildTransferGraph/hf1000d_2000m/hf_cache/datasets/ai4privacy__pii-masking-openpii-1m.json"", ""canonical"": null, ""count"": 1, ""note"": """", ""raw"": ""text-generation"", ""source"": ""dataset_card_task_category"", ""tier"": 3}, {""artifact"": ""ModelLakeFishing/stage1BuildTransferGraph/hf1000d_2000m/hf_cache/datasets/ai4privacy__pii-masking-openpii-1m.json"", ""canonical"": null, ""count"": 1, ""note"": """", ""raw"": ""token-classification"", ""source"": ""dataset_card_task_category"", ""tier"": 3}, {""artifact"": ""ModelLakeFishing/stage1BuildTransferGraph/hf1000d_2000m/selected_1000_datasets.csv"", ""canonical"": null, ""count"": 1, ""note"": """", ""raw"": ""text-generation"", ""source"": ""inventory_task_category"", ""tier"": 3}, {""artifact"": ""ModelLakeFishing/stage1BuildTransferGraph/hf1000d_2000m/selected_1000_datasets.csv"", ""canonical"": null, ""count"": 1, ""note"": """", ""raw"": ""token-classification"", ""source"": ""inventory_task_category"", ""tier"": 3}]"
opensubtitles-v2018,269,0,Other,translation,25,replace_Other_after_review,3,"[""dataset_card_task_category"", ""inventory_task_category""]","[{""artifact"": ""ModelLakeFishing/stage1BuildTransferGraph/hf1000d_2000m/hf_cache/datasets/alamios__OpenSubtitles-v2018.json"", ""canonical"": ""translation"", ""count"": 1, ""note"": """", ""raw"": ""translation"", ""source"": ""dataset_card_task_category"", ""tier"": 3}, {""artifact"": ""ModelLakeFishing/stage1BuildTransferGraph/hf1000d_2000m/selected_1000_datasets.csv"", ""canonical"": ""translation"", ""count"": 1, ""note"": """", ""raw"": ""translation"", ""source"": ""inventory_task_category"", ""tier"": 3}]"
miracl,271,0,Other,retrieval,22,replace_Other_after_review,1,"[""model_index_task""]","[{""artifact"": ""ModelLakeFishing/stage1BuildTransferGraph/hf1000d_2000m/hf_cache/models"", ""canonical"": ""retrieval"", ""count"": 1, ""note"": ""1 cached model files"", ""raw"": ""information-retrieval"", ""source"": ""model_index_task"", ""tier"": 1}, {""artifact"": ""ModelLakeFishing/stage1BuildTransferGraph/hf1000d_2000m/hf_cache/datasets/sentence-transformers__miracl.json"", ""canonical"": null, ""count"": 1, ""note"": """", ""raw"": ""feature-extraction"", ""source"": ""dataset_card_task_category"", ""tier"": 3}, {""artifact"": ""ModelLakeFishing/stage1BuildTransferGraph/hf1000d_2000m/hf_cache/datasets/sentence-transformers__miracl.json"", ""canonical"": ""semantic-similarity"", ""count"": 1, ""note"": """", ""raw"": ""sentence-similarity"", ""source"": ""dataset_card_task_category"", ""tier"": 3}, {""artifact"": ""ModelLakeFishing/stage1BuildTransferGraph/hf1000d_2000m/selected_1000_datasets.csv"", ""canonical"": null, ""count"": 1, ""note"": """", ""raw"": ""feature-extraction"", ""source"": ""inventory_task_category"", ""tier"": 3}, {""artifact"": ""ModelLakeFishing/stage1BuildTransferGraph/hf1000d_2000m/selected_1000_datasets.csv"", ""canonical"": ""semantic-similarity"", ""count"": 1, ""note"": """", ""raw"": ""sentence-similarity"", ""source"": ""inventory_task_category"", ""tier"": 3}]"
sciq,273,0,Other,question-answering,21,replace_Other_after_review,2,"[""dataset_card_task_id"", ""inventory_task_id""]","[{""artifact"": ""ModelLakeFishing/stage1BuildTransferGraph/hf1000d_2000m/hf_cache/datasets/allenai__sciq.json"", ""canonical"": ""question-answering"", ""count"": 1, ""note"": """", ""raw"": ""closed-domain-qa"", ""source"": ""dataset_card_task_id"", ""tier"": 2}, {""artifact"": ""ModelLakeFishing/stage1BuildTransferGraph/hf1000d_2000m/selected_1000_datasets.csv"", ""canonical"": ""question-answering"", ""count"": 1, ""note"": """", ""raw"": ""closed-domain-qa"", ""source"": ""inventory_task_id"", ""tier"": 2}, {""artifact"": ""ModelLakeFishing/stage1BuildTransferGraph/hf1000d_2000m/hf_cache/datasets/allenai__sciq.json"", ""canonical"": ""question-answering"", ""count"": 1, ""note"": """", ""raw"": ""question-answering"", ""source"": ""dataset_card_task_category"", ""tier"": 3}, {""artifact"": ""ModelLakeFishing/stage1BuildTransferGraph/hf1000d_2000m/selected_1000_datasets.csv"", ""canonical"": ""question-answering"", ""count"": 1, ""note"": """", ""raw"": ""question-answering"", ""source"": ""inventory_task_category"", ""tier"": 3}]"
ds-tf2-en-ro-3m,274,0,Other,translation,25,replace_Other_after_review,3,"[""dataset_card_task_category"", ""inventory_task_category""]","[{""artifact"": ""ModelLakeFishing/stage1BuildTransferGraph/hf1000d_2000m/hf_cache/datasets/klusai__ds-tf2-en-ro-3m.json"", ""canonical"": null, ""count"": 1, ""note"": """", ""raw"": ""text-generation"", ""source"": ""dataset_card_task_category"", ""tier"": 3}, {""artifact"": ""ModelLakeFishing/stage1BuildTransferGraph/hf1000d_2000m/hf_cache/datasets/klusai__ds-tf2-en-ro-3m.json"", ""canonical"": ""translation"", ""count"": 1, ""note"": """", ""raw"": ""translation"", ""source"": ""dataset_card_task_category"", ""tier"": 3}, {""artifact"": ""ModelLakeFishing/stage1BuildTransferGraph/hf1000d_2000m/selected_1000_datasets.csv"", ""canonical"": null, ""count"": 1, ""note"": """", ""raw"": ""text-generation"", ""source"": ""inventory_task_category"", ""tier"": 3}, {""artifact"": ""ModelLakeFishing/stage1BuildTransferGraph/hf1000d_2000m/selected_1000_datasets.csv"", ""canonical"": ""translation"", ""count"": 1, ""note"": """", ""raw"": ""translation"", ""source"": ""inventory_task_category"", ""tier"": 3}]"
math12k,275,0,Other,question-answering,21,replace_Other_after_review,3,"[""dataset_card_task_category"", ""inventory_task_category""]","[{""artifact"": ""ModelLakeFishing/stage1BuildTransferGraph/hf1000d_2000m/hf_cache/datasets/hiyouga__math12k.json"", ""canonical"": ""question-answering"", ""count"": 1, ""note"": """", ""raw"": ""question-answering"", ""source"": ""dataset_card_task_category"", ""tier"": 3}, {""artifact"": ""ModelLakeFishing/stage1BuildTransferGraph/hf1000d_2000m/selected_1000_datasets.csv"", ""canonical"": ""question-answering"", ""count"": 1, ""note"": """", ""raw"": ""question-answering"", ""source"": ""inventory_task_category"", ""tier"": 3}]"
web_questions,278,0,Other,question-answering,21,replace_Other_after_review,2,"[""dataset_card_task_id"", ""inventory_task_id""]","[{""artifact"": ""ModelLakeFishing/stage1BuildTransferGraph/hf1000d_2000m/hf_cache/datasets/stanfordnlp__web_questions.json"", ""canonical"": ""question-answering"", ""count"": 1, ""note"": """", ""raw"": ""open-domain-qa"", ""source"": ""dataset_card_task_id"", ""tier"": 2}, {""artifact"": ""ModelLakeFishing/stage1BuildTransferGraph/hf1000d_2000m/selected_1000_datasets.csv"", ""canonical"": ""question-answering"", ""count"": 1, ""note"": """", ""raw"": ""open-domain-qa"", ""source"": ""inventory_task_id"", ""tier"": 2}, {""artifact"": ""ModelLakeFishing/stage1BuildTransferGraph/hf1000d_2000m/hf_cache/datasets/stanfordnlp__web_questions.json"", ""canonical"": ""question-answering"", ""count"": 1, ""note"": """", ""raw"": ""question-answering"", ""source"": ""dataset_card_task_category"", ""tier"": 3}, {""artifact"": ""ModelLakeFishing/stage1BuildTransferGraph/hf1000d_2000m/selected_1000_datasets.csv"", ""canonical"": ""question-answering"", ""count"": 1, ""note"": """", ""raw"": ""question-answering"", ""source"": ""inventory_task_category"", ""tier"": 3}]"
nanoquoraretrieval,279,0,Other,retrieval,22,replace_Other_after_review,3,"[""dataset_card_task_category"", ""inventory_task_category""]","[{""artifact"": ""ModelLakeFishing/stage1BuildTransferGraph/hf1000d_2000m/hf_cache/models"", ""canonical"": null, ""count"": 3, ""note"": ""3 cached model files"", ""raw"": ""py-late-information-retrieval"", ""source"": ""model_index_task"", ""tier"": 1}, {""artifact"": ""ModelLakeFishing/stage1BuildTransferGraph/hf1000d_2000m/hf_cache/datasets/zeta-alpha-ai__NanoQuoraRetrieval.json"", ""canonical"": null, ""count"": 1, ""note"": """", ""raw"": ""document-retrieval"", ""source"": ""dataset_card_task_id"", ""tier"": 2}, {""artifact"": ""ModelLakeFishing/stage1BuildTransferGraph/hf1000d_2000m/selected_1000_datasets.csv"", ""canonical"": null, ""count"": 1, ""note"": """", ""raw"": ""document-retrieval"", ""source"": ""inventory_task_id"", ""tier"": 2}, {""artifact"": ""ModelLakeFishing/stage1BuildTransferGraph/hf1000d_2000m/hf_cache/datasets/zeta-alpha-ai__NanoQuoraRetrieval.json"", ""canonical"": ""retrieval"", ""count"": 1, ""note"": """", ""raw"": ""text-retrieval"", ""source"": ""dataset_card_task_category"", ""tier"": 3}, {""artifact"": ""ModelLakeFishing/stage1BuildTransferGraph/hf1000d_2000m/selected_1000_datasets.csv"", ""canonical"": ""retrieval"", ""count"": 1, ""note"": """", ""raw"": ""text-retrieval"", ""source"": ""inventory_task_category"", ""tier"": 3}]"
ruri-v3-dataset-reranker-preview,280,0,Other,retrieval,22,replace_Other_after_review,3,"[""dataset_card_task_category"", ""inventory_task_category""]","[{""artifact"": ""ModelLakeFishing/stage1BuildTransferGraph/hf1000d_2000m/hf_cache/datasets/cl-nagoya__ruri-v3-dataset-reranker-preview.json"", ""canonical"": null, ""count"": 1, ""note"": """", ""raw"": ""text-ranking"", ""source"": ""dataset_card_task_category"", ""tier"": 3}, {""artifact"": ""ModelLakeFishing/stage1BuildTransferGraph/hf1000d_2000m/hf_cache/datasets/cl-nagoya__ruri-v3-dataset-reranker-preview.json"", ""canonical"": ""retrieval"", ""count"": 1, ""note"": """", ""raw"": ""text-retrieval"", ""source"": ""dataset_card_task_category"", ""tier"": 3}, {""artifact"": ""ModelLakeFishing/stage1BuildTransferGraph/hf1000d_2000m/selected_1000_datasets.csv"", ""canonical"": null, ""count"": 1, ""note"": """", ""raw"": ""text-ranking"", ""source"": ""inventory_task_category"", ""tier"": 3}, {""artifact"": ""ModelLakeFishing/stage1BuildTransferGraph/hf1000d_2000m/selected_1000_datasets.csv"", ""canonical"": ""retrieval"", ""count"": 1, ""note"": """", ""raw"": ""text-retrieval"", ""source"": ""inventory_task_category"", ""tier"": 3}]"
gazeta,282,0,Other,summarization,24,replace_Other_after_review,3,"[""dataset_card_task_category"", ""inventory_task_category""]","[{""artifact"": ""ModelLakeFishing/stage1BuildTransferGraph/hf1000d_2000m/hf_cache/datasets/IlyaGusev__gazeta.json"", ""canonical"": ""summarization"", ""count"": 1, ""note"": """", ""raw"": ""summarization"", ""source"": ""dataset_card_task_category"", ""tier"": 3}, {""artifact"": ""ModelLakeFishing/stage1BuildTransferGraph/hf1000d_2000m/selected_1000_datasets.csv"", ""canonical"": ""summarization"", ""count"": 1, ""note"": """", ""raw"": ""summarization"", ""source"": ""inventory_task_category"", ""tier"": 3}]"
medcalc-bench-v1.2,283,0,Other,question-answering,21,replace_Other_after_review,3,"[""dataset_card_task_category"", ""inventory_task_category""]","[{""artifact"": ""ModelLakeFishing/stage1BuildTransferGraph/hf1000d_2000m/hf_cache/datasets/ncbi__MedCalc-Bench-v1.2.json"", ""canonical"": ""question-answering"", ""count"": 1, ""note"": """", ""raw"": ""question-answering"", ""source"": ""dataset_card_task_category"", ""tier"": 3}, {""artifact"": ""ModelLakeFishing/stage1BuildTransferGraph/hf1000d_2000m/selected_1000_datasets.csv"", ""canonical"": ""question-answering"", ""count"": 1, ""note"": """", ""raw"": ""question-answering"", ""source"": ""inventory_task_category"", ""tier"": 3}]"
ko-strategyqa,286,0,Other,retrieval,22,replace_Other_after_review,3,"[""dataset_card_task_category"", ""inventory_task_category""]","[{""artifact"": ""ModelLakeFishing/stage1BuildTransferGraph/hf1000d_2000m/hf_cache/datasets/taeminlee__Ko-StrategyQA.json"", ""canonical"": null, ""count"": 1, ""note"": """", ""raw"": ""document-retrieval"", ""source"": ""dataset_card_task_id"", ""tier"": 2}, {""artifact"": ""ModelLakeFishing/stage1BuildTransferGraph/hf1000d_2000m/selected_1000_datasets.csv"", ""canonical"": null, ""count"": 1, ""note"": """", ""raw"": ""document-retrieval"", ""source"": ""inventory_task_id"", ""tier"": 2}, {""artifact"": ""ModelLakeFishing/stage1BuildTransferGraph/hf1000d_2000m/hf_cache/datasets/taeminlee__Ko-StrategyQA.json"", ""canonical"": ""retrieval"", ""count"": 1, ""note"": """", ""raw"": ""text-retrieval"", ""source"": ""dataset_card_task_category"", ""tier"": 3}, {""artifact"": ""ModelLakeFishing/stage1BuildTransferGraph/hf1000d_2000m/selected_1000_datasets.csv"", ""canonical"": ""retrieval"", ""count"": 1, ""note"": """", ""raw"": ""text-retrieval"", ""source"": ""inventory_task_category"", ""tier"": 3}]"
valor32k-avqa-v2,287,0,Other,question-answering,21,replace_Other_after_review,2,"[""dataset_card_task_id"", ""inventory_task_id""]","[{""artifact"": ""ModelLakeFishing/stage1BuildTransferGraph/hf1000d_2000m/hf_cache/datasets/inesriahi__valor32k-avqa-v2.json"", ""canonical"": ""question-answering"", ""count"": 1, ""note"": """", ""raw"": ""visual-question-answering"", ""source"": ""dataset_card_task_id"", ""tier"": 2}, {""artifact"": ""ModelLakeFishing/stage1BuildTransferGraph/hf1000d_2000m/selected_1000_datasets.csv"", ""canonical"": ""question-answering"", ""count"": 1, ""note"": """", ""raw"": ""visual-question-answering"", ""source"": ""inventory_task_id"", ""tier"": 2}, {""artifact"": ""ModelLakeFishing/stage1BuildTransferGraph/hf1000d_2000m/hf_cache/datasets/inesriahi__valor32k-avqa-v2.json"", ""canonical"": null, ""count"": 1, ""note"": """", ""raw"": ""multiple-choice"", ""source"": ""dataset_card_task_category"", ""tier"": 3}, {""artifact"": ""ModelLakeFishing/stage1BuildTransferGraph/hf1000d_2000m/hf_cache/datasets/inesriahi__valor32k-avqa-v2.json"", ""canonical"": ""question-answering"", ""count"": 1, ""note"": """", ""raw"": ""question-answering"", ""source"": ""dataset_card_task_category"", ""tier"": 3}, {""artifact"": ""ModelLakeFishing/stage1BuildTransferGraph/hf1000d_2000m/hf_cache/datasets/inesriahi__valor32k-avqa-v2.json"", ""canonical"": null, ""count"": 1, ""note"": """", ""raw"": ""video-text-to-text"", ""source"": ""dataset_card_task_category"", ""tier"": 3}, {""artifact"": ""ModelLakeFishing/stage1BuildTransferGraph/hf1000d_2000m/hf_cache/datasets/inesriahi__valor32k-avqa-v2.json"", ""canonical"": ""question-answering"", ""count"": 1, ""note"": """", ""raw"": ""visual-question-answering"", ""source"": ""dataset_card_task_category"", ""tier"": 3}, {""artifact"": ""ModelLakeFishing/stage1BuildTransferGraph/hf1000d_2000m/selected_1000_datasets.csv"", ""canonical"": null, ""count"": 1, ""note"": """", ""raw"": ""multiple-choice"", ""source"": ""inventory_task_category"", ""tier"": 3}, {""artifact"": ""ModelLakeFishing/stage1BuildTransferGraph/hf1000d_2000m/selected_1000_datasets.csv"", ""canonical"": ""question-answering"", ""count"": 1, ""note"": """", ""raw"": ""question-answering"", ""source"": ""inventory_task_category"", ""tier"": 3}, {""artifact"": ""ModelLakeFishing/stage1BuildTransferGraph/hf1000d_2000m/selected_1000_datasets.csv"", ""canonical"": null, ""count"": 1, ""note"": """", ""raw"": ""video-text-to-text"", ""source"": ""inventory_task_category"", ""tier"": 3}, {""artifact"": ""ModelLakeFishing/stage1BuildTransferGraph/hf1000d_2000m/selected_1000_datasets.csv"", ""canonical"": ""question-answering"", ""count"": 1, ""note"": """", ""raw"": ""visual-question-answering"", ""source"": ""inventory_task_category"", ""tier"": 3}]"
asrs-aviation-reports,292,0,Other,summarization,24,replace_Other_after_review,3,"[""dataset_card_task_category"", ""inventory_task_category""]","[{""artifact"": ""ModelLakeFishing/stage1BuildTransferGraph/hf1000d_2000m/hf_cache/datasets/elihoole__asrs-aviation-reports.json"", ""canonical"": ""summarization"", ""count"": 1, ""note"": """", ""raw"": ""summarization"", ""source"": ""dataset_card_task_category"", ""tier"": 3}, {""artifact"": ""ModelLakeFishing/stage1BuildTransferGraph/hf1000d_2000m/selected_1000_datasets.csv"", ""canonical"": ""summarization"", ""count"": 1, ""note"": """", ""raw"": ""summarization"", ""source"": ""inventory_task_category"", ""tier"": 3}]"
wikipedia-full,294,0,Other,language-modeling,18,replace_Other_after_review,2,"[""dataset_card_task_id"", ""inventory_task_id""]","[{""artifact"": ""ModelLakeFishing/stage1BuildTransferGraph/hf1000d_2000m/hf_cache/datasets/akahana__wikipedia-full.json"", ""canonical"": ""language-modeling"", ""count"": 1, ""note"": """", ""raw"": ""language-modeling"", ""source"": ""dataset_card_task_id"", ""tier"": 2}, {""artifact"": ""ModelLakeFishing/stage1BuildTransferGraph/hf1000d_2000m/hf_cache/datasets/akahana__wikipedia-full.json"", ""canonical"": ""language-modeling"", ""count"": 1, ""note"": """", ""raw"": ""masked-language-modeling"", ""source"": ""dataset_card_task_id"", ""tier"": 2}, {""artifact"": ""ModelLakeFishing/stage1BuildTransferGraph/hf1000d_2000m/selected_1000_datasets.csv"", ""canonical"": ""language-modeling"", ""count"": 1, ""note"": """", ""raw"": ""language-modeling"", ""source"": ""inventory_task_id"", ""tier"": 2}, {""artifact"": ""ModelLakeFishing/stage1BuildTransferGraph/hf1000d_2000m/selected_1000_datasets.csv"", ""canonical"": ""language-modeling"", ""count"": 1, ""note"": """", ""raw"": ""masked-language-modeling"", ""source"": ""inventory_task_id"", ""tier"": 2}, {""artifact"": ""ModelLakeFishing/stage1BuildTransferGraph/hf1000d_2000m/hf_cache/datasets/akahana__wikipedia-full.json"", ""canonical"": null, ""count"": 1, ""note"": """", ""raw"": ""fill-mask"", ""source"": ""dataset_card_task_category"", ""tier"": 3}, {""artifact"": ""ModelLakeFishing/stage1BuildTransferGraph/hf1000d_2000m/hf_cache/datasets/akahana__wikipedia-full.json"", ""canonical"": null, ""count"": 1, ""note"": """", ""raw"": ""text-generation"", ""source"": ""dataset_card_task_category"", ""tier"": 3}, {""artifact"": ""ModelLakeFishing/stage1BuildTransferGraph/hf1000d_2000m/selected_1000_datasets.csv"", ""canonical"": null, ""count"": 1, ""note"": """", ""raw"": ""fill-mask"", ""source"": ""inventory_task_category"", ""tier"": 3}, {""artifact"": ""ModelLakeFishing/stage1BuildTransferGraph/hf1000d_2000m/selected_1000_datasets.csv"", ""canonical"": null, ""count"": 1, ""note"": """", ""raw"": ""text-generation"", ""source"": ""inventory_task_category"", ""tier"": 3}]"
white-hat-security-agent-prompts-600k,295,0,Other,question-answering,21,replace_Other_after_review,3,"[""dataset_card_task_category"", ""inventory_task_category""]","[{""artifact"": ""ModelLakeFishing/stage1BuildTransferGraph/hf1000d_2000m/hf_cache/datasets/yatin-superintelligence__White-Hat-Security-Agent-Prompts-600K.json"", ""canonical"": null, ""count"": 1, ""note"": """", ""raw"": ""any-to-any"", ""source"": ""dataset_card_task_category"", ""tier"": 3}, {""artifact"": ""ModelLakeFishing/stage1BuildTransferGraph/hf1000d_2000m/hf_cache/datasets/yatin-superintelligence__White-Hat-Security-Agent-Prompts-600K.json"", ""canonical"": ""question-answering"", ""count"": 1, ""note"": """", ""raw"": ""question-answering"", ""source"": ""dataset_card_task_category"", ""tier"": 3}, {""artifact"": ""ModelLakeFishing/stage1BuildTransferGraph/hf1000d_2000m/hf_cache/datasets/yatin-superintelligence__White-Hat-Security-Agent-Prompts-600K.json"", ""canonical"": null, ""count"": 1, ""note"": """", ""raw"": ""reinforcement-learning"", ""source"": ""dataset_card_task_category"", ""tier"": 3}, {""artifact"": ""ModelLakeFishing/stage1BuildTransferGraph/hf1000d_2000m/hf_cache/datasets/yatin-superintelligence__White-Hat-Security-Agent-Prompts-600K.json"", ""canonical"": null, ""count"": 1, ""note"": """", ""raw"": ""robotics"", ""source"": ""dataset_card_task_category"", ""tier"": 3}, {""artifact"": ""ModelLakeFishing/stage1BuildTransferGraph/hf1000d_2000m/hf_cache/datasets/yatin-superintelligence__White-Hat-Security-Agent-Prompts-600K.json"", ""canonical"": null, ""count"": 1, ""note"": """", ""raw"": ""text-classification"", ""source"": ""dataset_card_task_category"", ""tier"": 3}, {""artifact"": ""ModelLakeFishing/stage1BuildTransferGraph/hf1000d_2000m/hf_cache/datasets/yatin-superintelligence__White-Hat-Security-Agent-Prompts-600K.json"", ""canonical"": null, ""count"": 1, ""note"": """", ""raw"": ""text-generation"", ""source"": ""dataset_card_task_category"", ""tier"": 3}, {""artifact"": ""ModelLakeFishing/stage1BuildTransferGraph/hf1000d_2000m/selected_1000_datasets.csv"", ""canonical"": null, ""count"": 1, ""note"": """", ""raw"": ""any-to-any"", ""source"": ""inventory_task_category"", ""tier"": 3}, {""artifact"": ""ModelLakeFishing/stage1BuildTransferGraph/hf1000d_2000m/selected_1000_datasets.csv"", ""canonical"": ""question-answering"", ""count"": 1, ""note"": """", ""raw"": ""question-answering"", ""source"": ""inventory_task_category"", ""tier"": 3}, {""artifact"": ""ModelLakeFishing/stage1BuildTransferGraph/hf1000d_2000m/selected_1000_datasets.csv"", ""canonical"": null, ""count"": 1, ""note"": """", ""raw"": ""reinforcement-learning"", ""source"": ""inventory_task_category"", ""tier"": 3}, {""artifact"": ""ModelLakeFishing/stage1BuildTransferGraph/hf1000d_2000m/selected_1000_datasets.csv"", ""canonical"": null, ""count"": 1, ""note"": """", ""raw"": ""robotics"", ""source"": ""inventory_task_category"", ""tier"": 3}, {""artifact"": ""ModelLakeFishing/stage1BuildTransferGraph/hf1000d_2000m/selected_1000_datasets.csv"", ""canonical"": null, ""count"": 1, ""note"": """", ""raw"": ""text-classification"", ""source"": ""inventory_task_category"", ""tier"": 3}, {""artifact"": ""ModelLakeFishing/stage1BuildTransferGraph/hf1000d_2000m/selected_1000_datasets.csv"", ""canonical"": null, ""count"": 1, ""note"": """", ""raw"": ""text-generation"", ""source"": ""inventory_task_category"", ""tier"": 3}]"
docvqa,296,0,Other,question-answering,21,replace_Other_after_review,3,"[""dataset_card_task_category"", ""inventory_task_category""]","[{""artifact"": ""ModelLakeFishing/stage1BuildTransferGraph/hf1000d_2000m/hf_cache/models"", ""canonical"": null, ""count"": 3, ""note"": ""3 cached model files"", ""raw"": ""image-text-to-text"", ""source"": ""model_index_task"", ""tier"": 1}, {""artifact"": ""ModelLakeFishing/stage1BuildTransferGraph/hf1000d_2000m/hf_cache/datasets/albertklorer__DocVQA.json"", ""canonical"": ""question-answering"", ""count"": 1, ""note"": """", ""raw"": ""question-answering"", ""source"": ""dataset_card_task_category"", ""tier"": 3}, {""artifact"": ""ModelLakeFishing/stage1BuildTransferGraph/hf1000d_2000m/selected_1000_datasets.csv"", ""canonical"": ""question-answering"", ""count"": 1, ""note"": """", ""raw"": ""question-answering"", ""source"": ""inventory_task_category"", ""tier"": 3}]"
parallel-sentences-opus-100,297,0,Other,semantic-similarity,23,replace_Other_after_review,3,"[""dataset_card_task_category"", ""inventory_task_category""]","[{""artifact"": ""ModelLakeFishing/stage1BuildTransferGraph/hf1000d_2000m/hf_cache/datasets/sentence-transformers__parallel-sentences-opus-100.json"", ""canonical"": null, ""count"": 1, ""note"": """", ""raw"": ""feature-extraction"", ""source"": ""dataset_card_task_category"", ""tier"": 3}, {""artifact"": ""ModelLakeFishing/stage1BuildTransferGraph/hf1000d_2000m/hf_cache/datasets/sentence-transformers__parallel-sentences-opus-100.json"", ""canonical"": ""semantic-similarity"", ""count"": 1, ""note"": """", ""raw"": ""sentence-similarity"", ""source"": ""dataset_card_task_category"", ""tier"": 3}, {""artifact"": ""ModelLakeFishing/stage1BuildTransferGraph/hf1000d_2000m/selected_1000_datasets.csv"", ""canonical"": null, ""count"": 1, ""note"": """", ""raw"": ""feature-extraction"", ""source"": ""inventory_task_category"", ""tier"": 3}, {""artifact"": ""ModelLakeFishing/stage1BuildTransferGraph/hf1000d_2000m/selected_1000_datasets.csv"", ""canonical"": ""semantic-similarity"", ""count"": 1, ""note"": """", ""raw"": ""sentence-similarity"", ""source"": ""inventory_task_category"", ""tier"": 3}]"
scifact,298,0,Other,retrieval,22,replace_Other_after_review,1,"[""model_index_task""]","[{""artifact"": ""ModelLakeFishing/stage1BuildTransferGraph/hf1000d_2000m/hf_cache/models"", ""canonical"": ""retrieval"", ""count"": 722, ""note"": ""716 cached model files"", ""raw"": ""Retrieval"", ""source"": ""model_index_task"", ""tier"": 1}, {""artifact"": ""ModelLakeFishing/stage1BuildTransferGraph/hf1000d_2000m/hf_cache/datasets/mteb__scifact.json"", ""canonical"": ""retrieval"", ""count"": 1, ""note"": """", ""raw"": ""text-retrieval"", ""source"": ""dataset_card_task_category"", ""tier"": 3}, {""artifact"": ""ModelLakeFishing/stage1BuildTransferGraph/hf1000d_2000m/selected_1000_datasets.csv"", ""canonical"": ""retrieval"", ""count"": 1, ""note"": """", ""raw"": ""text-retrieval"", ""source"": ""inventory_task_category"", ""tier"": 3}]"
cnn_dailymail,299,0,Other,summarization,24,replace_Other_after_review,1,"[""model_index_task""]","[{""artifact"": ""ModelLakeFishing/stage1BuildTransferGraph/hf1000d_2000m/hf_cache/models"", ""canonical"": null, ""count"": 1, ""note"": ""1 cached model files"", ""raw"": ""entity-infilling"", ""source"": ""model_index_task"", ""tier"": 1}, {""artifact"": ""ModelLakeFishing/stage1BuildTransferGraph/hf1000d_2000m/hf_cache/models"", ""canonical"": ""summarization"", ""count"": 82, ""note"": ""82 cached model files"", ""raw"": ""summarization"", ""source"": ""model_index_task"", ""tier"": 1}, {""artifact"": ""ModelLakeFishing/stage1BuildTransferGraph/hf1000d_2000m/hf_cache/models"", ""canonical"": null, ""count"": 1, ""note"": ""1 cached model files"", ""raw"": ""text-generation"", ""source"": ""model_index_task"", ""tier"": 1}, {""artifact"": ""ModelLakeFishing/stage1BuildTransferGraph/hf1000d_2000m/hf_cache/models"", ""canonical"": null, ""count"": 2, ""note"": ""2 cached model files"", ""raw"": ""text-summarization"", ""source"": ""model_index_task"", ""tier"": 1}, {""artifact"": ""ModelLakeFishing/stage1BuildTransferGraph/hf1000d_2000m/hf_cache/models"", ""canonical"": null, ""count"": 53, ""note"": ""53 cached model files"", ""raw"": ""text2text-generation"", ""source"": ""model_index_task"", ""tier"": 1}, {""artifact"": ""ModelLakeFishing/stage1BuildTransferGraph/hf1000d_2000m/hf_cache/datasets/abisee__cnn_dailymail.json"", ""canonical"": null, ""count"": 1, ""note"": """", ""raw"": ""news-articles-summarization"", ""source"": ""dataset_card_task_id"", ""tier"": 2}, {""artifact"": ""ModelLakeFishing/stage1BuildTransferGraph/hf1000d_2000m/selected_1000_datasets.csv"", ""canonical"": null, ""count"": 1, ""note"": """", ""raw"": ""news-articles-summarization"", ""source"": ""inventory_task_id"", ""tier"": 2}, {""artifact"": ""ModelLakeFishing/stage1BuildTransferGraph/hf1000d_2000m/hf_cache/datasets/abisee__cnn_dailymail.json"", ""canonical"": ""summarization"", ""count"": 1, ""note"": """", ""raw"": ""summarization"", ""source"": ""dataset_card_task_category"", ""tier"": 3}, {""artifact"": ""ModelLakeFishing/stage1BuildTransferGraph/hf1000d_2000m/selected_1000_datasets.csv"", ""canonical"": ""summarization"", ""count"": 1, ""note"": """", ""raw"": ""summarization"", ""source"": ""inventory_task_category"", ""tier"": 3}]"
parallel-sentences-wikimatrix,300,0,Other,semantic-similarity,23,replace_Other_after_review,3,"[""dataset_card_task_category"", ""inventory_task_category""]","[{""artifact"": ""ModelLakeFishing/stage1BuildTransferGraph/hf1000d_2000m/hf_cache/datasets/sentence-transformers__parallel-sentences-wikimatrix.json"", ""canonical"": null, ""count"": 1, ""note"": """", ""raw"": ""feature-extraction"", ""source"": ""dataset_card_task_category"", ""tier"": 3}, {""artifact"": ""ModelLakeFishing/stage1BuildTransferGraph/hf1000d_2000m/hf_cache/datasets/sentence-transformers__parallel-sentences-wikimatrix.json"", ""canonical"": ""semantic-similarity"", ""count"": 1, ""note"": """", ""raw"": ""sentence-similarity"", ""source"": ""dataset_card_task_category"", ""tier"": 3}, {""artifact"": ""ModelLakeFishing/stage1BuildTransferGraph/hf1000d_2000m/selected_1000_datasets.csv"", ""canonical"": null, ""count"": 1, ""note"": """", ""raw"": ""feature-extraction"", ""source"": ""inventory_task_category"", ""tier"": 3}, {""artifact"": ""ModelLakeFishing/stage1BuildTransferGraph/hf1000d_2000m/selected_1000_datasets.csv"", ""canonical"": ""semantic-similarity"", ""count"": 1, ""note"": """", ""raw"": ""sentence-similarity"", ""source"": ""inventory_task_category"", ""tier"": 3}]"
open-australian-legal-qa,302,0,Other,question-answering,21,replace_Other_after_review,2,"[""dataset_card_task_id"", ""inventory_task_id""]","[{""artifact"": ""ModelLakeFishing/stage1BuildTransferGraph/hf1000d_2000m/hf_cache/datasets/isaacus__open-australian-legal-qa.json"", ""canonical"": ""question-answering"", ""count"": 1, ""note"": """", ""raw"": ""closed-domain-qa"", ""source"": ""dataset_card_task_id"", ""tier"": 2}, {""artifact"": ""ModelLakeFishing/stage1BuildTransferGraph/hf1000d_2000m/selected_1000_datasets.csv"", ""canonical"": ""question-answering"", ""count"": 1, ""note"": """", ""raw"": ""closed-domain-qa"", ""source"": ""inventory_task_id"", ""tier"": 2}, {""artifact"": ""ModelLakeFishing/stage1BuildTransferGraph/hf1000d_2000m/hf_cache/datasets/isaacus__open-australian-legal-qa.json"", ""canonical"": ""question-answering"", ""count"": 1, ""note"": """", ""raw"": ""question-answering"", ""source"": ""dataset_card_task_category"", ""tier"": 3}, {""artifact"": ""ModelLakeFishing/stage1BuildTransferGraph/hf1000d_2000m/hf_cache/datasets/isaacus__open-australian-legal-qa.json"", ""canonical"": null, ""count"": 1, ""note"": """", ""raw"": ""text-generation"", ""source"": ""dataset_card_task_category"", ""tier"": 3}, {""artifact"": ""ModelLakeFishing/stage1BuildTransferGraph/hf1000d_2000m/selected_1000_datasets.csv"", ""canonical"": ""question-answering"", ""count"": 1, ""note"": """", ""raw"": ""question-answering"", ""source"": ""inventory_task_category"", ""tier"": 3}, {""artifact"": ""ModelLakeFishing/stage1BuildTransferGraph/hf1000d_2000m/selected_1000_datasets.csv"", ""canonical"": null, ""count"": 1, ""note"": """", ""raw"": ""text-generation"", ""source"": ""inventory_task_category"", ""tier"": 3}]"
numinamath-1.5-rl-verifiable,304,0,Other,question-answering,21,replace_Other_after_review,3,"[""dataset_card_task_category"", ""inventory_task_category""]","[{""artifact"": ""ModelLakeFishing/stage1BuildTransferGraph/hf1000d_2000m/hf_cache/datasets/nlile__NuminaMath-1.5-RL-Verifiable.json"", ""canonical"": ""question-answering"", ""count"": 1, ""note"": """", ""raw"": ""question-answering"", ""source"": ""dataset_card_task_category"", ""tier"": 3}, {""artifact"": ""ModelLakeFishing/stage1BuildTransferGraph/hf1000d_2000m/hf_cache/datasets/nlile__NuminaMath-1.5-RL-Verifiable.json"", ""canonical"": null, ""count"": 1, ""note"": """", ""raw"": ""text-generation"", ""source"": ""dataset_card_task_category"", ""tier"": 3}, {""artifact"": ""ModelLakeFishing/stage1BuildTransferGraph/hf1000d_2000m/selected_1000_datasets.csv"", ""canonical"": ""question-answering"", ""count"": 1, ""note"": """", ""raw"": ""question-answering"", ""source"": ""inventory_task_category"", ""tier"": 3}, {""artifact"": ""ModelLakeFishing/stage1BuildTransferGraph/hf1000d_2000m/selected_1000_datasets.csv"", ""canonical"": null, ""count"": 1, ""note"": """", ""raw"": ""text-generation"", ""source"": ""inventory_task_category"", ""tier"": 3}]"
klej-polemo2-out,305,0,Other,sentiment,3,replace_Other_after_review,2,"[""dataset_card_task_id"", ""inventory_task_id""]","[{""artifact"": ""ModelLakeFishing/stage1BuildTransferGraph/hf1000d_2000m/hf_cache/models"", ""canonical"": null, ""count"": 1, ""note"": ""1 cached model files"", ""raw"": ""text-classification"", ""source"": ""model_index_task"", ""tier"": 1}, {""artifact"": ""ModelLakeFishing/stage1BuildTransferGraph/hf1000d_2000m/hf_cache/datasets/allegro__klej-polemo2-out.json"", ""canonical"": ""sentiment"", ""count"": 1, ""note"": """", ""raw"": ""sentiment-classification"", ""source"": ""dataset_card_task_id"", ""tier"": 2}, {""artifact"": ""ModelLakeFishing/stage1BuildTransferGraph/hf1000d_2000m/selected_1000_datasets.csv"", ""canonical"": ""sentiment"", ""count"": 1, ""note"": """", ""raw"": ""sentiment-classification"", ""source"": ""inventory_task_id"", ""tier"": 2}, {""artifact"": ""ModelLakeFishing/stage1BuildTransferGraph/hf1000d_2000m/hf_cache/datasets/allegro__klej-polemo2-out.json"", ""canonical"": null, ""count"": 1, ""note"": """", ""raw"": ""text-classification"", ""source"": ""dataset_card_task_category"", ""tier"": 3}, {""artifact"": ""ModelLakeFishing/stage1BuildTransferGraph/hf1000d_2000m/selected_1000_datasets.csv"", ""canonical"": null, ""count"": 1, ""note"": """", ""raw"": ""text-classification"", ""source"": ""inventory_task_category"", ""tier"": 3}]"
code_x_glue_tc_text_to_code,306,0,Other,translation,25,replace_Other_after_review,3,"[""dataset_card_task_category"", ""inventory_task_category""]","[{""artifact"": ""ModelLakeFishing/stage1BuildTransferGraph/hf1000d_2000m/hf_cache/datasets/google__code_x_glue_tc_text_to_code.json"", ""canonical"": ""translation"", ""count"": 1, ""note"": """", ""raw"": ""translation"", ""source"": ""dataset_card_task_category"", ""tier"": 3}, {""artifact"": ""ModelLakeFishing/stage1BuildTransferGraph/hf1000d_2000m/selected_1000_datasets.csv"", ""canonical"": ""translation"", ""count"": 1, ""note"": """", ""raw"": ""translation"", ""source"": ""inventory_task_category"", ""tier"": 3}]"
wmt17,309,0,Other,translation,25,replace_Other_after_review,3,"[""dataset_card_task_category"", ""inventory_task_category""]","[{""artifact"": ""ModelLakeFishing/stage1BuildTransferGraph/hf1000d_2000m/hf_cache/datasets/wmt__wmt17.json"", ""canonical"": ""translation"", ""count"": 1, ""note"": """", ""raw"": ""translation"", ""source"": ""dataset_card_task_category"", ""tier"": 3}, {""artifact"": ""ModelLakeFishing/stage1BuildTransferGraph/hf1000d_2000m/selected_1000_datasets.csv"", ""canonical"": ""translation"", ""count"": 1, ""note"": """", ""raw"": ""translation"", ""source"": ""inventory_task_category"", ""tier"": 3}]"
arxiv-summarization,310,0,Other,summarization,24,replace_Other_after_review,1,"[""model_index_task""]","[{""artifact"": ""ModelLakeFishing/stage1BuildTransferGraph/hf1000d_2000m/hf_cache/models"", ""canonical"": ""summarization"", ""count"": 2, ""note"": ""2 cached model files"", ""raw"": ""summarization"", ""source"": ""model_index_task"", ""tier"": 1}, {""artifact"": ""ModelLakeFishing/stage1BuildTransferGraph/hf1000d_2000m/hf_cache/datasets/ccdv__arxiv-summarization.json"", ""canonical"": ""summarization"", ""count"": 1, ""note"": """", ""raw"": ""summarization"", ""source"": ""dataset_card_task_category"", ""tier"": 3}, {""artifact"": ""ModelLakeFishing/stage1BuildTransferGraph/hf1000d_2000m/hf_cache/datasets/ccdv__arxiv-summarization.json"", ""canonical"": null, ""count"": 1, ""note"": """", ""raw"": ""text-generation"", ""source"": ""dataset_card_task_category"", ""tier"": 3}, {""artifact"": ""ModelLakeFishing/stage1BuildTransferGraph/hf1000d_2000m/selected_1000_datasets.csv"", ""canonical"": ""summarization"", ""count"": 1, ""note"": """", ""raw"": ""summarization"", ""source"": ""inventory_task_category"", ""tier"": 3}, {""artifact"": ""ModelLakeFishing/stage1BuildTransferGraph/hf1000d_2000m/selected_1000_datasets.csv"", ""canonical"": null, ""count"": 1, ""note"": """", ""raw"": ""text-generation"", ""source"": ""inventory_task_category"", ""tier"": 3}]"
quail,311,0,Other,question-answering,21,replace_Other_after_review,2,"[""dataset_card_task_id"", ""inventory_task_id""]","[{""artifact"": ""ModelLakeFishing/stage1BuildTransferGraph/hf1000d_2000m/hf_cache/datasets/textmachinelab__quail.json"", ""canonical"": ""question-answering"", ""count"": 1, ""note"": """", ""raw"": ""multiple-choice-qa"", ""source"": ""dataset_card_task_id"", ""tier"": 2}, {""artifact"": ""ModelLakeFishing/stage1BuildTransferGraph/hf1000d_2000m/selected_1000_datasets.csv"", ""canonical"": ""question-answering"", ""count"": 1, ""note"": """", ""raw"": ""multiple-choice-qa"", ""source"": ""inventory_task_id"", ""tier"": 2}, {""artifact"": ""ModelLakeFishing/stage1BuildTransferGraph/hf1000d_2000m/hf_cache/datasets/textmachinelab__quail.json"", ""canonical"": null, ""count"": 1, ""note"": """", ""raw"": ""multiple-choice"", ""source"": ""dataset_card_task_category"", ""tier"": 3}, {""artifact"": ""ModelLakeFishing/stage1BuildTransferGraph/hf1000d_2000m/selected_1000_datasets.csv"", ""canonical"": null, ""count"": 1, ""note"": """", ""raw"": ""multiple-choice"", ""source"": ""inventory_task_category"", ""tier"": 3}]"
loc_chronicling_america_1770-1810,314,0,Other,retrieval,22,replace_Other_after_review,3,"[""dataset_card_task_category"", ""inventory_task_category""]","[{""artifact"": ""ModelLakeFishing/stage1BuildTransferGraph/hf1000d_2000m/hf_cache/datasets/RevolutionCrossroads__loc_chronicling_america_1770-1810.json"", ""canonical"": null, ""count"": 1, ""note"": """", ""raw"": ""feature-extraction"", ""source"": ""dataset_card_task_category"", ""tier"": 3}, {""artifact"": ""ModelLakeFishing/stage1BuildTransferGraph/hf1000d_2000m/hf_cache/datasets/RevolutionCrossroads__loc_chronicling_america_1770-1810.json"", ""canonical"": null, ""count"": 1, ""note"": """", ""raw"": ""image-to-text"", ""source"": ""dataset_card_task_category"", ""tier"": 3}, {""artifact"": ""ModelLakeFishing/stage1BuildTransferGraph/hf1000d_2000m/hf_cache/datasets/RevolutionCrossroads__loc_chronicling_america_1770-1810.json"", ""canonical"": null, ""count"": 1, ""note"": """", ""raw"": ""text-classification"", ""source"": ""dataset_card_task_category"", ""tier"": 3}, {""artifact"": ""ModelLakeFishing/stage1BuildTransferGraph/hf1000d_2000m/hf_cache/datasets/RevolutionCrossroads__loc_chronicling_america_1770-1810.json"", ""canonical"": ""retrieval"", ""count"": 1, ""note"": """", ""raw"": ""text-retrieval"", ""source"": ""dataset_card_task_category"", ""tier"": 3}, {""artifact"": ""ModelLakeFishing/stage1BuildTransferGraph/hf1000d_2000m/selected_1000_datasets.csv"", ""canonical"": null, ""count"": 1, ""note"": """", ""raw"": ""feature-extraction"", ""source"": ""inventory_task_category"", ""tier"": 3}, {""artifact"": ""ModelLakeFishing/stage1BuildTransferGraph/hf1000d_2000m/selected_1000_datasets.csv"", ""canonical"": null, ""count"": 1, ""note"": """", ""raw"": ""image-to-text"", ""source"": ""inventory_task_category"", ""tier"": 3}, {""artifact"": ""ModelLakeFishing/stage1BuildTransferGraph/hf1000d_2000m/selected_1000_datasets.csv"", ""canonical"": null, ""count"": 1, ""note"": """", ""raw"": ""text-classification"", ""source"": ""inventory_task_category"", ""tier"": 3}, {""artifact"": ""ModelLakeFishing/stage1BuildTransferGraph/hf1000d_2000m/selected_1000_datasets.csv"", ""canonical"": ""retrieval"", ""count"": 1, ""note"": """", ""raw"": ""text-retrieval"", ""source"": ""inventory_task_category"", ""tier"": 3}]"
squad_kor_v1,315,0,Other,question-answering,21,replace_Other_after_review,2,"[""dataset_card_task_id"", ""inventory_task_id""]","[{""artifact"": ""ModelLakeFishing/stage1BuildTransferGraph/hf1000d_2000m/hf_cache/datasets/KorQuAD__squad_kor_v1.json"", ""canonical"": ""question-answering"", ""count"": 1, ""note"": """", ""raw"": ""extractive-qa"", ""source"": ""dataset_card_task_id"", ""tier"": 2}, {""artifact"": ""ModelLakeFishing/stage1BuildTransferGraph/hf1000d_2000m/selected_1000_datasets.csv"", ""canonical"": ""question-answering"", ""count"": 1, ""note"": """", ""raw"": ""extractive-qa"", ""source"": ""inventory_task_id"", ""tier"": 2}, {""artifact"": ""ModelLakeFishing/stage1BuildTransferGraph/hf1000d_2000m/hf_cache/datasets/KorQuAD__squad_kor_v1.json"", ""canonical"": ""question-answering"", ""count"": 1, ""note"": """", ""raw"": ""question-answering"", ""source"": ""dataset_card_task_category"", ""tier"": 3}, {""artifact"": ""ModelLakeFishing/stage1BuildTransferGraph/hf1000d_2000m/selected_1000_datasets.csv"", ""canonical"": ""question-answering"", ""count"": 1, ""note"": """", ""raw"": ""question-answering"", ""source"": ""inventory_task_category"", ""tier"": 3}]"
procedural-pretraining-pile,316,0,Other,question-answering,21,replace_Other_after_review,3,"[""dataset_card_task_category"", ""inventory_task_category""]","[{""artifact"": ""ModelLakeFishing/stage1BuildTransferGraph/hf1000d_2000m/hf_cache/datasets/reasoning-core__procedural-pretraining-pile.json"", ""canonical"": ""question-answering"", ""count"": 1, ""note"": """", ""raw"": ""question-answering"", ""source"": ""dataset_card_task_category"", ""tier"": 3}, {""artifact"": ""ModelLakeFishing/stage1BuildTransferGraph/hf1000d_2000m/selected_1000_datasets.csv"", ""canonical"": ""question-answering"", ""count"": 1, ""note"": """", ""raw"": ""question-answering"", ""source"": ""inventory_task_category"", ""tier"": 3}]"
mteb-bitext-mining-aggregated,317,0,Other,semantic-similarity,23,replace_Other_after_review,3,"[""dataset_card_task_category"", ""inventory_task_category""]","[{""artifact"": ""ModelLakeFishing/stage1BuildTransferGraph/hf1000d_2000m/hf_cache/datasets/SaylorTwift__mteb-bitext-mining-aggregated.json"", ""canonical"": ""semantic-similarity"", ""count"": 1, ""note"": """", ""raw"": ""sentence-similarity"", ""source"": ""dataset_card_task_category"", ""tier"": 3}, {""artifact"": ""ModelLakeFishing/stage1BuildTransferGraph/hf1000d_2000m/selected_1000_datasets.csv"", ""canonical"": ""semantic-similarity"", ""count"": 1, ""note"": """", ""raw"": ""sentence-similarity"", ""source"": ""inventory_task_category"", ""tier"": 3}]"
folktexts,318,0,Other,question-answering,21,replace_Other_after_review,3,"[""dataset_card_task_category"", ""inventory_task_category""]","[{""artifact"": ""ModelLakeFishing/stage1BuildTransferGraph/hf1000d_2000m/hf_cache/datasets/acruz__folktexts.json"", ""canonical"": null, ""count"": 1, ""note"": """", ""raw"": ""feature-extraction"", ""source"": ""dataset_card_task_category"", ""tier"": 3}, {""artifact"": ""ModelLakeFishing/stage1BuildTransferGraph/hf1000d_2000m/hf_cache/datasets/acruz__folktexts.json"", ""canonical"": ""question-answering"", ""count"": 1, ""note"": """", ""raw"": ""question-answering"", ""source"": ""dataset_card_task_category"", ""tier"": 3}, {""artifact"": ""ModelLakeFishing/stage1BuildTransferGraph/hf1000d_2000m/hf_cache/datasets/acruz__folktexts.json"", ""canonical"": null, ""count"": 1, ""note"": """", ""raw"": ""text-classification"", ""source"": ""dataset_card_task_category"", ""tier"": 3}, {""artifact"": ""ModelLakeFishing/stage1BuildTransferGraph/hf1000d_2000m/hf_cache/datasets/acruz__folktexts.json"", ""canonical"": null, ""count"": 1, ""note"": """", ""raw"": ""zero-shot-classification"", ""source"": ""dataset_card_task_category"", ""tier"": 3}, {""artifact"": ""ModelLakeFishing/stage1BuildTransferGraph/hf1000d_2000m/selected_1000_datasets.csv"", ""canonical"": null, ""count"": 1, ""note"": """", ""raw"": ""feature-extraction"", ""source"": ""inventory_task_category"", ""tier"": 3}, {""artifact"": ""ModelLakeFishing/stage1BuildTransferGraph/hf1000d_2000m/selected_1000_datasets.csv"", ""canonical"": ""question-answering"", ""count"": 1, ""note"": """", ""raw"": ""question-answering"", ""source"": ""inventory_task_category"", ""tier"": 3}, {""artifact"": ""ModelLakeFishing/stage1BuildTransferGraph/hf1000d_2000m/selected_1000_datasets.csv"", ""canonical"": null, ""count"": 1, ""note"": """", ""raw"": ""text-classification"", ""source"": ""inventory_task_category"", ""tier"": 3}, {""artifact"": ""ModelLakeFishing/stage1BuildTransferGraph/hf1000d_2000m/selected_1000_datasets.csv"", ""canonical"": null, ""count"": 1, ""note"": """", ""raw"": ""zero-shot-classification"", ""source"": ""inventory_task_category"", ""tier"": 3}]"
un_pc,319,0,Other,translation,25,replace_Other_after_review,3,"[""dataset_card_task_category"", ""inventory_task_category""]","[{""artifact"": ""ModelLakeFishing/stage1BuildTransferGraph/hf1000d_2000m/hf_cache/datasets/Helsinki-NLP__un_pc.json"", ""canonical"": ""translation"", ""count"": 1, ""note"": """", ""raw"": ""translation"", ""source"": ""dataset_card_task_category"", ""tier"": 3}, {""artifact"": ""ModelLakeFishing/stage1BuildTransferGraph/hf1000d_2000m/selected_1000_datasets.csv"", ""canonical"": ""translation"", ""count"": 1, ""note"": """", ""raw"": ""translation"", ""source"": ""inventory_task_category"", ""tier"": 3}]"
old_bailey_proceedings,322,0,Other,language-modeling,18,replace_Other_after_review,2,"[""dataset_card_task_id"", ""inventory_task_id""]","[{""artifact"": ""ModelLakeFishing/stage1BuildTransferGraph/hf1000d_2000m/hf_cache/datasets/biglam__old_bailey_proceedings.json"", ""canonical"": ""language-modeling"", ""count"": 1, ""note"": """", ""raw"": ""language-modeling"", ""source"": ""dataset_card_task_id"", ""tier"": 2}, {""artifact"": ""ModelLakeFishing/stage1BuildTransferGraph/hf1000d_2000m/hf_cache/datasets/biglam__old_bailey_proceedings.json"", ""canonical"": ""language-modeling"", ""count"": 1, ""note"": """", ""raw"": ""masked-language-modeling"", ""source"": ""dataset_card_task_id"", ""tier"": 2}, {""artifact"": ""ModelLakeFishing/stage1BuildTransferGraph/hf1000d_2000m/hf_cache/datasets/biglam__old_bailey_proceedings.json"", ""canonical"": null, ""count"": 1, ""note"": """", ""raw"": ""multi-class-classification"", ""source"": ""dataset_card_task_id"", ""tier"": 2}, {""artifact"": ""ModelLakeFishing/stage1BuildTransferGraph/hf1000d_2000m/selected_1000_datasets.csv"", ""canonical"": ""language-modeling"", ""count"": 1, ""note"": """", ""raw"": ""language-modeling"", ""source"": ""inventory_task_id"", ""tier"": 2}, {""artifact"": ""ModelLakeFishing/stage1BuildTransferGraph/hf1000d_2000m/selected_1000_datasets.csv"", ""canonical"": ""language-modeling"", ""count"": 1, ""note"": """", ""raw"": ""masked-language-modeling"", ""source"": ""inventory_task_id"", ""tier"": 2}, {""artifact"": ""ModelLakeFishing/stage1BuildTransferGraph/hf1000d_2000m/selected_1000_datasets.csv"", ""canonical"": null, ""count"": 1, ""note"": """", ""raw"": ""multi-class-classification"", ""source"": ""inventory_task_id"", ""tier"": 2}, {""artifact"": ""ModelLakeFishing/stage1BuildTransferGraph/hf1000d_2000m/hf_cache/datasets/biglam__old_bailey_proceedings.json"", ""canonical"": null, ""count"": 1, ""note"": """", ""raw"": ""text-classification"", ""source"": ""dataset_card_task_category"", ""tier"": 3}, {""artifact"": ""ModelLakeFishing/stage1BuildTransferGraph/hf1000d_2000m/hf_cache/datasets/biglam__old_bailey_proceedings.json"", ""canonical"": null, ""count"": 1, ""note"": """", ""raw"": ""text-generation"", ""source"": ""dataset_card_task_category"", ""tier"": 3}, {""artifact"": ""ModelLakeFishing/stage1BuildTransferGraph/hf1000d_2000m/selected_1000_datasets.csv"", ""canonical"": null, ""count"": 1, ""note"": """", ""raw"": ""text-classification"", ""source"": ""inventory_task_category"", ""tier"": 3}, {""artifact"": ""ModelLakeFishing/stage1BuildTransferGraph/hf1000d_2000m/selected_1000_datasets.csv"", ""canonical"": null, ""count"": 1, ""note"": """", ""raw"": ""text-generation"", ""source"": ""inventory_task_category"", ""tier"": 3}]"
pubmed-summarization,323,0,Other,summarization,24,replace_Other_after_review,3,"[""dataset_card_task_category"", ""inventory_task_category""]","[{""artifact"": ""ModelLakeFishing/stage1BuildTransferGraph/hf1000d_2000m/hf_cache/datasets/ccdv__pubmed-summarization.json"", ""canonical"": ""summarization"", ""count"": 1, ""note"": """", ""raw"": ""summarization"", ""source"": ""dataset_card_task_category"", ""tier"": 3}, {""artifact"": ""ModelLakeFishing/stage1BuildTransferGraph/hf1000d_2000m/hf_cache/datasets/ccdv__pubmed-summarization.json"", ""canonical"": null, ""count"": 1, ""note"": """", ""raw"": ""text-generation"", ""source"": ""dataset_card_task_category"", ""tier"": 3}, {""artifact"": ""ModelLakeFishing/stage1BuildTransferGraph/hf1000d_2000m/selected_1000_datasets.csv"", ""canonical"": ""summarization"", ""count"": 1, ""note"": """", ""raw"": ""summarization"", ""source"": ""inventory_task_category"", ""tier"": 3}, {""artifact"": ""ModelLakeFishing/stage1BuildTransferGraph/hf1000d_2000m/selected_1000_datasets.csv"", ""canonical"": null, ""count"": 1, ""note"": """", ""raw"": ""text-generation"", ""source"": ""inventory_task_category"", ""tier"": 3}]"
pubmedqa,325,0,Other,question-answering,21,replace_Other_after_review,2,"[""dataset_card_task_id"", ""inventory_task_id""]","[{""artifact"": ""ModelLakeFishing/stage1BuildTransferGraph/hf1000d_2000m/hf_cache/datasets/qiaojin__PubMedQA.json"", ""canonical"": ""question-answering"", ""count"": 1, ""note"": """", ""raw"": ""multiple-choice-qa"", ""source"": ""dataset_card_task_id"", ""tier"": 2}, {""artifact"": ""ModelLakeFishing/stage1BuildTransferGraph/hf1000d_2000m/selected_1000_datasets.csv"", ""canonical"": ""question-answering"", ""count"": 1, ""note"": """", ""raw"": ""multiple-choice-qa"", ""source"": ""inventory_task_id"", ""tier"": 2}, {""artifact"": ""ModelLakeFishing/stage1BuildTransferGraph/hf1000d_2000m/hf_cache/datasets/qiaojin__PubMedQA.json"", ""canonical"": ""question-answering"", ""count"": 1, ""note"": """", ""raw"": ""question-answering"", ""source"": ""dataset_card_task_category"", ""tier"": 3}, {""artifact"": ""ModelLakeFishing/stage1BuildTransferGraph/hf1000d_2000m/selected_1000_datasets.csv"", ""canonical"": ""question-answering"", ""count"": 1, ""note"": """", ""raw"": ""question-answering"", ""source"": ""inventory_task_category"", ""tier"": 3}]"
open-library,328,0,Other,question-answering,21,replace_Other_after_review,3,"[""dataset_card_task_category"", ""inventory_task_category""]","[{""artifact"": ""ModelLakeFishing/stage1BuildTransferGraph/hf1000d_2000m/hf_cache/datasets/open-index__open-library.json"", ""canonical"": null, ""count"": 1, ""note"": """", ""raw"": ""feature-extraction"", ""source"": ""dataset_card_task_category"", ""tier"": 3}, {""artifact"": ""ModelLakeFishing/stage1BuildTransferGraph/hf1000d_2000m/hf_cache/datasets/open-index__open-library.json"", ""canonical"": ""question-answering"", ""count"": 1, ""note"": """", ""raw"": ""question-answering"", ""source"": ""dataset_card_task_category"", ""tier"": 3}, {""artifact"": ""ModelLakeFishing/stage1BuildTransferGraph/hf1000d_2000m/hf_cache/datasets/open-index__open-library.json"", ""canonical"": null, ""count"": 1, ""note"": """", ""raw"": ""text-classification"", ""source"": ""dataset_card_task_category"", ""tier"": 3}, {""artifact"": ""ModelLakeFishing/stage1BuildTransferGraph/hf1000d_2000m/hf_cache/datasets/open-index__open-library.json"", ""canonical"": null, ""count"": 1, ""note"": """", ""raw"": ""text-generation"", ""source"": ""dataset_card_task_category"", ""tier"": 3}, {""artifact"": ""ModelLakeFishing/stage1BuildTransferGraph/hf1000d_2000m/selected_1000_datasets.csv"", ""canonical"": null, ""count"": 1, ""note"": """", ""raw"": ""feature-extraction"", ""source"": ""inventory_task_category"", ""tier"": 3}, {""artifact"": ""ModelLakeFishing/stage1BuildTransferGraph/hf1000d_2000m/selected_1000_datasets.csv"", ""canonical"": ""question-answering"", ""count"": 1, ""note"": """", ""raw"": ""question-answering"", ""source"": ""inventory_task_category"", ""tier"": 3}, {""artifact"": ""ModelLakeFishing/stage1BuildTransferGraph/hf1000d_2000m/selected_1000_datasets.csv"", ""canonical"": null, ""count"": 1, ""note"": """", ""raw"": ""text-classification"", ""source"": ""inventory_task_category"", ""tier"": 3}, {""artifact"": ""ModelLakeFishing/stage1BuildTransferGraph/hf1000d_2000m/selected_1000_datasets.csv"", ""canonical"": null, ""count"": 1, ""note"": """", ""raw"": ""text-generation"", ""source"": ""inventory_task_category"", ""tier"": 3}]"
asnq,329,0,Other,question-answering,21,replace_Other_after_review,2,"[""dataset_card_task_id"", ""inventory_task_id""]","[{""artifact"": ""ModelLakeFishing/stage1BuildTransferGraph/hf1000d_2000m/hf_cache/datasets/AmazonScience__asnq.json"", ""canonical"": ""question-answering"", ""count"": 1, ""note"": """", ""raw"": ""multiple-choice-qa"", ""source"": ""dataset_card_task_id"", ""tier"": 2}, {""artifact"": ""ModelLakeFishing/stage1BuildTransferGraph/hf1000d_2000m/selected_1000_datasets.csv"", ""canonical"": ""question-answering"", ""count"": 1, ""note"": """", ""raw"": ""multiple-choice-qa"", ""source"": ""inventory_task_id"", ""tier"": 2}, {""artifact"": ""ModelLakeFishing/stage1BuildTransferGraph/hf1000d_2000m/hf_cache/datasets/AmazonScience__asnq.json"", ""canonical"": null, ""count"": 1, ""note"": """", ""raw"": ""multiple-choice"", ""source"": ""dataset_card_task_category"", ""tier"": 3}, {""artifact"": ""ModelLakeFishing/stage1BuildTransferGraph/hf1000d_2000m/selected_1000_datasets.csv"", ""canonical"": null, ""count"": 1, ""note"": """", ""raw"": ""multiple-choice"", ""source"": ""inventory_task_category"", ""tier"": 3}]"
code_search_net,330,0,Other,retrieval,22,replace_Other_after_review,1,"[""model_index_task""]","[{""artifact"": ""ModelLakeFishing/stage1BuildTransferGraph/hf1000d_2000m/hf_cache/models"", ""canonical"": ""retrieval"", ""count"": 48, ""note"": ""8 cached model files"", ""raw"": ""Retrieval"", ""source"": ""model_index_task"", ""tier"": 1}, {""artifact"": ""ModelLakeFishing/stage1BuildTransferGraph/hf1000d_2000m/hf_cache/models"", ""canonical"": ""retrieval"", ""count"": 1, ""note"": ""1 cached model files"", ""raw"": ""information-retrieval"", ""source"": ""model_index_task"", ""tier"": 1}, {""artifact"": ""ModelLakeFishing/stage1BuildTransferGraph/hf1000d_2000m/hf_cache/models"", ""canonical"": null, ""count"": 4, ""note"": ""4 cached model files"", ""raw"": ""text2text-generation"", ""source"": ""model_index_task"", ""tier"": 1}, {""artifact"": ""ModelLakeFishing/stage1BuildTransferGraph/hf1000d_2000m/hf_cache/datasets/code-search-net__code_search_net.json"", ""canonical"": ""language-modeling"", ""count"": 1, ""note"": """", ""raw"": ""language-modeling"", ""source"": ""dataset_card_task_id"", ""tier"": 2}, {""artifact"": ""ModelLakeFishing/stage1BuildTransferGraph/hf1000d_2000m/hf_cache/datasets/code-search-net__code_search_net.json"", ""canonical"": ""language-modeling"", ""count"": 1, ""note"": """", ""raw"": ""masked-language-modeling"", ""source"": ""dataset_card_task_id"", ""tier"": 2}, {""artifact"": ""ModelLakeFishing/stage1BuildTransferGraph/hf1000d_2000m/selected_1000_datasets.csv"", ""canonical"": ""language-modeling"", ""count"": 1, ""note"": """", ""raw"": ""language-modeling"", ""source"": ""inventory_task_id"", ""tier"": 2}, {""artifact"": ""ModelLakeFishing/stage1BuildTransferGraph/hf1000d_2000m/selected_1000_datasets.csv"", ""canonical"": ""language-modeling"", ""count"": 1, ""note"": """", ""raw"": ""masked-language-modeling"", ""source"": ""inventory_task_id"", ""tier"": 2}, {""artifact"": ""ModelLakeFishing/stage1BuildTransferGraph/hf1000d_2000m/hf_cache/datasets/code-search-net__code_search_net.json"", ""canonical"": null, ""count"": 1, ""note"": """", ""raw"": ""fill-mask"", ""source"": ""dataset_card_task_category"", ""tier"": 3}, {""artifact"": ""ModelLakeFishing/stage1BuildTransferGraph/hf1000d_2000m/hf_cache/datasets/code-search-net__code_search_net.json"", ""canonical"": null, ""count"": 1, ""note"": """", ""raw"": ""text-generation"", ""source"": ""dataset_card_task_category"", ""tier"": 3}, {""artifact"": ""ModelLakeFishing/stage1BuildTransferGraph/hf1000d_2000m/selected_1000_datasets.csv"", ""canonical"": null, ""count"": 1, ""note"": """", ""raw"": ""fill-mask"", ""source"": ""inventory_task_category"", ""tier"": 3}, {""artifact"": ""ModelLakeFishing/stage1BuildTransferGraph/hf1000d_2000m/selected_1000_datasets.csv"", ""canonical"": null, ""count"": 1, ""note"": """", ""raw"": ""text-generation"", ""source"": ""inventory_task_category"", ""tier"": 3}]"
aeslc,331,0,Other,summarization,24,replace_Other_after_review,3,"[""dataset_card_task_category"", ""inventory_task_category""]","[{""artifact"": ""ModelLakeFishing/stage1BuildTransferGraph/hf1000d_2000m/hf_cache/models"", ""canonical"": null, ""count"": 6, ""note"": ""6 cached model files"", ""raw"": ""text2text-generation"", ""source"": ""model_index_task"", ""tier"": 1}, {""artifact"": ""ModelLakeFishing/stage1BuildTransferGraph/hf1000d_2000m/hf_cache/datasets/Yale-LILY__aeslc.json"", ""canonical"": ""summarization"", ""count"": 1, ""note"": """", ""raw"": ""summarization"", ""source"": ""dataset_card_task_category"", ""tier"": 3}, {""artifact"": ""ModelLakeFishing/stage1BuildTransferGraph/hf1000d_2000m/selected_1000_datasets.csv"", ""canonical"": ""summarization"", ""count"": 1, ""note"": """", ""raw"": ""summarization"", ""source"": ""inventory_task_category"", ""tier"": 3}]"
loc_chronicling_america_1770-1810_issues,334,0,Other,retrieval,22,replace_Other_after_review,3,"[""dataset_card_task_category"", ""inventory_task_category""]","[{""artifact"": ""ModelLakeFishing/stage1BuildTransferGraph/hf1000d_2000m/hf_cache/datasets/RevolutionCrossroads__loc_chronicling_america_1770-1810_issues.json"", ""canonical"": null, ""count"": 1, ""note"": """", ""raw"": ""feature-extraction"", ""source"": ""dataset_card_task_category"", ""tier"": 3}, {""artifact"": ""ModelLakeFishing/stage1BuildTransferGraph/hf1000d_2000m/hf_cache/datasets/RevolutionCrossroads__loc_chronicling_america_1770-1810_issues.json"", ""canonical"": null, ""count"": 1, ""note"": """", ""raw"": ""image-to-text"", ""source"": ""dataset_card_task_category"", ""tier"": 3}, {""artifact"": ""ModelLakeFishing/stage1BuildTransferGraph/hf1000d_2000m/hf_cache/datasets/RevolutionCrossroads__loc_chronicling_america_1770-1810_issues.json"", ""canonical"": null, ""count"": 1, ""note"": """", ""raw"": ""text-classification"", ""source"": ""dataset_card_task_category"", ""tier"": 3}, {""artifact"": ""ModelLakeFishing/stage1BuildTransferGraph/hf1000d_2000m/hf_cache/datasets/RevolutionCrossroads__loc_chronicling_america_1770-1810_issues.json"", ""canonical"": ""retrieval"", ""count"": 1, ""note"": """", ""raw"": ""text-retrieval"", ""source"": ""dataset_card_task_category"", ""tier"": 3}, {""artifact"": ""ModelLakeFishing/stage1BuildTransferGraph/hf1000d_2000m/selected_1000_datasets.csv"", ""canonical"": null, ""count"": 1, ""note"": """", ""raw"": ""feature-extraction"", ""source"": ""inventory_task_category"", ""tier"": 3}, {""artifact"": ""ModelLakeFishing/stage1BuildTransferGraph/hf1000d_2000m/selected_1000_datasets.csv"", ""canonical"": null, ""count"": 1, ""note"": """", ""raw"": ""image-to-text"", ""source"": ""inventory_task_category"", ""tier"": 3}, {""artifact"": ""ModelLakeFishing/stage1BuildTransferGraph/hf1000d_2000m/selected_1000_datasets.csv"", ""canonical"": null, ""count"": 1, ""note"": """", ""raw"": ""text-classification"", ""source"": ""inventory_task_category"", ""tier"": 3}, {""artifact"": ""ModelLakeFishing/stage1BuildTransferGraph/hf1000d_2000m/selected_1000_datasets.csv"", ""canonical"": ""retrieval"", ""count"": 1, ""note"": """", ""raw"": ""text-retrieval"", ""source"": ""inventory_task_category"", ""tier"": 3}]"
samanantar,336,0,Other,translation,25,replace_Other_after_review,3,"[""dataset_card_task_category"", ""inventory_task_category""]","[{""artifact"": ""ModelLakeFishing/stage1BuildTransferGraph/hf1000d_2000m/hf_cache/datasets/ai4bharat__samanantar.json"", ""canonical"": null, ""count"": 1, ""note"": """", ""raw"": ""text-generation"", ""source"": ""dataset_card_task_category"", ""tier"": 3}, {""artifact"": ""ModelLakeFishing/stage1BuildTransferGraph/hf1000d_2000m/hf_cache/datasets/ai4bharat__samanantar.json"", ""canonical"": ""translation"", ""count"": 1, ""note"": """", ""raw"": ""translation"", ""source"": ""dataset_card_task_category"", ""tier"": 3}, {""artifact"": ""ModelLakeFishing/stage1BuildTransferGraph/hf1000d_2000m/selected_1000_datasets.csv"", ""canonical"": null, ""count"": 1, ""note"": """", ""raw"": ""text-generation"", ""source"": ""inventory_task_category"", ""tier"": 3}, {""artifact"": ""ModelLakeFishing/stage1BuildTransferGraph/hf1000d_2000m/selected_1000_datasets.csv"", ""canonical"": ""translation"", ""count"": 1, ""note"": """", ""raw"": ""translation"", ""source"": ""inventory_task_category"", ""tier"": 3}]"
cbt,337,0,Other,question-answering,21,replace_Other_after_review,2,"[""dataset_card_task_id"", ""inventory_task_id""]","[{""artifact"": ""ModelLakeFishing/stage1BuildTransferGraph/hf1000d_2000m/hf_cache/datasets/cam-cst__cbt.json"", ""canonical"": ""question-answering"", ""count"": 1, ""note"": """", ""raw"": ""multiple-choice-qa"", ""source"": ""dataset_card_task_id"", ""tier"": 2}, {""artifact"": ""ModelLakeFishing/stage1BuildTransferGraph/hf1000d_2000m/selected_1000_datasets.csv"", ""canonical"": ""question-answering"", ""count"": 1, ""note"": """", ""raw"": ""multiple-choice-qa"", ""source"": ""inventory_task_id"", ""tier"": 2}, {""artifact"": ""ModelLakeFishing/stage1BuildTransferGraph/hf1000d_2000m/hf_cache/datasets/cam-cst__cbt.json"", ""canonical"": null, ""count"": 1, ""note"": """", ""raw"": ""other"", ""source"": ""dataset_card_task_category"", ""tier"": 3}, {""artifact"": ""ModelLakeFishing/stage1BuildTransferGraph/hf1000d_2000m/hf_cache/datasets/cam-cst__cbt.json"", ""canonical"": ""question-answering"", ""count"": 1, ""note"": """", ""raw"": ""question-answering"", ""source"": ""dataset_card_task_category"", ""tier"": 3}, {""artifact"": ""ModelLakeFishing/stage1BuildTransferGraph/hf1000d_2000m/selected_1000_datasets.csv"", ""canonical"": null, ""count"": 1, ""note"": """", ""raw"": ""other"", ""source"": ""inventory_task_category"", ""tier"": 3}, {""artifact"": ""ModelLakeFishing/stage1BuildTransferGraph/hf1000d_2000m/selected_1000_datasets.csv"", ""canonical"": ""question-answering"", ""count"": 1, ""note"": """", ""raw"": ""question-answering"", ""source"": ""inventory_task_category"", ""tier"": 3}]"
de-wiktionary-extracted,339,0,Other,retrieval,22,replace_Other_after_review,3,"[""dataset_card_task_category"", ""inventory_task_category""]","[{""artifact"": ""ModelLakeFishing/stage1BuildTransferGraph/hf1000d_2000m/hf_cache/datasets/cstr__de-wiktionary-extracted.json"", ""canonical"": ""retrieval"", ""count"": 1, ""note"": """", ""raw"": ""text-retrieval"", ""source"": ""dataset_card_task_category"", ""tier"": 3}, {""artifact"": ""ModelLakeFishing/stage1BuildTransferGraph/hf1000d_2000m/selected_1000_datasets.csv"", ""canonical"": ""retrieval"", ""count"": 1, ""note"": """", ""raw"": ""text-retrieval"", ""source"": ""inventory_task_category"", ""tier"": 3}]"
samsum,340,0,Other,summarization,24,replace_Other_after_review,1,"[""model_index_task""]","[{""artifact"": ""ModelLakeFishing/stage1BuildTransferGraph/hf1000d_2000m/hf_cache/models"", ""canonical"": ""summarization"", ""count"": 1, ""note"": ""1 cached model files"", ""raw"": ""Summarization"", ""source"": ""model_index_task"", ""tier"": 1}, {""artifact"": ""ModelLakeFishing/stage1BuildTransferGraph/hf1000d_2000m/hf_cache/models"", ""canonical"": null, ""count"": 8, ""note"": ""8 cached model files"", ""raw"": ""abstractive-text-summarization"", ""source"": ""model_index_task"", ""tier"": 1}, {""artifact"": ""ModelLakeFishing/stage1BuildTransferGraph/hf1000d_2000m/hf_cache/models"", ""canonical"": ""summarization"", ""count"": 133, ""note"": ""130 cached model files"", ""raw"": ""summarization"", ""source"": ""model_index_task"", ""tier"": 1}, {""artifact"": ""ModelLakeFishing/stage1BuildTransferGraph/hf1000d_2000m/hf_cache/models"", ""canonical"": null, ""count"": 43, ""note"": ""43 cached model files"", ""raw"": ""text2text-generation"", ""source"": ""model_index_task"", ""tier"": 1}, {""artifact"": ""ModelLakeFishing/stage1BuildTransferGraph/hf1000d_2000m/hf_cache/datasets/knkarthick__samsum.json"", ""canonical"": ""summarization"", ""count"": 1, ""note"": """", ""raw"": ""summarization"", ""source"": ""dataset_card_task_category"", ""tier"": 3}, {""artifact"": ""ModelLakeFishing/stage1BuildTransferGraph/hf1000d_2000m/selected_1000_datasets.csv"", ""canonical"": ""summarization"", ""count"": 1, ""note"": """", ""raw"": ""summarization"", ""source"": ""inventory_task_category"", ""tier"": 3}]"
github-jupyter,341,0,Other,language-modeling,18,replace_Other_after_review,2,"[""dataset_card_task_id"", ""inventory_task_id""]","[{""artifact"": ""ModelLakeFishing/stage1BuildTransferGraph/hf1000d_2000m/hf_cache/datasets/codeparrot__github-jupyter.json"", ""canonical"": ""language-modeling"", ""count"": 1, ""note"": """", ""raw"": ""language-modeling"", ""source"": ""dataset_card_task_id"", ""tier"": 2}, {""artifact"": ""ModelLakeFishing/stage1BuildTransferGraph/hf1000d_2000m/selected_1000_datasets.csv"", ""canonical"": ""language-modeling"", ""count"": 1, ""note"": """", ""raw"": ""language-modeling"", ""source"": ""inventory_task_id"", ""tier"": 2}, {""artifact"": ""ModelLakeFishing/stage1BuildTransferGraph/hf1000d_2000m/hf_cache/datasets/codeparrot__github-jupyter.json"", ""canonical"": null, ""count"": 1, ""note"": """", ""raw"": ""text-generation"", ""source"": ""dataset_card_task_category"", ""tier"": 3}, {""artifact"": ""ModelLakeFishing/stage1BuildTransferGraph/hf1000d_2000m/selected_1000_datasets.csv"", ""canonical"": null, ""count"": 1, ""note"": """", ""raw"": ""text-generation"", ""source"": ""inventory_task_category"", ""tier"": 3}]"
airscape-dataset,343,0,Other,summarization,24,replace_Other_after_review,3,"[""dataset_card_task_category"", ""inventory_task_category""]","[{""artifact"": ""ModelLakeFishing/stage1BuildTransferGraph/hf1000d_2000m/hf_cache/datasets/EmbodiedCity__AirScape-Dataset.json"", ""canonical"": ""summarization"", ""count"": 1, ""note"": """", ""raw"": ""summarization"", ""source"": ""dataset_card_task_category"", ""tier"": 3}, {""artifact"": ""ModelLakeFishing/stage1BuildTransferGraph/hf1000d_2000m/selected_1000_datasets.csv"", ""canonical"": ""summarization"", ""count"": 1, ""note"": """", ""raw"": ""summarization"", ""source"": ""inventory_task_category"", ""tier"": 3}]"
wmt16,344,0,Other,translation,25,replace_Other_after_review,1,"[""model_index_task""]","[{""artifact"": ""ModelLakeFishing/stage1BuildTransferGraph/hf1000d_2000m/hf_cache/models"", ""canonical"": null, ""count"": 30, ""note"": ""30 cached model files"", ""raw"": ""text2text-generation"", ""source"": ""model_index_task"", ""tier"": 1}, {""artifact"": ""ModelLakeFishing/stage1BuildTransferGraph/hf1000d_2000m/hf_cache/models"", ""canonical"": ""translation"", ""count"": 10, ""note"": ""10 cached model files"", ""raw"": ""translation"", ""source"": ""model_index_task"", ""tier"": 1}, {""artifact"": ""ModelLakeFishing/stage1BuildTransferGraph/hf1000d_2000m/hf_cache/datasets/wmt__wmt16.json"", ""canonical"": ""translation"", ""count"": 1, ""note"": """", ""raw"": ""translation"", ""source"": ""dataset_card_task_category"", ""tier"": 3}, {""artifact"": ""ModelLakeFishing/stage1BuildTransferGraph/hf1000d_2000m/selected_1000_datasets.csv"", ""canonical"": ""translation"", ""count"": 1, ""note"": """", ""raw"": ""translation"", ""source"": ""inventory_task_category"", ""tier"": 3}]"
nanomsmarco,345,0,Other,retrieval,22,replace_Other_after_review,3,"[""dataset_card_task_category"", ""inventory_task_category""]","[{""artifact"": ""ModelLakeFishing/stage1BuildTransferGraph/hf1000d_2000m/hf_cache/models"", ""canonical"": null, ""count"": 3, ""note"": ""3 cached model files"", ""raw"": ""py-late-information-retrieval"", ""source"": ""model_index_task"", ""tier"": 1}, {""artifact"": ""ModelLakeFishing/stage1BuildTransferGraph/hf1000d_2000m/hf_cache/models"", ""canonical"": null, ""count"": 1, ""note"": ""1 cached model files"", ""raw"": ""sparse-information-retrieval"", ""source"": ""model_index_task"", ""tier"": 1}, {""artifact"": ""ModelLakeFishing/stage1BuildTransferGraph/hf1000d_2000m/hf_cache/datasets/zeta-alpha-ai__NanoMSMARCO.json"", ""canonical"": null, ""count"": 1, ""note"": """", ""raw"": ""document-retrieval"", ""source"": ""dataset_card_task_id"", ""tier"": 2}, {""artifact"": ""ModelLakeFishing/stage1BuildTransferGraph/hf1000d_2000m/selected_1000_datasets.csv"", ""canonical"": null, ""count"": 1, ""note"": """", ""raw"": ""document-retrieval"", ""source"": ""inventory_task_id"", ""tier"": 2}, {""artifact"": ""ModelLakeFishing/stage1BuildTransferGraph/hf1000d_2000m/hf_cache/datasets/zeta-alpha-ai__NanoMSMARCO.json"", ""canonical"": ""retrieval"", ""count"": 1, ""note"": """", ""raw"": ""text-retrieval"", ""source"": ""dataset_card_task_category"", ""tier"": 3}, {""artifact"": ""ModelLakeFishing/stage1BuildTransferGraph/hf1000d_2000m/selected_1000_datasets.csv"", ""canonical"": ""retrieval"", ""count"": 1, ""note"": """", ""raw"": ""text-retrieval"", ""source"": ""inventory_task_category"", ""tier"": 3}]"
shelf,346,0,Other,semantic-similarity,23,replace_Other_after_review,2,"[""dataset_card_task_id"", ""inventory_task_id""]","[{""artifact"": ""ModelLakeFishing/stage1BuildTransferGraph/hf1000d_2000m/hf_cache/datasets/mjbommar__SHELF.json"", ""canonical"": null, ""count"": 1, ""note"": """", ""raw"": ""document-retrieval"", ""source"": ""dataset_card_task_id"", ""tier"": 2}, {""artifact"": ""ModelLakeFishing/stage1BuildTransferGraph/hf1000d_2000m/hf_cache/datasets/mjbommar__SHELF.json"", ""canonical"": null, ""count"": 1, ""note"": """", ""raw"": ""multi-class-classification"", ""source"": ""dataset_card_task_id"", ""tier"": 2}, {""artifact"": ""ModelLakeFishing/stage1BuildTransferGraph/hf1000d_2000m/hf_cache/datasets/mjbommar__SHELF.json"", ""canonical"": null, ""count"": 1, ""note"": """", ""raw"": ""multi-label-classification"", ""source"": ""dataset_card_task_id"", ""tier"": 2}, {""artifact"": ""ModelLakeFishing/stage1BuildTransferGraph/hf1000d_2000m/hf_cache/datasets/mjbommar__SHELF.json"", ""canonical"": ""semantic-similarity"", ""count"": 1, ""note"": """", ""raw"": ""semantic-similarity-classification"", ""source"": ""dataset_card_task_id"", ""tier"": 2}, {""artifact"": ""ModelLakeFishing/stage1BuildTransferGraph/hf1000d_2000m/selected_1000_datasets.csv"", ""canonical"": null, ""count"": 1, ""note"": """", ""raw"": ""document-retrieval"", ""source"": ""inventory_task_id"", ""tier"": 2}, {""artifact"": ""ModelLakeFishing/stage1BuildTransferGraph/hf1000d_2000m/selected_1000_datasets.csv"", ""canonical"": null, ""count"": 1, ""note"": """", ""raw"": ""multi-class-classification"", ""source"": ""inventory_task_id"", ""tier"": 2}, {""artifact"": ""ModelLakeFishing/stage1BuildTransferGraph/hf1000d_2000m/selected_1000_datasets.csv"", ""canonical"": null, ""count"": 1, ""note"": """", ""raw"": ""multi-label-classification"", ""source"": ""inventory_task_id"", ""tier"": 2}, {""artifact"": ""ModelLakeFishing/stage1BuildTransferGraph/hf1000d_2000m/selected_1000_datasets.csv"", ""canonical"": ""semantic-similarity"", ""count"": 1, ""note"": """", ""raw"": ""semantic-similarity-classification"", ""source"": ""inventory_task_id"", ""tier"": 2}, {""artifact"": ""ModelLakeFishing/stage1BuildTransferGraph/hf1000d_2000m/hf_cache/datasets/mjbommar__SHELF.json"", ""canonical"": ""semantic-similarity"", ""count"": 1, ""note"": """", ""raw"": ""sentence-similarity"", ""source"": ""dataset_card_task_category"", ""tier"": 3}, {""artifact"": ""ModelLakeFishing/stage1BuildTransferGraph/hf1000d_2000m/hf_cache/datasets/mjbommar__SHELF.json"", ""canonical"": null, ""count"": 1, ""note"": """", ""raw"": ""text-classification"", ""source"": ""dataset_card_task_category"", ""tier"": 3}, {""artifact"": ""ModelLakeFishing/stage1BuildTransferGraph/hf1000d_2000m/hf_cache/datasets/mjbommar__SHELF.json"", ""canonical"": ""retrieval"", ""count"": 1, ""note"": """", ""raw"": ""text-retrieval"", ""source"": ""dataset_card_task_category"", ""tier"": 3}, {""artifact"": ""ModelLakeFishing/stage1BuildTransferGraph/hf1000d_2000m/selected_1000_datasets.csv"", ""canonical"": ""semantic-similarity"", ""count"": 1, ""note"": """", ""raw"": ""sentence-similarity"", ""source"": ""inventory_task_category"", ""tier"": 3}, {""artifact"": ""ModelLakeFishing/stage1BuildTransferGraph/hf1000d_2000m/selected_1000_datasets.csv"", ""canonical"": null, ""count"": 1, ""note"": """", ""raw"": ""text-classification"", ""source"": ""inventory_task_category"", ""tier"": 3}, {""artifact"": ""ModelLakeFishing/stage1BuildTransferGraph/hf1000d_2000m/selected_1000_datasets.csv"", ""canonical"": ""retrieval"", ""count"": 1, ""note"": """", ""raw"": ""text-retrieval"", ""source"": ""inventory_task_category"", ""tier"": 3}]"
sujet-finance-instruct-177k,347,0,Other,question-answering,21,replace_Other_after_review,3,"[""dataset_card_task_category"", ""inventory_task_category""]","[{""artifact"": ""ModelLakeFishing/stage1BuildTransferGraph/hf1000d_2000m/hf_cache/datasets/sujet-ai__Sujet-Finance-Instruct-177k.json"", ""canonical"": ""question-answering"", ""count"": 1, ""note"": """", ""raw"": ""question-answering"", ""source"": ""dataset_card_task_category"", ""tier"": 3}, {""artifact"": ""ModelLakeFishing/stage1BuildTransferGraph/hf1000d_2000m/hf_cache/datasets/sujet-ai__Sujet-Finance-Instruct-177k.json"", ""canonical"": null, ""count"": 1, ""note"": """", ""raw"": ""text-generation"", ""source"": ""dataset_card_task_category"", ""tier"": 3}, {""artifact"": ""ModelLakeFishing/stage1BuildTransferGraph/hf1000d_2000m/hf_cache/datasets/sujet-ai__Sujet-Finance-Instruct-177k.json"", ""canonical"": null, ""count"": 1, ""note"": """", ""raw"": ""text2text-generation"", ""source"": ""dataset_card_task_category"", ""tier"": 3}, {""artifact"": ""ModelLakeFishing/stage1BuildTransferGraph/hf1000d_2000m/selected_1000_datasets.csv"", ""canonical"": ""question-answering"", ""count"": 1, ""note"": """", ""raw"": ""question-answering"", ""source"": ""inventory_task_category"", ""tier"": 3}, {""artifact"": ""ModelLakeFishing/stage1BuildTransferGraph/hf1000d_2000m/selected_1000_datasets.csv"", ""canonical"": null, ""count"": 1, ""note"": """", ""raw"": ""text-generation"", ""source"": ""inventory_task_category"", ""tier"": 3}, {""artifact"": ""ModelLakeFishing/stage1BuildTransferGraph/hf1000d_2000m/selected_1000_datasets.csv"", ""canonical"": null, ""count"": 1, ""note"": """", ""raw"": ""text2text-generation"", ""source"": ""inventory_task_category"", ""tier"": 3}]"
opus_books,349,0,Other,translation,25,replace_Other_after_review,3,"[""dataset_card_task_category"", ""inventory_task_category""]","[{""artifact"": ""ModelLakeFishing/stage1BuildTransferGraph/hf1000d_2000m/hf_cache/models"", ""canonical"": null, ""count"": 67, ""note"": ""67 cached model files"", ""raw"": ""text2text-generation"", ""source"": ""model_index_task"", ""tier"": 1}, {""artifact"": ""ModelLakeFishing/stage1BuildTransferGraph/hf1000d_2000m/hf_cache/datasets/Helsinki-NLP__opus_books.json"", ""canonical"": ""translation"", ""count"": 1, ""note"": """", ""raw"": ""translation"", ""source"": ""dataset_card_task_category"", ""tier"": 3}, {""artifact"": ""ModelLakeFishing/stage1BuildTransferGraph/hf1000d_2000m/selected_1000_datasets.csv"", ""canonical"": ""translation"", ""count"": 1, ""note"": """", ""raw"": ""translation"", ""source"": ""inventory_task_category"", ""tier"": 3}]"
human_behavior_atlas,350,0,Other,question-answering,21,replace_Other_after_review,3,"[""dataset_card_task_category"", ""inventory_task_category""]","[{""artifact"": ""ModelLakeFishing/stage1BuildTransferGraph/hf1000d_2000m/hf_cache/datasets/HumanBehaviorAtlas__human_behavior_atlas.json"", ""canonical"": null, ""count"": 1, ""note"": """", ""raw"": ""any-to-any"", ""source"": ""dataset_card_task_category"", ""tier"": 3}, {""artifact"": ""ModelLakeFishing/stage1BuildTransferGraph/hf1000d_2000m/hf_cache/datasets/HumanBehaviorAtlas__human_behavior_atlas.json"", ""canonical"": null, ""count"": 1, ""note"": """", ""raw"": ""audio-classification"", ""source"": ""dataset_card_task_category"", ""tier"": 3}, {""artifact"": ""ModelLakeFishing/stage1BuildTransferGraph/hf1000d_2000m/hf_cache/datasets/HumanBehaviorAtlas__human_behavior_atlas.json"", ""canonical"": ""question-answering"", ""count"": 1, ""note"": """", ""raw"": ""question-answering"", ""source"": ""dataset_card_task_category"", ""tier"": 3}, {""artifact"": ""ModelLakeFishing/stage1BuildTransferGraph/hf1000d_2000m/hf_cache/datasets/HumanBehaviorAtlas__human_behavior_atlas.json"", ""canonical"": null, ""count"": 1, ""note"": """", ""raw"": ""text-classification"", ""source"": ""dataset_card_task_category"", ""tier"": 3}, {""artifact"": ""ModelLakeFishing/stage1BuildTransferGraph/hf1000d_2000m/hf_cache/datasets/HumanBehaviorAtlas__human_behavior_atlas.json"", ""canonical"": null, ""count"": 1, ""note"": """", ""raw"": ""video-classification"", ""source"": ""dataset_card_task_category"", ""tier"": 3}, {""artifact"": ""ModelLakeFishing/stage1BuildTransferGraph/hf1000d_2000m/hf_cache/datasets/HumanBehaviorAtlas__human_behavior_atlas.json"", ""canonical"": ""question-answering"", ""count"": 1, ""note"": """", ""raw"": ""visual-question-answering"", ""source"": ""dataset_card_task_category"", ""tier"": 3}, {""artifact"": ""ModelLakeFishing/stage1BuildTransferGraph/hf1000d_2000m/selected_1000_datasets.csv"", ""canonical"": null, ""count"": 1, ""note"": """", ""raw"": ""any-to-any"", ""source"": ""inventory_task_category"", ""tier"": 3}, {""artifact"": ""ModelLakeFishing/stage1BuildTransferGraph/hf1000d_2000m/selected_1000_datasets.csv"", ""canonical"": null, ""count"": 1, ""note"": """", ""raw"": ""audio-classification"", ""source"": ""inventory_task_category"", ""tier"": 3}, {""artifact"": ""ModelLakeFishing/stage1BuildTransferGraph/hf1000d_2000m/selected_1000_datasets.csv"", ""canonical"": ""question-answering"", ""count"": 1, ""note"": """", ""raw"": ""question-answering"", ""source"": ""inventory_task_category"", ""tier"": 3}, {""artifact"": ""ModelLakeFishing/stage1BuildTransferGraph/hf1000d_2000m/selected_1000_datasets.csv"", ""canonical"": null, ""count"": 1, ""note"": """", ""raw"": ""text-classification"", ""source"": ""inventory_task_category"", ""tier"": 3}, {""artifact"": ""ModelLakeFishing/stage1BuildTransferGraph/hf1000d_2000m/selected_1000_datasets.csv"", ""canonical"": null, ""count"": 1, ""note"": """", ""raw"": ""video-classification"", ""source"": ""inventory_task_category"", ""tier"": 3}, {""artifact"": ""ModelLakeFishing/stage1BuildTransferGraph/hf1000d_2000m/selected_1000_datasets.csv"", ""canonical"": ""question-answering"", ""count"": 1, ""note"": """", ""raw"": ""visual-question-answering"", ""source"": ""inventory_task_category"", ""tier"": 3}]"
parallel-sentences-tatoeba,351,0,Other,semantic-similarity,23,replace_Other_after_review,3,"[""dataset_card_task_category"", ""inventory_task_category""]","[{""artifact"": ""ModelLakeFishing/stage1BuildTransferGraph/hf1000d_2000m/hf_cache/datasets/sentence-transformers__parallel-sentences-tatoeba.json"", ""canonical"": null, ""count"": 1, ""note"": """", ""raw"": ""feature-extraction"", ""source"": ""dataset_card_task_category"", ""tier"": 3}, {""artifact"": ""ModelLakeFishing/stage1BuildTransferGraph/hf1000d_2000m/hf_cache/datasets/sentence-transformers__parallel-sentences-tatoeba.json"", ""canonical"": ""semantic-similarity"", ""count"": 1, ""note"": """", ""raw"": ""sentence-similarity"", ""source"": ""dataset_card_task_category"", ""tier"": 3}, {""artifact"": ""ModelLakeFishing/stage1BuildTransferGraph/hf1000d_2000m/selected_1000_datasets.csv"", ""canonical"": null, ""count"": 1, ""note"": """", ""raw"": ""feature-extraction"", ""source"": ""inventory_task_category"", ""tier"": 3}, {""artifact"": ""ModelLakeFishing/stage1BuildTransferGraph/hf1000d_2000m/selected_1000_datasets.csv"", ""canonical"": ""semantic-similarity"", ""count"": 1, ""note"": """", ""raw"": ""sentence-similarity"", ""source"": ""inventory_task_category"", ""tier"": 3}]"
duorc,356,0,Other,question-answering,21,replace_Other_after_review,2,"[""dataset_card_task_id"", ""inventory_task_id""]","[{""artifact"": ""ModelLakeFishing/stage1BuildTransferGraph/hf1000d_2000m/hf_cache/datasets/ibm-research__duorc.json"", ""canonical"": null, ""count"": 1, ""note"": """", ""raw"": ""abstractive-qa"", ""source"": ""dataset_card_task_id"", ""tier"": 2}, {""artifact"": ""ModelLakeFishing/stage1BuildTransferGraph/hf1000d_2000m/hf_cache/datasets/ibm-research__duorc.json"", ""canonical"": ""question-answering"", ""count"": 1, ""note"": """", ""raw"": ""extractive-qa"", ""source"": ""dataset_card_task_id"", ""tier"": 2}, {""artifact"": ""ModelLakeFishing/stage1BuildTransferGraph/hf1000d_2000m/selected_1000_datasets.csv"", ""canonical"": null, ""count"": 1, ""note"": """", ""raw"": ""abstractive-qa"", ""source"": ""inventory_task_id"", ""tier"": 2}, {""artifact"": ""ModelLakeFishing/stage1BuildTransferGraph/hf1000d_2000m/selected_1000_datasets.csv"", ""canonical"": ""question-answering"", ""count"": 1, ""note"": """", ""raw"": ""extractive-qa"", ""source"": ""inventory_task_id"", ""tier"": 2}, {""artifact"": ""ModelLakeFishing/stage1BuildTransferGraph/hf1000d_2000m/hf_cache/datasets/ibm-research__duorc.json"", ""canonical"": ""question-answering"", ""count"": 1, ""note"": """", ""raw"": ""question-answering"", ""source"": ""dataset_card_task_category"", ""tier"": 3}, {""artifact"": ""ModelLakeFishing/stage1BuildTransferGraph/hf1000d_2000m/hf_cache/datasets/ibm-research__duorc.json"", ""canonical"": null, ""count"": 1, ""note"": """", ""raw"": ""text2text-generation"", ""source"": ""dataset_card_task_category"", ""tier"": 3}, {""artifact"": ""ModelLakeFishing/stage1BuildTransferGraph/hf1000d_2000m/selected_1000_datasets.csv"", ""canonical"": ""question-answering"", ""count"": 1, ""note"": """", ""raw"": ""question-answering"", ""source"": ""inventory_task_category"", ""tier"": 3}, {""artifact"": ""ModelLakeFishing/stage1BuildTransferGraph/hf1000d_2000m/selected_1000_datasets.csv"", ""canonical"": null, ""count"": 1, ""note"": """", ""raw"": ""text2text-generation"", ""source"": ""inventory_task_category"", ""tier"": 3}]"
aqua_rat,357,0,Other,question-answering,21,replace_Other_after_review,2,"[""dataset_card_task_id"", ""inventory_task_id""]","[{""artifact"": ""ModelLakeFishing/stage1BuildTransferGraph/hf1000d_2000m/hf_cache/datasets/deepmind__aqua_rat.json"", ""canonical"": ""question-answering"", ""count"": 1, ""note"": """", ""raw"": ""multiple-choice-qa"", ""source"": ""dataset_card_task_id"", ""tier"": 2}, {""artifact"": ""ModelLakeFishing/stage1BuildTransferGraph/hf1000d_2000m/selected_1000_datasets.csv"", ""canonical"": ""question-answering"", ""count"": 1, ""note"": """", ""raw"": ""multiple-choice-qa"", ""source"": ""inventory_task_id"", ""tier"": 2}, {""artifact"": ""ModelLakeFishing/stage1BuildTransferGraph/hf1000d_2000m/hf_cache/datasets/deepmind__aqua_rat.json"", ""canonical"": ""question-answering"", ""count"": 1, ""note"": """", ""raw"": ""question-answering"", ""source"": ""dataset_card_task_category"", ""tier"": 3}, {""artifact"": ""ModelLakeFishing/stage1BuildTransferGraph/hf1000d_2000m/selected_1000_datasets.csv"", ""canonical"": ""question-answering"", ""count"": 1, ""note"": """", ""raw"": ""question-answering"", ""source"": ""inventory_task_category"", ""tier"": 3}]"
nanonq,359,0,Other,retrieval,22,replace_Other_after_review,3,"[""dataset_card_task_category"", ""inventory_task_category""]","[{""artifact"": ""ModelLakeFishing/stage1BuildTransferGraph/hf1000d_2000m/hf_cache/models"", ""canonical"": null, ""count"": 3, ""note"": ""3 cached model files"", ""raw"": ""py-late-information-retrieval"", ""source"": ""model_index_task"", ""tier"": 1}, {""artifact"": ""ModelLakeFishing/stage1BuildTransferGraph/hf1000d_2000m/hf_cache/models"", ""canonical"": null, ""count"": 1, ""note"": ""1 cached model files"", ""raw"": ""sparse-information-retrieval"", ""source"": ""model_index_task"", ""tier"": 1}, {""artifact"": ""ModelLakeFishing/stage1BuildTransferGraph/hf1000d_2000m/hf_cache/datasets/zeta-alpha-ai__NanoNQ.json"", ""canonical"": null, ""count"": 1, ""note"": """", ""raw"": ""document-retrieval"", ""source"": ""dataset_card_task_id"", ""tier"": 2}, {""artifact"": ""ModelLakeFishing/stage1BuildTransferGraph/hf1000d_2000m/selected_1000_datasets.csv"", ""canonical"": null, ""count"": 1, ""note"": """", ""raw"": ""document-retrieval"", ""source"": ""inventory_task_id"", ""tier"": 2}, {""artifact"": ""ModelLakeFishing/stage1BuildTransferGraph/hf1000d_2000m/hf_cache/datasets/zeta-alpha-ai__NanoNQ.json"", ""canonical"": ""retrieval"", ""count"": 1, ""note"": """", ""raw"": ""text-retrieval"", ""source"": ""dataset_card_task_category"", ""tier"": 3}, {""artifact"": ""ModelLakeFishing/stage1BuildTransferGraph/hf1000d_2000m/selected_1000_datasets.csv"", ""canonical"": ""retrieval"", ""count"": 1, ""note"": """", ""raw"": ""text-retrieval"", ""source"": ""inventory_task_category"", ""tier"": 3}]"
wikipedia2,361,0,Other,language-modeling,18,replace_Other_after_review,2,"[""dataset_card_task_id"", ""inventory_task_id""]","[{""artifact"": ""ModelLakeFishing/stage1BuildTransferGraph/hf1000d_2000m/hf_cache/datasets/AiHazz__wikipedia2.json"", ""canonical"": ""language-modeling"", ""count"": 1, ""note"": """", ""raw"": ""language-modeling"", ""source"": ""dataset_card_task_id"", ""tier"": 2}, {""artifact"": ""ModelLakeFishing/stage1BuildTransferGraph/hf1000d_2000m/hf_cache/datasets/AiHazz__wikipedia2.json"", ""canonical"": ""language-modeling"", ""count"": 1, ""note"": """", ""raw"": ""masked-language-modeling"", ""source"": ""dataset_card_task_id"", ""tier"": 2}, {""artifact"": ""ModelLakeFishing/stage1BuildTransferGraph/hf1000d_2000m/selected_1000_datasets.csv"", ""canonical"": ""language-modeling"", ""count"": 1, ""note"": """", ""raw"": ""language-modeling"", ""source"": ""inventory_task_id"", ""tier"": 2}, {""artifact"": ""ModelLakeFishing/stage1BuildTransferGraph/hf1000d_2000m/selected_1000_datasets.csv"", ""canonical"": ""language-modeling"", ""count"": 1, ""note"": """", ""raw"": ""masked-language-modeling"", ""source"": ""inventory_task_id"", ""tier"": 2}, {""artifact"": ""ModelLakeFishing/stage1BuildTransferGraph/hf1000d_2000m/hf_cache/datasets/AiHazz__wikipedia2.json"", ""canonical"": null, ""count"": 1, ""note"": """", ""raw"": ""fill-mask"", ""source"": ""dataset_card_task_category"", ""tier"": 3}, {""artifact"": ""ModelLakeFishing/stage1BuildTransferGraph/hf1000d_2000m/hf_cache/datasets/AiHazz__wikipedia2.json"", ""canonical"": null, ""count"": 1, ""note"": """", ""raw"": ""text-generation"", ""source"": ""dataset_card_task_category"", ""tier"": 3}, {""artifact"": ""ModelLakeFishing/stage1BuildTransferGraph/hf1000d_2000m/selected_1000_datasets.csv"", ""canonical"": null, ""count"": 1, ""note"": """", ""raw"": ""fill-mask"", ""source"": ""inventory_task_category"", ""tier"": 3}, {""artifact"": ""ModelLakeFishing/stage1BuildTransferGraph/hf1000d_2000m/selected_1000_datasets.csv"", ""canonical"": null, ""count"": 1, ""note"": """", ""raw"": ""text-generation"", ""source"": ""inventory_task_category"", ""tier"": 3}]"
