id,scope,seed,name,unit,status,old_value,new_value,delta_new_minus_old,old_display_precision,old_source_section,new_reason
hnsw1000_task_prior.gold_at_1.0,hnsw1000_task_prior,0,gold_at_1,fraction,recomputed,0.1599,0.15853658536585366,-0.001363414634146326,4 decimal places,5.4,
hnsw1000_task_prior.gold_at_1.1,hnsw1000_task_prior,1,gold_at_1,fraction,recomputed,0.1117,0.12170753860127158,0.010007538601271584,4 decimal places,5.4,
hnsw1000_task_prior.gold_at_1.2,hnsw1000_task_prior,2,gold_at_1,fraction,recomputed,0.1107,0.1022653721682848,-0.00843462783171521,4 decimal places,5.4,
hnsw1000_task_prior.gold_at_1.mean,hnsw1000_task_prior,mean,gold_at_1,fraction,recomputed,0.1274,0.12750316537847,0.00010316537846999374,4 decimal places,5.4,
hnsw1000_task_prior.gold_at_10.0,hnsw1000_task_prior,0,gold_at_10,fraction,recomputed,0.3279132791,0.3319783197831978,0.004065040683197796,10 decimal places,5.4,
hnsw1000_task_prior.gold_at_10.1,hnsw1000_task_prior,1,gold_at_10,fraction,recomputed,0.3387829246,0.3369663941871026,-0.0018165304128973658,10 decimal places,5.4,
hnsw1000_task_prior.gold_at_10.2,hnsw1000_task_prior,2,gold_at_10,fraction,recomputed,0.2427184466,0.22135922330097088,-0.021359223299029118,10 decimal places,5.4,
hnsw1000_task_prior.gold_at_10.mean,hnsw1000_task_prior,mean,gold_at_10,fraction,recomputed,0.3031382168,0.2967679790904238,-0.006370237709576232,10 decimal places,5.4,
hnsw1000_task_prior.top3_at_10.0,hnsw1000_task_prior,0,top3_at_10,fraction,recomputed,0.3984,0.37398373983739835,-0.024416260162601622,4 decimal places,5.4,
hnsw1000_task_prior.top3_at_10.1,hnsw1000_task_prior,1,top3_at_10,fraction,recomputed,0.4269,0.40962761126248864,-0.017272388737511357,4 decimal places,5.4,
hnsw1000_task_prior.top3_at_10.2,hnsw1000_task_prior,2,top3_at_10,fraction,recomputed,0.2958,0.2627831715210356,-0.03301682847896442,4 decimal places,5.4,
hnsw1000_task_prior.top3_at_10.mean,hnsw1000_task_prior,mean,top3_at_10,fraction,recomputed,0.3737,0.3487981742069742,-0.0249018257930258,4 decimal places,5.4,
hnsw1000_task_prior.gold_gap_at_10.0,hnsw1000_task_prior,0,gold_gap_at_10,fraction,recomputed,0.3814,0.35501355013550134,-0.026386449864498673,4 decimal places,5.4,
hnsw1000_task_prior.gold_gap_at_10.1,hnsw1000_task_prior,1,gold_gap_at_10,fraction,recomputed,0.386,0.36603088101725706,-0.01996911898274295,4 decimal places,5.4,
hnsw1000_task_prior.gold_gap_at_10.2,hnsw1000_task_prior,2,gold_gap_at_10,fraction,recomputed,0.2777,0.23106796116504855,-0.046632038834951456,4 decimal places,5.4,
hnsw1000_task_prior.gold_gap_at_10.mean,hnsw1000_task_prior,mean,gold_gap_at_10,fraction,recomputed,0.3484,0.317370797439269,-0.031029202560730995,4 decimal places,5.4,
hnsw1000_task_prior.root_macro_gold_at_10.0,hnsw1000_task_prior,0,root_macro_gold_at_10,fraction,recomputed,0.2515,0.25154967867799427,4.967867799426928e-05,4 decimal places,5.4,
hnsw1000_task_prior.root_macro_gold_at_10.1,hnsw1000_task_prior,1,root_macro_gold_at_10,fraction,recomputed,0.2591,0.25661730162693747,-0.0024826983730625307,4 decimal places,5.4,
hnsw1000_task_prior.root_macro_gold_at_10.2,hnsw1000_task_prior,2,root_macro_gold_at_10,fraction,recomputed,0.1903,0.2470558234677836,0.0567558234677836,4 decimal places,5.4,
hnsw1000_task_prior.root_macro_gold_at_10.mean,hnsw1000_task_prior,mean,root_macro_gold_at_10,fraction,recomputed,0.2336,0.25174093459090513,0.018140934590905128,4 decimal places,5.4,
hnsw1000_task_prior.gold_gap_at_1.0,hnsw1000_task_prior,0,gold_gap_at_1,fraction,recomputed,,0.21205962059620595,,,,
hnsw1000_task_prior.gold_gap_at_1.1,hnsw1000_task_prior,1,gold_gap_at_1,fraction,recomputed,,0.15985467756584923,,,,
hnsw1000_task_prior.gold_gap_at_1.2,hnsw1000_task_prior,2,gold_gap_at_1,fraction,recomputed,,0.13333333333333333,,,,
hnsw1000_task_prior.gold_gap_at_1.mean,hnsw1000_task_prior,mean,gold_gap_at_1,fraction,recomputed,,0.1684158771651295,,,,
hnsw1000_task_prior.root_macro_gold_at_1.0,hnsw1000_task_prior,0,root_macro_gold_at_1,fraction,recomputed,,0.0828879417280182,,,,
hnsw1000_task_prior.root_macro_gold_at_1.1,hnsw1000_task_prior,1,root_macro_gold_at_1,fraction,recomputed,,0.09435163385455782,,,,
hnsw1000_task_prior.root_macro_gold_at_1.2,hnsw1000_task_prior,2,root_macro_gold_at_1,fraction,recomputed,,0.05366128334566873,,,,
hnsw1000_task_prior.root_macro_gold_at_1.mean,hnsw1000_task_prior,mean,root_macro_gold_at_1,fraction,recomputed,,0.07696695297608158,,,,
hnsw1000_task_prior.root_macro_top3_at_10.0,hnsw1000_task_prior,0,root_macro_top3_at_10,fraction,recomputed,,0.31202585242814057,,,,
hnsw1000_task_prior.root_macro_top3_at_10.1,hnsw1000_task_prior,1,root_macro_top3_at_10,fraction,recomputed,,0.31457248700902346,,,,
hnsw1000_task_prior.root_macro_top3_at_10.2,hnsw1000_task_prior,2,root_macro_top3_at_10,fraction,recomputed,,0.30218286143535317,,,,
hnsw1000_task_prior.root_macro_top3_at_10.mean,hnsw1000_task_prior,mean,root_macro_top3_at_10,fraction,recomputed,,0.30959373362417236,,,,
hnsw1000_task_prior.root_macro_gold_gap_at_10.0,hnsw1000_task_prior,0,root_macro_gold_gap_at_10,fraction,recomputed,,0.27918949092054623,,,,
hnsw1000_task_prior.root_macro_gold_gap_at_10.1,hnsw1000_task_prior,1,root_macro_gold_gap_at_10,fraction,recomputed,,0.28325048777693645,,,,
hnsw1000_task_prior.root_macro_gold_gap_at_10.2,hnsw1000_task_prior,2,root_macro_gold_gap_at_10,fraction,recomputed,,0.26857856429285,,,,
hnsw1000_task_prior.root_macro_gold_gap_at_10.mean,hnsw1000_task_prior,mean,root_macro_gold_gap_at_10,fraction,recomputed,,0.2770061809967776,,,,
hnsw1000_task_prior.queries.0,hnsw1000_task_prior,0,queries,query,recomputed,1476,1476,0,integer,5.4,
hnsw1000_task_prior.roots.0,hnsw1000_task_prior,0,roots,root,recomputed,,730,,,,
hnsw1000_task_prior.candidate_models.0,hnsw1000_task_prior,0,candidate_models,model,recomputed,,3016439,,,,
hnsw1000_task_prior.pool_size.0,hnsw1000_task_prior,0,pool_size,candidate/query,recomputed,,1000,,,,
hnsw1000_task_prior.return_size.0,hnsw1000_task_prior,0,return_size,model/query,recomputed,,10,,,,
hnsw1000_task_prior.queries.1,hnsw1000_task_prior,1,queries,query,recomputed,1101,1101,0,integer,5.4,
hnsw1000_task_prior.roots.1,hnsw1000_task_prior,1,roots,root,recomputed,,495,,,,
hnsw1000_task_prior.candidate_models.1,hnsw1000_task_prior,1,candidate_models,model,recomputed,,3016439,,,,
hnsw1000_task_prior.pool_size.1,hnsw1000_task_prior,1,pool_size,candidate/query,recomputed,,1000,,,,
hnsw1000_task_prior.return_size.1,hnsw1000_task_prior,1,return_size,model/query,recomputed,,10,,,,
hnsw1000_task_prior.queries.2,hnsw1000_task_prior,2,queries,query,recomputed,1545,1545,0,integer,5.4,
hnsw1000_task_prior.roots.2,hnsw1000_task_prior,2,roots,root,recomputed,,473,,,,
hnsw1000_task_prior.candidate_models.2,hnsw1000_task_prior,2,candidate_models,model,recomputed,,3016439,,,,
hnsw1000_task_prior.pool_size.2,hnsw1000_task_prior,2,pool_size,candidate/query,recomputed,,1000,,,,
hnsw1000_task_prior.return_size.2,hnsw1000_task_prior,2,return_size,model/query,recomputed,,10,,,,
hnsw1000_task_prior.query_observations.sum,hnsw1000_task_prior,sum,query_observations,query observation,recomputed,,4122.0,,,,
hnsw1000_task_prior.quality_success_counts.0,hnsw1000_task_prior,0,quality_success_counts,counts by metric/root,recomputed,,"{""gold@1"": 234, ""gold@10"": 490, ""top3@10"": 552, ""gold-gap@1"": 313, ""gold-gap@10"": 524}",,,,
hnsw1000_task_prior.quality_success_counts.1,hnsw1000_task_prior,1,quality_success_counts,counts by metric/root,recomputed,,"{""gold@1"": 134, ""gold@10"": 371, ""top3@10"": 451, ""gold-gap@1"": 176, ""gold-gap@10"": 403}",,,,
hnsw1000_task_prior.quality_success_counts.2,hnsw1000_task_prior,2,quality_success_counts,counts by metric/root,recomputed,,"{""gold@1"": 158, ""gold@10"": 342, ""top3@10"": 406, ""gold-gap@1"": 206, ""gold-gap@10"": 357}",,,,
hnsw1000_task_prior.quality_success_counts.mean,hnsw1000_task_prior,mean,quality_success_counts,counts by metric/root,recomputed,,"{""gold@1"": 175.33333333333334, ""gold@10"": 401.0, ""top3@10"": 469.6666666666667, ""gold-gap@1"": 231.66666666666666, ""gold-gap@10"": 428.0}",,,,
hnsw1000_task_prior.extra_original_scorer_fields.0,hnsw1000_task_prior,0,extra_original_scorer_fields,named record,recomputed,,"{""gold@1"": 0.15853658536585366, ""gold@10"": 0.3319783197831978, ""top3@10"": 0.37398373983739835, ""gold-gap@1"": 0.21205962059620595, ""gold-gap@10"": 0.35501355013550134, ""root_gold@1"": 0.0828879417280182, ""root_gold@10"": 0.25154967867799427, ""root_top3@10"": 0.31202585242814057, ""root_gold-gap@10"": 0.27918949092054623, ""n_queries"": 1476, ""n_roots"": 730, ""N"": 1000, ""median_gold_rank"": null, ""median_rank_over_N"": null, ""vs_random"": null, ""gold_in_first_stage@1000"": 0.5392953929539296, ""median_gold_rank_if_retrieved"": 4.0, ""gold_retrieved_query_count"": 796, ""candidate_universe_N"": 3016439, ""rerank_K"": 1000, ""return_k"": 10}",,,,
hnsw1000_task_prior.extra_original_scorer_fields.1,hnsw1000_task_prior,1,extra_original_scorer_fields,named record,recomputed,,"{""gold@1"": 0.12170753860127158, ""gold@10"": 0.3369663941871026, ""top3@10"": 0.40962761126248864, ""gold-gap@1"": 0.15985467756584923, ""gold-gap@10"": 0.36603088101725706, ""root_gold@1"": 0.09435163385455782, ""root_gold@10"": 0.25661730162693747, ""root_top3@10"": 0.31457248700902346, ""root_gold-gap@10"": 0.28325048777693645, ""n_queries"": 1101, ""n_roots"": 495, ""N"": 1000, ""median_gold_rank"": null, ""median_rank_over_N"": null, ""vs_random"": null, ""gold_in_first_stage@1000"": 0.5740236148955495, ""median_gold_rank_if_retrieved"": 5.0, ""gold_retrieved_query_count"": 632, ""candidate_universe_N"": 3016439, ""rerank_K"": 1000, ""return_k"": 10}",,,,
hnsw1000_task_prior.extra_original_scorer_fields.2,hnsw1000_task_prior,2,extra_original_scorer_fields,named record,recomputed,,"{""gold@1"": 0.1022653721682848, ""gold@10"": 0.22135922330097088, ""top3@10"": 0.2627831715210356, ""gold-gap@1"": 0.13333333333333333, ""gold-gap@10"": 0.23106796116504855, ""root_gold@1"": 0.05366128334566873, ""root_gold@10"": 0.2470558234677836, ""root_top3@10"": 0.30218286143535317, ""root_gold-gap@10"": 0.26857856429285, ""n_queries"": 1545, ""n_roots"": 473, ""N"": 1000, ""median_gold_rank"": null, ""median_rank_over_N"": null, ""vs_random"": null, ""gold_in_first_stage@1000"": 0.37087378640776697, ""median_gold_rank_if_retrieved"": 4.0, ""gold_retrieved_query_count"": 573, ""candidate_universe_N"": 3016439, ""rerank_K"": 1000, ""return_k"": 10}",,,,
hnsw1000_task_prior.extra_original_scorer_fields.mean,hnsw1000_task_prior,mean,extra_original_scorer_fields,named record,recomputed,,"{""gold@1"": 0.12750316537847, ""gold@10"": 0.2967679790904238, ""top3@10"": 0.3487981742069742, ""gold-gap@1"": 0.1684158771651295, ""gold-gap@10"": 0.317370797439269, ""root_gold@1"": 0.07696695297608158, ""root_gold@10"": 0.25174093459090513, ""root_top3@10"": 0.30959373362417236, ""root_gold-gap@10"": 0.2770061809967776, ""n_queries"": 1374.0, ""n_roots"": 566.0, ""N"": 1000.0, ""median_gold_rank"": null, ""median_rank_over_N"": null, ""vs_random"": null, ""gold_in_first_stage@1000"": 0.494730931419082, ""median_gold_rank_if_retrieved"": 4.333333333333333, ""gold_retrieved_query_count"": 667.0, ""candidate_universe_N"": 3016439.0, ""rerank_K"": 1000.0, ""return_k"": 10.0}",,,,
exact1000_task_prior.gold_at_1.0,exact1000_task_prior,0,gold_at_1,fraction,recomputed,,0.15853658536585366,,,,
exact1000_task_prior.gold_at_1.1,exact1000_task_prior,1,gold_at_1,fraction,recomputed,,0.12170753860127158,,,,
exact1000_task_prior.gold_at_1.2,exact1000_task_prior,2,gold_at_1,fraction,recomputed,,0.1022653721682848,,,,
exact1000_task_prior.gold_at_1.mean,exact1000_task_prior,mean,gold_at_1,fraction,recomputed,,0.12750316537847,,,,
exact1000_task_prior.gold_at_10.0,exact1000_task_prior,0,gold_at_10,fraction,recomputed,0.3286,0.3326558265582656,0.004055826558265585,4 decimal places,5.4,
exact1000_task_prior.gold_at_10.1,exact1000_task_prior,1,gold_at_10,fraction,recomputed,0.3388,0.3369663941871026,-0.0018336058128973765,4 decimal places,5.4,
exact1000_task_prior.gold_at_10.2,exact1000_task_prior,2,gold_at_10,fraction,recomputed,0.2427,0.22135922330097088,-0.021340776699029118,4 decimal places,5.4,
exact1000_task_prior.gold_at_10.mean,exact1000_task_prior,mean,gold_at_10,fraction,recomputed,0.3034,0.296993814682113,-0.006406185317887003,4 decimal places,5.4,
exact1000_task_prior.top3_at_10.0,exact1000_task_prior,0,top3_at_10,fraction,recomputed,,0.37466124661246614,,,,
exact1000_task_prior.top3_at_10.1,exact1000_task_prior,1,top3_at_10,fraction,recomputed,,0.40962761126248864,,,,
exact1000_task_prior.top3_at_10.2,exact1000_task_prior,2,top3_at_10,fraction,recomputed,,0.2634304207119741,,,,
exact1000_task_prior.top3_at_10.mean,exact1000_task_prior,mean,top3_at_10,fraction,recomputed,,0.3492397595289763,,,,
exact1000_task_prior.gold_gap_at_10.0,exact1000_task_prior,0,gold_gap_at_10,fraction,recomputed,,0.3556910569105691,,,,
exact1000_task_prior.gold_gap_at_10.1,exact1000_task_prior,1,gold_gap_at_10,fraction,recomputed,,0.36603088101725706,,,,
exact1000_task_prior.gold_gap_at_10.2,exact1000_task_prior,2,gold_gap_at_10,fraction,recomputed,,0.23106796116504855,,,,
exact1000_task_prior.gold_gap_at_10.mean,exact1000_task_prior,mean,gold_gap_at_10,fraction,recomputed,,0.31759663303095825,,,,
exact1000_task_prior.root_macro_gold_at_10.0,exact1000_task_prior,0,root_macro_gold_at_10,fraction,recomputed,,0.251823651280734,,,,
exact1000_task_prior.root_macro_gold_at_10.1,exact1000_task_prior,1,root_macro_gold_at_10,fraction,recomputed,,0.25661730162693747,,,,
exact1000_task_prior.root_macro_gold_at_10.2,exact1000_task_prior,2,root_macro_gold_at_10,fraction,recomputed,,0.2470558234677836,,,,
exact1000_task_prior.root_macro_gold_at_10.mean,exact1000_task_prior,mean,root_macro_gold_at_10,fraction,recomputed,,0.2518322587918183,,,,
exact1000_task_prior.gold_gap_at_1.0,exact1000_task_prior,0,gold_gap_at_1,fraction,recomputed,,0.2127371273712737,,,,
exact1000_task_prior.gold_gap_at_1.1,exact1000_task_prior,1,gold_gap_at_1,fraction,recomputed,,0.15985467756584923,,,,
exact1000_task_prior.gold_gap_at_1.2,exact1000_task_prior,2,gold_gap_at_1,fraction,recomputed,,0.13333333333333333,,,,
exact1000_task_prior.gold_gap_at_1.mean,exact1000_task_prior,mean,gold_gap_at_1,fraction,recomputed,,0.16864171275681875,,,,
exact1000_task_prior.root_macro_gold_at_1.0,exact1000_task_prior,0,root_macro_gold_at_1,fraction,recomputed,,0.0828879417280182,,,,
exact1000_task_prior.root_macro_gold_at_1.1,exact1000_task_prior,1,root_macro_gold_at_1,fraction,recomputed,,0.09435163385455782,,,,
exact1000_task_prior.root_macro_gold_at_1.2,exact1000_task_prior,2,root_macro_gold_at_1,fraction,recomputed,,0.05366128334566873,,,,
exact1000_task_prior.root_macro_gold_at_1.mean,exact1000_task_prior,mean,root_macro_gold_at_1,fraction,recomputed,,0.07696695297608158,,,,
exact1000_task_prior.root_macro_top3_at_10.0,exact1000_task_prior,0,root_macro_top3_at_10,fraction,recomputed,,0.31229982503088033,,,,
exact1000_task_prior.root_macro_top3_at_10.1,exact1000_task_prior,1,root_macro_top3_at_10,fraction,recomputed,,0.31457248700902346,,,,
exact1000_task_prior.root_macro_top3_at_10.2,exact1000_task_prior,2,root_macro_top3_at_10,fraction,recomputed,,0.3022251447334504,,,,
exact1000_task_prior.root_macro_top3_at_10.mean,exact1000_task_prior,mean,root_macro_top3_at_10,fraction,recomputed,,0.3096991522577847,,,,
exact1000_task_prior.root_macro_gold_gap_at_10.0,exact1000_task_prior,0,root_macro_gold_gap_at_10,fraction,recomputed,,0.279294864998523,,,,
exact1000_task_prior.root_macro_gold_gap_at_10.1,exact1000_task_prior,1,root_macro_gold_gap_at_10,fraction,recomputed,,0.28325048777693645,,,,
exact1000_task_prior.root_macro_gold_gap_at_10.2,exact1000_task_prior,2,root_macro_gold_gap_at_10,fraction,recomputed,,0.26857856429285,,,,
exact1000_task_prior.root_macro_gold_gap_at_10.mean,exact1000_task_prior,mean,root_macro_gold_gap_at_10,fraction,recomputed,,0.27704130568943647,,,,
exact1000_task_prior.queries.0,exact1000_task_prior,0,queries,query,recomputed,1476,1476,0,integer,5.4,
exact1000_task_prior.roots.0,exact1000_task_prior,0,roots,root,recomputed,,730,,,,
exact1000_task_prior.candidate_models.0,exact1000_task_prior,0,candidate_models,model,recomputed,,3016439,,,,
exact1000_task_prior.pool_size.0,exact1000_task_prior,0,pool_size,candidate/query,recomputed,,1000,,,,
exact1000_task_prior.return_size.0,exact1000_task_prior,0,return_size,model/query,recomputed,,10,,,,
exact1000_task_prior.queries.1,exact1000_task_prior,1,queries,query,recomputed,1101,1101,0,integer,5.4,
exact1000_task_prior.roots.1,exact1000_task_prior,1,roots,root,recomputed,,495,,,,
exact1000_task_prior.candidate_models.1,exact1000_task_prior,1,candidate_models,model,recomputed,,3016439,,,,
exact1000_task_prior.pool_size.1,exact1000_task_prior,1,pool_size,candidate/query,recomputed,,1000,,,,
exact1000_task_prior.return_size.1,exact1000_task_prior,1,return_size,model/query,recomputed,,10,,,,
exact1000_task_prior.queries.2,exact1000_task_prior,2,queries,query,recomputed,1545,1545,0,integer,5.4,
exact1000_task_prior.roots.2,exact1000_task_prior,2,roots,root,recomputed,,473,,,,
exact1000_task_prior.candidate_models.2,exact1000_task_prior,2,candidate_models,model,recomputed,,3016439,,,,
exact1000_task_prior.pool_size.2,exact1000_task_prior,2,pool_size,candidate/query,recomputed,,1000,,,,
exact1000_task_prior.return_size.2,exact1000_task_prior,2,return_size,model/query,recomputed,,10,,,,
exact1000_task_prior.query_observations.sum,exact1000_task_prior,sum,query_observations,query observation,recomputed,,4122.0,,,,
exact1000_task_prior.quality_success_counts.0,exact1000_task_prior,0,quality_success_counts,counts by metric/root,recomputed,,"{""gold@1"": 234, ""gold@10"": 491, ""top3@10"": 553, ""gold-gap@1"": 314, ""gold-gap@10"": 525}",,,,
exact1000_task_prior.quality_success_counts.1,exact1000_task_prior,1,quality_success_counts,counts by metric/root,recomputed,,"{""gold@1"": 134, ""gold@10"": 371, ""top3@10"": 451, ""gold-gap@1"": 176, ""gold-gap@10"": 403}",,,,
exact1000_task_prior.quality_success_counts.2,exact1000_task_prior,2,quality_success_counts,counts by metric/root,recomputed,,"{""gold@1"": 158, ""gold@10"": 342, ""top3@10"": 407, ""gold-gap@1"": 206, ""gold-gap@10"": 357}",,,,
exact1000_task_prior.quality_success_counts.mean,exact1000_task_prior,mean,quality_success_counts,counts by metric/root,recomputed,,"{""gold@1"": 175.33333333333334, ""gold@10"": 401.3333333333333, ""top3@10"": 470.3333333333333, ""gold-gap@1"": 232.0, ""gold-gap@10"": 428.3333333333333}",,,,
exact1000_task_prior.extra_original_scorer_fields.0,exact1000_task_prior,0,extra_original_scorer_fields,named record,recomputed,,"{""gold@1"": 0.15853658536585366, ""gold@10"": 0.3326558265582656, ""top3@10"": 0.37466124661246614, ""gold-gap@1"": 0.2127371273712737, ""gold-gap@10"": 0.3556910569105691, ""root_gold@1"": 0.0828879417280182, ""root_gold@10"": 0.251823651280734, ""root_top3@10"": 0.31229982503088033, ""root_gold-gap@10"": 0.279294864998523, ""n_queries"": 1476, ""n_roots"": 730, ""N"": 1000, ""median_gold_rank"": null, ""median_rank_over_N"": null, ""vs_random"": null, ""gold_in_first_stage@1000"": 0.5386178861788617, ""median_gold_rank_if_retrieved"": 4.0, ""gold_retrieved_query_count"": 795, ""candidate_universe_N"": 3016439, ""rerank_K"": 1000, ""return_k"": 10, ""full_fused_top10_in_dense_top1000"": 0.8815040650406504}",,,,
exact1000_task_prior.extra_original_scorer_fields.1,exact1000_task_prior,1,extra_original_scorer_fields,named record,recomputed,,"{""gold@1"": 0.12170753860127158, ""gold@10"": 0.3369663941871026, ""top3@10"": 0.40962761126248864, ""gold-gap@1"": 0.15985467756584923, ""gold-gap@10"": 0.36603088101725706, ""root_gold@1"": 0.09435163385455782, ""root_gold@10"": 0.25661730162693747, ""root_top3@10"": 0.31457248700902346, ""root_gold-gap@10"": 0.28325048777693645, ""n_queries"": 1101, ""n_roots"": 495, ""N"": 1000, ""median_gold_rank"": null, ""median_rank_over_N"": null, ""vs_random"": null, ""gold_in_first_stage@1000"": 0.5740236148955495, ""median_gold_rank_if_retrieved"": 5.0, ""gold_retrieved_query_count"": 632, ""candidate_universe_N"": 3016439, ""rerank_K"": 1000, ""return_k"": 10, ""full_fused_top10_in_dense_top1000"": 0.90708446866485}",,,,
exact1000_task_prior.extra_original_scorer_fields.2,exact1000_task_prior,2,extra_original_scorer_fields,named record,recomputed,,"{""gold@1"": 0.1022653721682848, ""gold@10"": 0.22135922330097088, ""top3@10"": 0.2634304207119741, ""gold-gap@1"": 0.13333333333333333, ""gold-gap@10"": 0.23106796116504855, ""root_gold@1"": 0.05366128334566873, ""root_gold@10"": 0.2470558234677836, ""root_top3@10"": 0.3022251447334504, ""root_gold-gap@10"": 0.26857856429285, ""n_queries"": 1545, ""n_roots"": 473, ""N"": 1000, ""median_gold_rank"": null, ""median_rank_over_N"": null, ""vs_random"": null, ""gold_in_first_stage@1000"": 0.37087378640776697, ""median_gold_rank_if_retrieved"": 4.0, ""gold_retrieved_query_count"": 573, ""candidate_universe_N"": 3016439, ""rerank_K"": 1000, ""return_k"": 10, ""full_fused_top10_in_dense_top1000"": 0.9211650485436893}",,,,
exact1000_task_prior.extra_original_scorer_fields.mean,exact1000_task_prior,mean,extra_original_scorer_fields,named record,recomputed,,"{""gold@1"": 0.12750316537847, ""gold@10"": 0.296993814682113, ""top3@10"": 0.3492397595289763, ""gold-gap@1"": 0.16864171275681875, ""gold-gap@10"": 0.31759663303095825, ""root_gold@1"": 0.07696695297608158, ""root_gold@10"": 0.2518322587918183, ""root_top3@10"": 0.3096991522577847, ""root_gold-gap@10"": 0.27704130568943647, ""n_queries"": 1374.0, ""n_roots"": 566.0, ""N"": 1000.0, ""median_gold_rank"": null, ""median_rank_over_N"": null, ""vs_random"": null, ""gold_in_first_stage@1000"": 0.4945050958273927, ""median_gold_rank_if_retrieved"": 4.333333333333333, ""gold_retrieved_query_count"": 666.6666666666666, ""candidate_universe_N"": 3016439.0, ""rerank_K"": 1000.0, ""return_k"": 10.0, ""full_fused_top10_in_dense_top1000"": 0.9032511940830633}",,,,
exact_full_lake_task_prior.gold_at_1.0,exact_full_lake_task_prior,0,gold_at_1,fraction,recomputed,,0.1632791327913279,,,,
exact_full_lake_task_prior.gold_at_1.1,exact_full_lake_task_prior,1,gold_at_1,fraction,recomputed,,0.1226158038147139,,,,
exact_full_lake_task_prior.gold_at_1.2,exact_full_lake_task_prior,2,gold_at_1,fraction,recomputed,,0.10485436893203884,,,,
exact_full_lake_task_prior.gold_at_1.mean,exact_full_lake_task_prior,mean,gold_at_1,fraction,recomputed,,0.13024976851269354,,,,
exact_full_lake_task_prior.gold_at_10.0,exact_full_lake_task_prior,0,gold_at_10,fraction,recomputed,0.3408,0.3604336043360434,0.019633604336043387,4 decimal places,5.4,
exact_full_lake_task_prior.gold_at_10.1,exact_full_lake_task_prior,1,gold_at_10,fraction,recomputed,0.3651,0.3542234332425068,-0.010876566757493156,4 decimal places,5.4,
exact_full_lake_task_prior.gold_at_10.2,exact_full_lake_task_prior,2,gold_at_10,fraction,recomputed,0.2589,0.23754045307443367,-0.021359546925566353,4 decimal places,5.4,
exact_full_lake_task_prior.gold_at_10.mean,exact_full_lake_task_prior,mean,gold_at_10,fraction,recomputed,0.3216,0.31739916355099457,-0.0042008364490054295,4 decimal places,5.4,
exact_full_lake_task_prior.top3_at_10.0,exact_full_lake_task_prior,0,top3_at_10,fraction,recomputed,,0.40176151761517614,,,,
exact_full_lake_task_prior.top3_at_10.1,exact_full_lake_task_prior,1,top3_at_10,fraction,recomputed,,0.4287011807447775,,,,
exact_full_lake_task_prior.top3_at_10.2,exact_full_lake_task_prior,2,top3_at_10,fraction,recomputed,,0.2796116504854369,,,,
exact_full_lake_task_prior.top3_at_10.mean,exact_full_lake_task_prior,mean,top3_at_10,fraction,recomputed,,0.3700247829484635,,,,
exact_full_lake_task_prior.gold_gap_at_10.0,exact_full_lake_task_prior,0,gold_gap_at_10,fraction,recomputed,,0.38414634146341464,,,,
exact_full_lake_task_prior.gold_gap_at_10.1,exact_full_lake_task_prior,1,gold_gap_at_10,fraction,recomputed,,0.38419618528610355,,,,
exact_full_lake_task_prior.gold_gap_at_10.2,exact_full_lake_task_prior,2,gold_gap_at_10,fraction,recomputed,,0.2504854368932039,,,,
exact_full_lake_task_prior.gold_gap_at_10.mean,exact_full_lake_task_prior,mean,gold_gap_at_10,fraction,recomputed,,0.33960932121424064,,,,
exact_full_lake_task_prior.root_macro_gold_at_10.0,exact_full_lake_task_prior,0,root_macro_gold_at_10,fraction,recomputed,,0.28571634534466095,,,,
exact_full_lake_task_prior.root_macro_gold_at_10.1,exact_full_lake_task_prior,1,root_macro_gold_at_10,fraction,recomputed,,0.276656923434236,,,,
exact_full_lake_task_prior.root_macro_gold_at_10.2,exact_full_lake_task_prior,2,root_macro_gold_at_10,fraction,recomputed,,0.2667041209067787,,,,
exact_full_lake_task_prior.root_macro_gold_at_10.mean,exact_full_lake_task_prior,mean,root_macro_gold_at_10,fraction,recomputed,,0.2763591298952252,,,,
exact_full_lake_task_prior.gold_gap_at_1.0,exact_full_lake_task_prior,0,gold_gap_at_1,fraction,recomputed,,0.21951219512195122,,,,
exact_full_lake_task_prior.gold_gap_at_1.1,exact_full_lake_task_prior,1,gold_gap_at_1,fraction,recomputed,,0.16167120799273388,,,,
exact_full_lake_task_prior.gold_gap_at_1.2,exact_full_lake_task_prior,2,gold_gap_at_1,fraction,recomputed,,0.13656957928802588,,,,
exact_full_lake_task_prior.gold_gap_at_1.mean,exact_full_lake_task_prior,mean,gold_gap_at_1,fraction,recomputed,,0.17258432746757033,,,,
exact_full_lake_task_prior.root_macro_gold_at_1.0,exact_full_lake_task_prior,0,root_macro_gold_at_1,fraction,recomputed,,0.08826201970483588,,,,
exact_full_lake_task_prior.root_macro_gold_at_1.1,exact_full_lake_task_prior,1,root_macro_gold_at_1,fraction,recomputed,,0.09148968099260496,,,,
exact_full_lake_task_prior.root_macro_gold_at_1.2,exact_full_lake_task_prior,2,root_macro_gold_at_1,fraction,recomputed,,0.056079020647126956,,,,
exact_full_lake_task_prior.root_macro_gold_at_1.mean,exact_full_lake_task_prior,mean,root_macro_gold_at_1,fraction,recomputed,,0.07861024044818926,,,,
exact_full_lake_task_prior.root_macro_top3_at_10.0,exact_full_lake_task_prior,0,root_macro_top3_at_10,fraction,recomputed,,0.34129305022273565,,,,
exact_full_lake_task_prior.root_macro_top3_at_10.1,exact_full_lake_task_prior,1,root_macro_top3_at_10,fraction,recomputed,,0.3374647088911443,,,,
exact_full_lake_task_prior.root_macro_top3_at_10.2,exact_full_lake_task_prior,2,root_macro_top3_at_10,fraction,recomputed,,0.324351003370937,,,,
exact_full_lake_task_prior.root_macro_top3_at_10.mean,exact_full_lake_task_prior,mean,root_macro_top3_at_10,fraction,recomputed,,0.334369587494939,,,,
exact_full_lake_task_prior.root_macro_gold_gap_at_10.0,exact_full_lake_task_prior,0,root_macro_gold_gap_at_10,fraction,recomputed,,0.3132929331404268,,,,
exact_full_lake_task_prior.root_macro_gold_gap_at_10.1,exact_full_lake_task_prior,1,root_macro_gold_gap_at_10,fraction,recomputed,,0.30235483087117854,,,,
exact_full_lake_task_prior.root_macro_gold_gap_at_10.2,exact_full_lake_task_prior,2,root_macro_gold_gap_at_10,fraction,recomputed,,0.2890971929510135,,,,
exact_full_lake_task_prior.root_macro_gold_gap_at_10.mean,exact_full_lake_task_prior,mean,root_macro_gold_gap_at_10,fraction,recomputed,,0.301581652320873,,,,
exact_full_lake_task_prior.queries.0,exact_full_lake_task_prior,0,queries,query,recomputed,1476,1476,0,integer,5.4,
exact_full_lake_task_prior.roots.0,exact_full_lake_task_prior,0,roots,root,recomputed,,730,,,,
exact_full_lake_task_prior.candidate_models.0,exact_full_lake_task_prior,0,candidate_models,model,recomputed,,3016439,,,,
exact_full_lake_task_prior.pool_size.0,exact_full_lake_task_prior,0,pool_size,candidate/query,recomputed,,3016439,,,,
exact_full_lake_task_prior.return_size.0,exact_full_lake_task_prior,0,return_size,model/query,recomputed,,10,,,,
exact_full_lake_task_prior.queries.1,exact_full_lake_task_prior,1,queries,query,recomputed,1101,1101,0,integer,5.4,
exact_full_lake_task_prior.roots.1,exact_full_lake_task_prior,1,roots,root,recomputed,,495,,,,
exact_full_lake_task_prior.candidate_models.1,exact_full_lake_task_prior,1,candidate_models,model,recomputed,,3016439,,,,
exact_full_lake_task_prior.pool_size.1,exact_full_lake_task_prior,1,pool_size,candidate/query,recomputed,,3016439,,,,
exact_full_lake_task_prior.return_size.1,exact_full_lake_task_prior,1,return_size,model/query,recomputed,,10,,,,
exact_full_lake_task_prior.queries.2,exact_full_lake_task_prior,2,queries,query,recomputed,1545,1545,0,integer,5.4,
exact_full_lake_task_prior.roots.2,exact_full_lake_task_prior,2,roots,root,recomputed,,473,,,,
exact_full_lake_task_prior.candidate_models.2,exact_full_lake_task_prior,2,candidate_models,model,recomputed,,3016439,,,,
exact_full_lake_task_prior.pool_size.2,exact_full_lake_task_prior,2,pool_size,candidate/query,recomputed,,3016439,,,,
exact_full_lake_task_prior.return_size.2,exact_full_lake_task_prior,2,return_size,model/query,recomputed,,10,,,,
exact_full_lake_task_prior.query_observations.sum,exact_full_lake_task_prior,sum,query_observations,query observation,recomputed,,4122.0,,,,
exact_full_lake_task_prior.quality_success_counts.0,exact_full_lake_task_prior,0,quality_success_counts,counts by metric/root,recomputed,,"{""gold@1"": 241, ""gold@10"": 532, ""top3@10"": 593, ""gold-gap@1"": 324, ""gold-gap@10"": 567}",,,,
exact_full_lake_task_prior.quality_success_counts.1,exact_full_lake_task_prior,1,quality_success_counts,counts by metric/root,recomputed,,"{""gold@1"": 135, ""gold@10"": 390, ""top3@10"": 472, ""gold-gap@1"": 178, ""gold-gap@10"": 423}",,,,
exact_full_lake_task_prior.quality_success_counts.2,exact_full_lake_task_prior,2,quality_success_counts,counts by metric/root,recomputed,,"{""gold@1"": 162, ""gold@10"": 367, ""top3@10"": 432, ""gold-gap@1"": 211, ""gold-gap@10"": 387}",,,,
exact_full_lake_task_prior.quality_success_counts.mean,exact_full_lake_task_prior,mean,quality_success_counts,counts by metric/root,recomputed,,"{""gold@1"": 179.33333333333334, ""gold@10"": 429.6666666666667, ""top3@10"": 499.0, ""gold-gap@1"": 237.66666666666666, ""gold-gap@10"": 459.0}",,,,
exact_full_lake_task_prior.extra_original_scorer_fields.0,exact_full_lake_task_prior,0,extra_original_scorer_fields,named record,recomputed,,"{""gold@1"": 0.1632791327913279, ""gold@10"": 0.3604336043360434, ""top3@10"": 0.40176151761517614, ""gold-gap@1"": 0.21951219512195122, ""gold-gap@10"": 0.38414634146341464, ""root_gold@1"": 0.08826201970483588, ""root_gold@10"": 0.28571634534466095, ""root_top3@10"": 0.34129305022273565, ""root_gold-gap@10"": 0.3132929331404268, ""n_queries"": 1476, ""n_roots"": 730, ""N"": 3016439, ""median_gold_rank"": 101.0, ""median_rank_over_N"": 3.34831899468214e-05, ""vs_random"": 108722.59810298104}",,,,
exact_full_lake_task_prior.extra_original_scorer_fields.1,exact_full_lake_task_prior,1,extra_original_scorer_fields,named record,recomputed,,"{""gold@1"": 0.1226158038147139, ""gold@10"": 0.3542234332425068, ""top3@10"": 0.4287011807447775, ""gold-gap@1"": 0.16167120799273388, ""gold-gap@10"": 0.38419618528610355, ""root_gold@1"": 0.09148968099260496, ""root_gold@10"": 0.276656923434236, ""root_top3@10"": 0.3374647088911443, ""root_gold-gap@10"": 0.30235483087117854, ""n_queries"": 1101, ""n_roots"": 495, ""N"": 3016439, ""median_gold_rank"": 70.0, ""median_rank_over_N"": 2.3206171250272258e-05, ""vs_random"": 106849.3378746594}",,,,
exact_full_lake_task_prior.extra_original_scorer_fields.2,exact_full_lake_task_prior,2,extra_original_scorer_fields,named record,recomputed,,"{""gold@1"": 0.10485436893203884, ""gold@10"": 0.23754045307443367, ""top3@10"": 0.2796116504854369, ""gold-gap@1"": 0.13656957928802588, ""gold-gap@10"": 0.2504854368932039, ""root_gold@1"": 0.056079020647126956, ""root_gold@10"": 0.2667041209067787, ""root_top3@10"": 0.324351003370937, ""root_gold-gap@10"": 0.2890971929510135, ""n_queries"": 1545, ""n_roots"": 473, ""N"": 3016439, ""median_gold_rank"": 2921.0, ""median_rank_over_N"": 0.0009683603746006466, ""vs_random"": 71652.62867313916}",,,,
exact_full_lake_task_prior.extra_original_scorer_fields.mean,exact_full_lake_task_prior,mean,extra_original_scorer_fields,named record,recomputed,,"{""gold@1"": 0.13024976851269354, ""gold@10"": 0.31739916355099457, ""top3@10"": 0.3700247829484635, ""gold-gap@1"": 0.17258432746757033, ""gold-gap@10"": 0.33960932121424064, ""root_gold@1"": 0.07861024044818926, ""root_gold@10"": 0.2763591298952252, ""root_top3@10"": 0.334369587494939, ""root_gold-gap@10"": 0.301581652320873, ""n_queries"": 1374.0, ""n_roots"": 566.0, ""N"": 3016439.0, ""median_gold_rank"": 1030.6666666666667, ""median_rank_over_N"": 0.00034168324526591344, ""vs_random"": 95741.52155025986}",,,,
hnsw1000_task_prior.median_gold_position_when_retrieved.0,hnsw1000_task_prior,0,median_gold_position_when_retrieved,1-based position,recomputed,6,4.0,-2.0,integer,5.4,
hnsw1000_task_prior.median_gold_position_when_retrieved.1,hnsw1000_task_prior,1,median_gold_position_when_retrieved,1-based position,recomputed,7,5.0,-2.0,integer,5.4,
hnsw1000_task_prior.median_gold_position_when_retrieved.2,hnsw1000_task_prior,2,median_gold_position_when_retrieved,1-based position,recomputed,5,4.0,-1.0,integer,5.4,
hnsw1000_task_prior.median_gold_position_when_retrieved.mean,hnsw1000_task_prior,mean,median_gold_position_when_retrieved,1-based position,recomputed,,4.333333333333333,,,,
hnsw1000_task_prior.gold_retrieved_query_count.0,hnsw1000_task_prior,0,gold_retrieved_query_count,query,recomputed,,796,,,,
hnsw1000_task_prior.gold_retrieved_query_count.1,hnsw1000_task_prior,1,gold_retrieved_query_count,query,recomputed,,632,,,,
hnsw1000_task_prior.gold_retrieved_query_count.2,hnsw1000_task_prior,2,gold_retrieved_query_count,query,recomputed,,573,,,,
hnsw1000_task_prior.gold_retrieved_query_count.sum,hnsw1000_task_prior,sum,gold_retrieved_query_count,query observation,recomputed,,2001.0,,,,
exact1000_task_prior.median_gold_position_when_retrieved.0,exact1000_task_prior,0,median_gold_position_when_retrieved,1-based position,recomputed,,4.0,,,,
exact1000_task_prior.median_gold_position_when_retrieved.1,exact1000_task_prior,1,median_gold_position_when_retrieved,1-based position,recomputed,,5.0,,,,
exact1000_task_prior.median_gold_position_when_retrieved.2,exact1000_task_prior,2,median_gold_position_when_retrieved,1-based position,recomputed,,4.0,,,,
exact1000_task_prior.median_gold_position_when_retrieved.mean,exact1000_task_prior,mean,median_gold_position_when_retrieved,1-based position,recomputed,,4.333333333333333,,,,
exact1000_task_prior.gold_retrieved_query_count.0,exact1000_task_prior,0,gold_retrieved_query_count,query,recomputed,,795,,,,
exact1000_task_prior.gold_retrieved_query_count.1,exact1000_task_prior,1,gold_retrieved_query_count,query,recomputed,,632,,,,
exact1000_task_prior.gold_retrieved_query_count.2,exact1000_task_prior,2,gold_retrieved_query_count,query,recomputed,,573,,,,
exact1000_task_prior.gold_retrieved_query_count.sum,exact1000_task_prior,sum,gold_retrieved_query_count,query observation,recomputed,,2000.0,,,,
exact_full_lake_task_prior.median_full_fused_gold_rank.0,exact_full_lake_task_prior,0,median_full_fused_gold_rank,1-based rank,recomputed,,101.0,,,,
exact_full_lake_task_prior.median_full_fused_gold_rank.1,exact_full_lake_task_prior,1,median_full_fused_gold_rank,1-based rank,recomputed,,70.0,,,,
exact_full_lake_task_prior.median_full_fused_gold_rank.2,exact_full_lake_task_prior,2,median_full_fused_gold_rank,1-based rank,recomputed,,2921.0,,,,
exact_full_lake_task_prior.median_full_fused_gold_rank.mean,exact_full_lake_task_prior,mean,median_full_fused_gold_rank,1-based rank,recomputed,,1030.6666666666667,,,,
exact_full_lake_task_prior.median_full_fused_rank_over_N.0,exact_full_lake_task_prior,0,median_full_fused_rank_over_N,normalized rank,recomputed,,3.34831899468214e-05,,,,
exact_full_lake_task_prior.median_full_fused_rank_over_N.1,exact_full_lake_task_prior,1,median_full_fused_rank_over_N,normalized rank,recomputed,,2.3206171250272258e-05,,,,
exact_full_lake_task_prior.median_full_fused_rank_over_N.2,exact_full_lake_task_prior,2,median_full_fused_rank_over_N,normalized rank,recomputed,,0.0009683603746006466,,,,
exact_full_lake_task_prior.median_full_fused_rank_over_N.mean,exact_full_lake_task_prior,mean,median_full_fused_rank_over_N,normalized rank,recomputed,,0.00034168324526591344,,,,
exact_full_lake_task_prior.vs_uniform_random_top10.0,exact_full_lake_task_prior,0,vs_uniform_random_top10,ratio,recomputed,,108722.59810298104,,,,
exact_full_lake_task_prior.vs_uniform_random_top10.1,exact_full_lake_task_prior,1,vs_uniform_random_top10,ratio,recomputed,,106849.3378746594,,,,
exact_full_lake_task_prior.vs_uniform_random_top10.2,exact_full_lake_task_prior,2,vs_uniform_random_top10,ratio,recomputed,,71652.62867313916,,,,
exact_full_lake_task_prior.vs_uniform_random_top10.mean,exact_full_lake_task_prior,mean,vs_uniform_random_top10,ratio,recomputed,,95741.52155025986,,,,
hnsw1000_task_prior.unavailable_full_lake_rank_fields.0,hnsw1000_task_prior,0,unavailable_full_lake_rank_fields,named null record,undefined,,,,,,Bounded pool does not establish full-lake ranks
hnsw1000_task_prior.unavailable_full_lake_rank_fields.1,hnsw1000_task_prior,1,unavailable_full_lake_rank_fields,named null record,undefined,,,,,,Bounded pool does not establish full-lake ranks
hnsw1000_task_prior.unavailable_full_lake_rank_fields.2,hnsw1000_task_prior,2,unavailable_full_lake_rank_fields,named null record,undefined,,,,,,Bounded pool does not establish full-lake ranks
exact1000_task_prior.unavailable_full_lake_rank_fields.0,exact1000_task_prior,0,unavailable_full_lake_rank_fields,named null record,undefined,,,,,,Bounded pool does not establish full-lake ranks
exact1000_task_prior.unavailable_full_lake_rank_fields.1,exact1000_task_prior,1,unavailable_full_lake_rank_fields,named null record,undefined,,,,,,Bounded pool does not establish full-lake ranks
exact1000_task_prior.unavailable_full_lake_rank_fields.2,exact1000_task_prior,2,unavailable_full_lake_rank_fields,named null record,undefined,,,,,,Bounded pool does not establish full-lake ranks
hnsw1000_task_prior.actual_hnsw_gold_coverage_at_1000.0,hnsw1000_task_prior,0,actual_hnsw_gold_coverage_at_1000,percent,recomputed,,0.5392953929539296,,,,
hnsw1000_task_prior.actual_hnsw_gold_coverage_at_1000.1,hnsw1000_task_prior,1,actual_hnsw_gold_coverage_at_1000,percent,recomputed,,0.5740236148955495,,,,
hnsw1000_task_prior.actual_hnsw_gold_coverage_at_1000.2,hnsw1000_task_prior,2,actual_hnsw_gold_coverage_at_1000,percent,recomputed,,0.37087378640776697,,,,
hnsw1000_task_prior.actual_hnsw_gold_coverage_at_1000.mean,hnsw1000_task_prior,mean,actual_hnsw_gold_coverage_at_1000,percent,recomputed,,0.494730931419082,,,,
retrieval_diagnostics.exact_pool_retention.0,retrieval_diagnostics,0,exact_pool_retention,percent,recomputed,,0.9229323308270676,,,,
retrieval_diagnostics.exact_pool_retention.1,retrieval_diagnostics,1,exact_pool_retention,percent,recomputed,,0.9512820512820512,,,,
retrieval_diagnostics.exact_pool_retention.2,retrieval_diagnostics,2,exact_pool_retention,percent,recomputed,,0.9318801089918256,,,,
retrieval_diagnostics.exact_pool_retention.mean,retrieval_diagnostics,mean,exact_pool_retention,percent,recomputed,94.32,0.9353648303669816,-93.38463516963301,2 decimal places in percent,5.4,
retrieval_diagnostics.ann_retention.0,retrieval_diagnostics,0,ann_retention,percent,recomputed,,0.9979633401221994,,,,
retrieval_diagnostics.ann_retention.1,retrieval_diagnostics,1,ann_retention,percent,recomputed,,1.0,,,,
retrieval_diagnostics.ann_retention.2,retrieval_diagnostics,2,ann_retention,percent,recomputed,,1.0,,,,
retrieval_diagnostics.ann_retention.mean,retrieval_diagnostics,mean,ann_retention,percent,recomputed,99.93,0.9993211133740664,-98.93067888662594,2 decimal places in percent,5.4,
retrieval_diagnostics.overall_retention.0,retrieval_diagnostics,0,overall_retention,percent,recomputed,,0.9210526315789472,,,,
retrieval_diagnostics.overall_retention.1,retrieval_diagnostics,1,overall_retention,percent,recomputed,,0.9512820512820512,,,,
retrieval_diagnostics.overall_retention.2,retrieval_diagnostics,2,overall_retention,percent,recomputed,,0.9318801089918256,,,,
retrieval_diagnostics.overall_retention.mean,retrieval_diagnostics,mean,overall_retention,percent,recomputed,94.25,0.9347382639509414,-93.31526173604905,2 decimal places in percent,5.4,
retrieval_diagnostics.exact_pool_gold_coverage_at_1000.0,retrieval_diagnostics,0,exact_pool_gold_coverage_at_1000,percent,recomputed,,0.5386178861788617,,,,
retrieval_diagnostics.exact_pool_gold_coverage_at_1000.1,retrieval_diagnostics,1,exact_pool_gold_coverage_at_1000,percent,recomputed,,0.5740236148955495,,,,
retrieval_diagnostics.exact_pool_gold_coverage_at_1000.2,retrieval_diagnostics,2,exact_pool_gold_coverage_at_1000,percent,recomputed,,0.37087378640776697,,,,
retrieval_diagnostics.exact_pool_gold_coverage_at_1000.mean,retrieval_diagnostics,mean,exact_pool_gold_coverage_at_1000,percent,recomputed,51.88,0.4945050958273927,-51.38549490417261,2 decimal places in percent,5.4,
retrieval_diagnostics.full_fused_top10_in_exact_pool.0,retrieval_diagnostics,0,full_fused_top10_in_exact_pool,percent,recomputed,,0.8815040650406504,,,,
retrieval_diagnostics.full_fused_top10_in_exact_pool.1,retrieval_diagnostics,1,full_fused_top10_in_exact_pool,percent,recomputed,,0.9070844686648502,,,,
retrieval_diagnostics.full_fused_top10_in_exact_pool.2,retrieval_diagnostics,2,full_fused_top10_in_exact_pool,percent,recomputed,,0.9211650485436893,,,,
retrieval_diagnostics.full_fused_top10_in_exact_pool.mean,retrieval_diagnostics,mean,full_fused_top10_in_exact_pool,percent,recomputed,89.91,0.9032511940830633,-89.00674880591693,2 decimal places in percent,5.4,
retrieval_diagnostics.retention_numerators_denominators.0,retrieval_diagnostics,0,retention_numerators_denominators,named count or fraction pairs,recomputed,,"{""exact_pool_retention"": {""numerator"": 0.3326558265582656, ""denominator"": 0.3604336043360434, ""reason"": null}, ""ann_retention"": {""numerator"": 0.3319783197831978, ""denominator"": 0.3326558265582656, ""reason"": null}, ""overall_retention"": {""numerator"": 0.3319783197831978, ""denominator"": 0.3604336043360434, ""reason"": null}, ""exact_pool_gold_coverage_at_1000"": {""numerator"": 795, ""denominator"": 1476}, ""full_fused_top10_in_exact_pool"": {""numerator"": 13011, ""denominator"": 14760}}",,,,
retrieval_diagnostics.retention_numerators_denominators.1,retrieval_diagnostics,1,retention_numerators_denominators,named count or fraction pairs,recomputed,,"{""exact_pool_retention"": {""numerator"": 0.3369663941871026, ""denominator"": 0.3542234332425068, ""reason"": null}, ""ann_retention"": {""numerator"": 0.3369663941871026, ""denominator"": 0.3369663941871026, ""reason"": null}, ""overall_retention"": {""numerator"": 0.3369663941871026, ""denominator"": 0.3542234332425068, ""reason"": null}, ""exact_pool_gold_coverage_at_1000"": {""numerator"": 632, ""denominator"": 1101}, ""full_fused_top10_in_exact_pool"": {""numerator"": 9987, ""denominator"": 11010}}",,,,
retrieval_diagnostics.retention_numerators_denominators.2,retrieval_diagnostics,2,retention_numerators_denominators,named count or fraction pairs,recomputed,,"{""exact_pool_retention"": {""numerator"": 0.22135922330097088, ""denominator"": 0.23754045307443367, ""reason"": null}, ""ann_retention"": {""numerator"": 0.22135922330097088, ""denominator"": 0.22135922330097088, ""reason"": null}, ""overall_retention"": {""numerator"": 0.22135922330097088, ""denominator"": 0.23754045307443367, ""reason"": null}, ""exact_pool_gold_coverage_at_1000"": {""numerator"": 573, ""denominator"": 1545}, ""full_fused_top10_in_exact_pool"": {""numerator"": 14232, ""denominator"": 15450}}",,,,
retrieval_diagnostics.retention_numerators_denominators.mean,retrieval_diagnostics,mean,retention_numerators_denominators,named count or fraction pairs,recomputed,,"{""0"": {""exact_pool_retention"": {""numerator"": 0.3326558265582656, ""denominator"": 0.3604336043360434, ""reason"": null}, ""ann_retention"": {""numerator"": 0.3319783197831978, ""denominator"": 0.3326558265582656, ""reason"": null}, ""overall_retention"": {""numerator"": 0.3319783197831978, ""denominator"": 0.3604336043360434, ""reason"": null}, ""exact_pool_gold_coverage_at_1000"": {""numerator"": 795, ""denominator"": 1476}, ""full_fused_top10_in_exact_pool"": {""numerator"": 13011, ""denominator"": 14760}}, ""1"": {""exact_pool_retention"": {""numerator"": 0.3369663941871026, ""denominator"": 0.3542234332425068, ""reason"": null}, ""ann_retention"": {""numerator"": 0.3369663941871026, ""denominator"": 0.3369663941871026, ""reason"": null}, ""overall_retention"": {""numerator"": 0.3369663941871026, ""denominator"": 0.3542234332425068, ""reason"": null}, ""exact_pool_gold_coverage_at_1000"": {""numerator"": 632, ""denominator"": 1101}, ""full_fused_top10_in_exact_pool"": {""numerator"": 9987, ""denominator"": 11010}}, ""2"": {""exact_pool_retention"": {""numerator"": 0.22135922330097088, ""denominator"": 0.23754045307443367, ""reason"": null}, ""ann_retention"": {""numerator"": 0.22135922330097088, ""denominator"": 0.22135922330097088, ""reason"": null}, ""overall_retention"": {""numerator"": 0.22135922330097088, ""denominator"": 0.23754045307443367, ""reason"": null}, ""exact_pool_gold_coverage_at_1000"": {""numerator"": 573, ""denominator"": 1545}, ""full_fused_top10_in_exact_pool"": {""numerator"": 14232, ""denominator"": 15450}}}",,,,
ann_calibration.recall_at_1000_ef_1000.0,ann_calibration,0,recall_at_1000_ef_1000,fraction,recomputed,,0.994381436314363,,,,
ann_calibration.recall_at_1000_ef_1500.0,ann_calibration,0,recall_at_1000_ef_1500,fraction,not_applicable,,,,,,Unvisited ef after first documented recall threshold pass
ann_calibration.recall_at_1000_ef_2000.0,ann_calibration,0,recall_at_1000_ef_2000,fraction,not_applicable,,,,,,Unvisited ef after first documented recall threshold pass
ann_calibration.recall_at_1000_ef_3000.0,ann_calibration,0,recall_at_1000_ef_3000,fraction,not_applicable,,,,,,Unvisited ef after first documented recall threshold pass
ann_calibration.recall_at_1000_ef_5000.0,ann_calibration,0,recall_at_1000_ef_5000,fraction,not_applicable,,,,,,Unvisited ef after first documented recall threshold pass
ann_calibration.selected_ef_search.0,ann_calibration,0,selected_ef_search,ef_search,recomputed,1000,1000,0,integer,5.2,
ann_calibration.selected_recall_at_1000.0,ann_calibration,0,selected_recall_at_1000,fraction,recomputed,0.9923,0.994381436314363,0.002081436314363083,4 decimal places,5.2,
ann_calibration.calibration_passed.0,ann_calibration,0,calibration_passed,boolean,recomputed,,True,,,,
ann_calibration.calibration_query_count.0,ann_calibration,0,calibration_query_count,query,recomputed,,1476,,,,
ann_calibration.calibration_trace.0,ann_calibration,0,calibration_trace,ordered records,recomputed,,"[{""ef_search"": 1000, ""recall"": 0.994381436314363, ""query_count"": 1476}]",,,,
ann_calibration.recall_at_1000_ef_1000.1,ann_calibration,1,recall_at_1000_ef_1000,fraction,recomputed,,0.9897847411444141,,,,
ann_calibration.recall_at_1000_ef_1500.1,ann_calibration,1,recall_at_1000_ef_1500,fraction,recomputed,,0.9962606721162578,,,,
ann_calibration.recall_at_1000_ef_2000.1,ann_calibration,1,recall_at_1000_ef_2000,fraction,not_applicable,,,,,,Unvisited ef after first documented recall threshold pass
ann_calibration.recall_at_1000_ef_3000.1,ann_calibration,1,recall_at_1000_ef_3000,fraction,not_applicable,,,,,,Unvisited ef after first documented recall threshold pass
ann_calibration.recall_at_1000_ef_5000.1,ann_calibration,1,recall_at_1000_ef_5000,fraction,not_applicable,,,,,,Unvisited ef after first documented recall threshold pass
ann_calibration.selected_ef_search.1,ann_calibration,1,selected_ef_search,ef_search,recomputed,1500,1500,0,integer,5.2,
ann_calibration.selected_recall_at_1000.1,ann_calibration,1,selected_recall_at_1000,fraction,recomputed,0.9941,0.9962606721162578,0.0021606721162578113,4 decimal places,5.2,
ann_calibration.calibration_passed.1,ann_calibration,1,calibration_passed,boolean,recomputed,,True,,,,
ann_calibration.calibration_query_count.1,ann_calibration,1,calibration_query_count,query,recomputed,,1101,,,,
ann_calibration.calibration_trace.1,ann_calibration,1,calibration_trace,ordered records,recomputed,,"[{""ef_search"": 1000, ""recall"": 0.9897847411444141, ""query_count"": 1101}, {""ef_search"": 1500, ""recall"": 0.9962606721162578, ""query_count"": 1101}]",,,,
ann_calibration.recall_at_1000_ef_1000.2,ann_calibration,2,recall_at_1000_ef_1000,fraction,recomputed,,0.992820064724919,,,,
ann_calibration.recall_at_1000_ef_1500.2,ann_calibration,2,recall_at_1000_ef_1500,fraction,not_applicable,,,,,,Unvisited ef after first documented recall threshold pass
ann_calibration.recall_at_1000_ef_2000.2,ann_calibration,2,recall_at_1000_ef_2000,fraction,not_applicable,,,,,,Unvisited ef after first documented recall threshold pass
ann_calibration.recall_at_1000_ef_3000.2,ann_calibration,2,recall_at_1000_ef_3000,fraction,not_applicable,,,,,,Unvisited ef after first documented recall threshold pass
ann_calibration.recall_at_1000_ef_5000.2,ann_calibration,2,recall_at_1000_ef_5000,fraction,not_applicable,,,,,,Unvisited ef after first documented recall threshold pass
ann_calibration.selected_ef_search.2,ann_calibration,2,selected_ef_search,ef_search,recomputed,1500,1000,-500,integer,5.2,
ann_calibration.selected_recall_at_1000.2,ann_calibration,2,selected_recall_at_1000,fraction,recomputed,0.9932,0.992820064724919,-0.0003799352750809559,4 decimal places,5.2,
ann_calibration.calibration_passed.2,ann_calibration,2,calibration_passed,boolean,recomputed,,True,,,,
ann_calibration.calibration_query_count.2,ann_calibration,2,calibration_query_count,query,recomputed,,1545,,,,
ann_calibration.calibration_trace.2,ann_calibration,2,calibration_trace,ordered records,recomputed,,"[{""ef_search"": 1000, ""recall"": 0.992820064724919, ""query_count"": 1545}]",,,,
ann_calibration.selected_recall_at_1000.mean,ann_calibration,mean,selected_recall_at_1000,fraction,recomputed,,0.9944873910518467,,,,
ann_calibration.selected_ef_search.vector,ann_calibration,vector,selected_ef_search,ordered ef vector,recomputed,,"[1000, 1500, 1000]",,,,
ann_calibration.calibration_passed.all,ann_calibration,all,calibration_passed,boolean,recomputed,,True,,,,
retrieval_cost.hnsw_latency_p50_ms.0,retrieval_cost,0,hnsw_latency_p50_ms,millisecond,recomputed,,0.512913,,,,
retrieval_cost.hnsw_latency_p50_ms.1,retrieval_cost,1,hnsw_latency_p50_ms,millisecond,recomputed,,0.716782,,,,
retrieval_cost.hnsw_latency_p50_ms.2,retrieval_cost,2,hnsw_latency_p50_ms,millisecond,recomputed,,0.536364,,,,
retrieval_cost.hnsw_latency_p50_ms.mean,retrieval_cost,mean,hnsw_latency_p50_ms,millisecond,recomputed,0.566,0.5886863333333333,0.022686333333333364,3 decimal places,5.4,
retrieval_cost.hnsw_latency_p95_ms.0,retrieval_cost,0,hnsw_latency_p95_ms,millisecond,recomputed,,0.8041555,,,,
retrieval_cost.hnsw_latency_p95_ms.1,retrieval_cost,1,hnsw_latency_p95_ms,millisecond,recomputed,,1.148937,,,,
retrieval_cost.hnsw_latency_p95_ms.2,retrieval_cost,2,hnsw_latency_p95_ms,millisecond,recomputed,,0.7549026,,,,
retrieval_cost.hnsw_latency_p95_ms.mean,retrieval_cost,mean,hnsw_latency_p95_ms,millisecond,recomputed,,0.9026650333333334,,,,
retrieval_cost.prior_rerank_latency_p50_ms.0,retrieval_cost,0,prior_rerank_latency_p50_ms,millisecond,recomputed,,0.17834299999999997,,,,
retrieval_cost.prior_rerank_latency_p50_ms.1,retrieval_cost,1,prior_rerank_latency_p50_ms,millisecond,recomputed,,0.169012,,,,
retrieval_cost.prior_rerank_latency_p50_ms.2,retrieval_cost,2,prior_rerank_latency_p50_ms,millisecond,recomputed,,0.124475,,,,
retrieval_cost.prior_rerank_latency_p50_ms.mean,retrieval_cost,mean,prior_rerank_latency_p50_ms,millisecond,recomputed,0.123,0.15727666666666665,0.03427666666666665,3 decimal places,5.4,
retrieval_cost.prior_rerank_latency_p95_ms.0,retrieval_cost,0,prior_rerank_latency_p95_ms,millisecond,recomputed,,0.22924075,,,,
retrieval_cost.prior_rerank_latency_p95_ms.1,retrieval_cost,1,prior_rerank_latency_p95_ms,millisecond,recomputed,,0.209267,,,,
retrieval_cost.prior_rerank_latency_p95_ms.2,retrieval_cost,2,prior_rerank_latency_p95_ms,millisecond,recomputed,,0.20846040000000002,,,,
retrieval_cost.prior_rerank_latency_p95_ms.mean,retrieval_cost,mean,prior_rerank_latency_p95_ms,millisecond,recomputed,,0.21565605,,,,
retrieval_cost.total_latency_p50_ms.0,retrieval_cost,0,total_latency_p50_ms,millisecond,recomputed,0.536,0.6934055,0.15740549999999998,3 decimal places,5.4,
retrieval_cost.total_latency_p50_ms.1,retrieval_cost,1,total_latency_p50_ms,millisecond,recomputed,0.847,0.882341,0.03534100000000007,3 decimal places,5.4,
retrieval_cost.total_latency_p50_ms.2,retrieval_cost,2,total_latency_p50_ms,millisecond,recomputed,0.699,0.666437,-0.03256300000000001,3 decimal places,5.4,
retrieval_cost.total_latency_p50_ms.mean,retrieval_cost,mean,total_latency_p50_ms,millisecond,recomputed,0.694,0.7473945000000001,0.05339450000000012,3 decimal places,5.4,
retrieval_cost.total_latency_p95_ms.0,retrieval_cost,0,total_latency_p95_ms,millisecond,recomputed,0.905,1.0143045,0.10930449999999992,3 decimal places,5.4,
retrieval_cost.total_latency_p95_ms.1,retrieval_cost,1,total_latency_p95_ms,millisecond,recomputed,1.435,1.337841,-0.097159,3 decimal places,5.4,
retrieval_cost.total_latency_p95_ms.2,retrieval_cost,2,total_latency_p95_ms,millisecond,recomputed,1.329,0.9531151999999999,-0.3758848,3 decimal places,5.4,
retrieval_cost.total_latency_p95_ms.mean,retrieval_cost,mean,total_latency_p95_ms,millisecond,recomputed,1.223,1.1017535666666667,-0.1212464333333334,3 decimal places,5.4,
index_cost.build_seconds.0,index_cost,0,build_seconds,second,recomputed,184.6,196.151983493,11.551983492999994,1 decimal place,5.4,
index_cost.build_seconds.1,index_cost,1,build_seconds,second,recomputed,191.3,208.427163905,17.127163904999975,1 decimal place,5.4,
index_cost.build_seconds.2,index_cost,2,build_seconds,second,recomputed,181.6,217.314887888,35.71488788799999,1 decimal place,5.4,
index_cost.build_seconds.mean,index_cost,mean,build_seconds,second,recomputed,,207.298011762,,,,
index_cost.build_seconds.sum,index_cost,sum,build_seconds,second,recomputed,,621.894035286,,,,
index_cost.index_bytes.0,index_cost,0,index_bytes,byte,recomputed,,2377803152,,,,
index_cost.index_bytes.1,index_cost,1,index_bytes,byte,recomputed,,2377803548,,,,
index_cost.index_bytes.2,index_cost,2,index_bytes,byte,recomputed,,2377803284,,,,
index_cost.index_bytes.mean,index_cost,mean,index_bytes,byte,recomputed,,2377803328.0,,,,
index_cost.index_bytes.sum,index_cost,sum,index_bytes,byte,recomputed,,7133409984.0,,,,
index_cost.index_gib.0,index_cost,0,index_gib,GiB,recomputed,2.214,2.21450175344944,0.0005017534494400344,approximate; 3 decimal places,5.4,
index_cost.index_gib.1,index_cost,1,index_gib,GiB,recomputed,2.214,2.2145021222531796,0.0005021222531795821,approximate; 3 decimal places,5.4,
index_cost.index_gib.2,index_cost,2,index_gib,GiB,recomputed,2.214,2.21450187638402,0.0005018763840198837,approximate; 3 decimal places,5.4,
index_cost.index_gib.mean,index_cost,mean,index_gib,GiB,recomputed,,2.214501917362213,,,,
index_cost.index_gib.sum,index_cost,sum,index_gib,GiB,recomputed,6.643,6.643505752086639,0.0005057520866396104,3 decimal places,5.4,
pipeline_cost.training_seconds.0,pipeline_cost,0,training_seconds,second,recomputed,,3875.623107513,,,,
pipeline_cost.training_seconds.1,pipeline_cost,1,training_seconds,second,recomputed,,3911.995430701,,,,
pipeline_cost.training_seconds.2,pipeline_cost,2,training_seconds,second,recomputed,,3569.225913043,,,,
pipeline_cost.training_seconds.mean,pipeline_cost,mean,training_seconds,second,recomputed,,3785.6148170856663,,,,
pipeline_cost.training_seconds.sum,pipeline_cost,sum,training_seconds,second,recomputed,,11356.844451256999,,,,
pipeline_cost.export_seconds.0,pipeline_cost,0,export_seconds,second,recomputed,,36.909912889,,,,
pipeline_cost.export_seconds.1,pipeline_cost,1,export_seconds,second,recomputed,,39.057959747,,,,
pipeline_cost.export_seconds.2,pipeline_cost,2,export_seconds,second,recomputed,,40.113738693,,,,
pipeline_cost.export_seconds.mean,pipeline_cost,mean,export_seconds,second,recomputed,,38.693870443,,,,
pipeline_cost.export_seconds.sum,pipeline_cost,sum,export_seconds,second,recomputed,,116.081611329,,,,
pipeline_cost.prior_build_seconds.0,pipeline_cost,0,prior_build_seconds,second,recomputed,,7.548296398,,,,
pipeline_cost.prior_build_seconds.1,pipeline_cost,1,prior_build_seconds,second,recomputed,,7.497223104,,,,
pipeline_cost.prior_build_seconds.2,pipeline_cost,2,prior_build_seconds,second,recomputed,,7.52224118,,,,
pipeline_cost.prior_build_seconds.mean,pipeline_cost,mean,prior_build_seconds,second,recomputed,,7.522586894,,,,
pipeline_cost.prior_build_seconds.sum,pipeline_cost,sum,prior_build_seconds,second,recomputed,,22.567760682,,,,
pipeline_cost.exact_full_reference_seconds.0,pipeline_cost,0,exact_full_reference_seconds,second,recomputed,,8.752328499,,,,
pipeline_cost.exact_full_reference_seconds.1,pipeline_cost,1,exact_full_reference_seconds,second,recomputed,,6.686751143,,,,
pipeline_cost.exact_full_reference_seconds.2,pipeline_cost,2,exact_full_reference_seconds,second,recomputed,,7.996605582,,,,
pipeline_cost.exact_full_reference_seconds.mean,pipeline_cost,mean,exact_full_reference_seconds,second,recomputed,,7.811895074666666,,,,
pipeline_cost.exact_full_reference_seconds.sum,pipeline_cost,sum,exact_full_reference_seconds,second,recomputed,,23.435685224,,,,
pipeline_cost.exact1000_reference_seconds.0,pipeline_cost,0,exact1000_reference_seconds,second,recomputed,,8.752328499,,,,
pipeline_cost.exact1000_reference_seconds.1,pipeline_cost,1,exact1000_reference_seconds,second,recomputed,,6.686751143,,,,
pipeline_cost.exact1000_reference_seconds.2,pipeline_cost,2,exact1000_reference_seconds,second,recomputed,,7.996605582,,,,
pipeline_cost.exact1000_reference_seconds.mean,pipeline_cost,mean,exact1000_reference_seconds,second,recomputed,,7.811895074666666,,,,
pipeline_cost.exact1000_reference_seconds.sum,pipeline_cost,sum,exact1000_reference_seconds,second,recomputed,,23.435685224,,,,
pipeline_cost.complete_evaluation_seconds.0,pipeline_cost,0,complete_evaluation_seconds,second,recomputed,,210.592887219,,,,
pipeline_cost.complete_evaluation_seconds.1,pipeline_cost,1,complete_evaluation_seconds,second,recomputed,,220.728925835,,,,
pipeline_cost.complete_evaluation_seconds.2,pipeline_cost,2,complete_evaluation_seconds,second,recomputed,,231.004162807,,,,
pipeline_cost.complete_evaluation_seconds.mean,pipeline_cost,mean,complete_evaluation_seconds,second,recomputed,,220.775325287,,,,
pipeline_cost.complete_evaluation_seconds.sum,pipeline_cost,sum,complete_evaluation_seconds,second,recomputed,,662.325975861,,,,
pipeline_cost.training_peak_rss_bytes.0,pipeline_cost,0,training_peak_rss_bytes,byte,recomputed,,35096985600.0,,,,
pipeline_cost.training_peak_rss_bytes.1,pipeline_cost,1,training_peak_rss_bytes,byte,recomputed,,35048878080.0,,,,
pipeline_cost.training_peak_rss_bytes.2,pipeline_cost,2,training_peak_rss_bytes,byte,recomputed,,35309973504.0,,,,
pipeline_cost.training_peak_rss_bytes.mean,pipeline_cost,mean,training_peak_rss_bytes,byte,recomputed,,35151945728.0,,,,
pipeline_cost.training_peak_vram_bytes.0,pipeline_cost,0,training_peak_vram_bytes,byte,recomputed,,40746042880.0,,,,
pipeline_cost.training_peak_vram_bytes.1,pipeline_cost,1,training_peak_vram_bytes,byte,recomputed,,40764269568.0,,,,
pipeline_cost.training_peak_vram_bytes.2,pipeline_cost,2,training_peak_vram_bytes,byte,recomputed,,40728464896.0,,,,
pipeline_cost.training_peak_vram_bytes.mean,pipeline_cost,mean,training_peak_vram_bytes,byte,recomputed,,40746259114.666664,,,,
pipeline_cost.evaluation_peak_rss_bytes.0,pipeline_cost,0,evaluation_peak_rss_bytes,byte,recomputed,,6390992896,,,,
pipeline_cost.evaluation_peak_rss_bytes.1,pipeline_cost,1,evaluation_peak_rss_bytes,byte,recomputed,,6432993280,,,,
pipeline_cost.evaluation_peak_rss_bytes.2,pipeline_cost,2,evaluation_peak_rss_bytes,byte,recomputed,,6519336960,,,,
pipeline_cost.evaluation_peak_rss_bytes.mean,pipeline_cost,mean,evaluation_peak_rss_bytes,byte,recomputed,,6447774378.666667,,,,
pipeline_cost.evaluation_peak_vram_bytes.0,pipeline_cost,0,evaluation_peak_vram_bytes,byte,recomputed,,2175757824,,,,
pipeline_cost.evaluation_peak_vram_bytes.1,pipeline_cost,1,evaluation_peak_vram_bytes,byte,recomputed,,2175757824,,,,
pipeline_cost.evaluation_peak_vram_bytes.2,pipeline_cost,2,evaluation_peak_vram_bytes,byte,recomputed,,2175757824,,,,
pipeline_cost.evaluation_peak_vram_bytes.mean,pipeline_cost,mean,evaluation_peak_vram_bytes,byte,recomputed,,2175757824.0,,,,
reproducibility.runtime_environment.0,reproducibility,0,runtime_environment,structured record,verified,,"{""captured_at"": ""2026-09-13T02:37:15+00:00"", ""hostname"": ""watgpu308"", ""platform"": ""Linux-6.17.0-35-generic-x86_64-with-glibc2.35"", ""python"": ""3.11.4"", ""python_executable"": ""/dev/shm/mlf-a04-x98liu-1539538.fX1hkJ/mlf/bin/python"", ""torch"": ""2.12.0+cu130"", ""cuda_runtime"": ""13.0"", ""cuda_available"": true, ""gpu_name"": ""NVIDIA L40S"", ""gpu_total_memory_bytes"": 47667740672, ""cpu_count"": 32, ""processor"": ""x86_64""}",,,,
reproducibility.runtime_environment.1,reproducibility,1,runtime_environment,structured record,verified,,"{""captured_at"": ""2026-09-13T03:43:15+00:00"", ""hostname"": ""watgpu308"", ""platform"": ""Linux-6.17.0-35-generic-x86_64-with-glibc2.35"", ""python"": ""3.11.4"", ""python_executable"": ""/dev/shm/mlf-a04-x98liu-1539567.ln48ni/mlf/bin/python"", ""torch"": ""2.12.0+cu130"", ""cuda_runtime"": ""13.0"", ""cuda_available"": true, ""gpu_name"": ""NVIDIA L40S"", ""gpu_total_memory_bytes"": 47667740672, ""cpu_count"": 32, ""processor"": ""x86_64""}",,,,
reproducibility.runtime_environment.2,reproducibility,2,runtime_environment,structured record,verified,,"{""captured_at"": ""2026-09-13T04:49:35+00:00"", ""hostname"": ""watgpu308"", ""platform"": ""Linux-6.17.0-35-generic-x86_64-with-glibc2.35"", ""python"": ""3.11.4"", ""python_executable"": ""/dev/shm/mlf-a04-x98liu-1539537.apFRJO/mlf/bin/python"", ""torch"": ""2.12.0+cu130"", ""cuda_runtime"": ""13.0"", ""cuda_available"": true, ""gpu_name"": ""NVIDIA L40S"", ""gpu_total_memory_bytes"": 47667740672, ""cpu_count"": 32, ""processor"": ""x86_64""}",,,,
reproducibility.runtime_environment.shared,reproducibility,shared,runtime_environment,structured record,verified,,"{""0"": {""captured_at"": ""2026-09-13T02:37:15+00:00"", ""hostname"": ""watgpu308"", ""platform"": ""Linux-6.17.0-35-generic-x86_64-with-glibc2.35"", ""python"": ""3.11.4"", ""python_executable"": ""/dev/shm/mlf-a04-x98liu-1539538.fX1hkJ/mlf/bin/python"", ""torch"": ""2.12.0+cu130"", ""cuda_runtime"": ""13.0"", ""cuda_available"": true, ""gpu_name"": ""NVIDIA L40S"", ""gpu_total_memory_bytes"": 47667740672, ""cpu_count"": 32, ""processor"": ""x86_64""}, ""1"": {""captured_at"": ""2026-09-13T03:43:15+00:00"", ""hostname"": ""watgpu308"", ""platform"": ""Linux-6.17.0-35-generic-x86_64-with-glibc2.35"", ""python"": ""3.11.4"", ""python_executable"": ""/dev/shm/mlf-a04-x98liu-1539567.ln48ni/mlf/bin/python"", ""torch"": ""2.12.0+cu130"", ""cuda_runtime"": ""13.0"", ""cuda_available"": true, ""gpu_name"": ""NVIDIA L40S"", ""gpu_total_memory_bytes"": 47667740672, ""cpu_count"": 32, ""processor"": ""x86_64""}, ""2"": {""captured_at"": ""2026-09-13T04:49:35+00:00"", ""hostname"": ""watgpu308"", ""platform"": ""Linux-6.17.0-35-generic-x86_64-with-glibc2.35"", ""python"": ""3.11.4"", ""python_executable"": ""/dev/shm/mlf-a04-x98liu-1539537.apFRJO/mlf/bin/python"", ""torch"": ""2.12.0+cu130"", ""cuda_runtime"": ""13.0"", ""cuda_available"": true, ""gpu_name"": ""NVIDIA L40S"", ""gpu_total_memory_bytes"": 47667740672, ""cpu_count"": 32, ""processor"": ""x86_64""}}",,,,
training_records.epochs_completed.0,training_records,0,epochs_completed,epoch,verified,,25,,,,
training_records.initialization_seed.0,training_records,0,initialization_seed,seed,verified,,0,,,,
training_records.split_seed.0,training_records,0,split_seed,seed,verified,,0,,,,
training_records.effective_resolved_config.0,training_records,0,effective_resolved_config,structured record,verified,,"{""num_layers"": 1, ""top_frac"": 0.1, ""lr"": 0.01, ""lambda_rank"": 1.0, ""lambda_contrast"": 1.0, ""lambda_mse"": 0.0, ""lambda_uniform"": 0.0, ""scorer"": ""dot"", ""similar_to_mode"": ""topk_unweighted"", ""similar_to_k"": 10, ""edge_aware"": true, ""weighted_relations"": [], ""rank_loss"": ""ranknet"", ""rank_temperature"": 0.1, ""rank_min_gap"": 0.02, ""rank_gap_weighted"": false, ""separate_heads"": false, ""grouped"": false, ""lambda_dm_contrast"": 0.0, ""dm_temperature"": 0.1, ""dm_hard_neg_weight"": 1.0, ""dm_warmup"": 0, ""early_stop"": false, ""patience"": 0, ""lambda_global"": 1.0, ""global_known_low"": true, ""global_hard_frac"": 0.5, ""global_mode"": ""lake"", ""lake_alpha"": 0.75, ""lake_n0"": 1.0, ""global_n_neg"": 256, ""batch_size"": 1024, ""fanout"": true, ""sparse_M"": true, ""contrast_n_neg"": 256, ""contrast_max_pos_per_dataset"": null, ""infer_chunk"": 50000, ""skip_diagnostics"": true, ""lake_gamma"": 0.5, ""global_n_datasets"": 128}",,,,
training_records.mechanism_gate.0,training_records,0,mechanism_gate,structured boolean record,verified,,"{""epochs"": 25, ""loss_first"": 23.054112901874618, ""loss_last"": 15.536381814994064, ""loss_descended"": true, ""no_nan"": true, ""size_embedding_moved"": true, ""family_embedding_moved"": true, ""passed"": true}",,,,
training_records.all_existing_epoch_fields.0,training_records,0,all_existing_epoch_fields,25 epoch records,verified,,"[{""rank"": 0.9471790019203635, ""contrast"": 5.483843924952488, ""global"": 16.623089996038697, ""total"": 23.054112901874618}, {""rank"": 0.890787193588182, ""contrast"": 5.3685597531935745, ""global"": 15.033534910164628, ""total"": 21.29288194693771}, {""rank"": 0.7775735457738241, ""contrast"": 5.1433680478264305, ""global"": 13.9128012750663, ""total"": 19.83374292710248}, {""rank"": 0.7406680560579487, ""contrast"": 4.769770771849389, ""global"": 13.397321121365417, ""total"": 18.907760096531288}, {""rank"": 0.7505860059869056, ""contrast"": 4.492325614480412, ""global"": 12.873485097698136, ""total"": 18.11639669829724}, {""rank"": 0.7356470975221372, ""contrast"": 4.30907241970885, ""global"": 12.570555612152697, ""total"": 17.61527510250316}, {""rank"": 0.6997746229171753, ""contrast"": 4.265067147273643, ""global"": 12.342730540855259, ""total"": 17.30757215911267}, {""rank"": 0.68306085116723, ""contrast"": 4.1904709572885555, ""global"": 12.120197146546607, ""total"": 16.993729161281212}, {""rank"": 0.6763605580610388, ""contrast"": 4.116072636024625, ""global"": 11.999142422395593, ""total"": 16.791575674917183}, {""rank"": 0.6673369244033215, ""contrast"": 4.063076725193098, ""global"": 11.868562361773323, ""total"": 16.598976097854912}, {""rank"": 0.6600012323435616, ""contrast"": 4.0283846621419865, ""global"": 11.78486104105033, ""total"": 16.47324696709128}, {""rank"": 0.6521966492428499, ""contrast"": 3.9973127514708278, ""global"": 11.730684429991479, ""total"": 16.380193803824632}, {""rank"": 0.621024407008115, ""contrast"": 3.9719620311961457, ""global"": 11.681970222323548, ""total"": 16.27495677798402}, {""rank"": 0.6423937152413761, ""contrast"": 3.9294967230628517, ""global"": 11.651985673343434, ""total"": 16.223876242544137}, {""rank"": 0.6282056698612138, ""contrast"": 3.9145564939461504, ""global"": 11.504906261668486, ""total"": 16.04766828873578}, {""rank"": 0.6388117752823175, ""contrast"": 3.8778219971002317, ""global"": 11.505418122983446, ""total"": 16.022051904715745}, {""rank"": 0.6177738238783443, ""contrast"": 3.8685032339657055, ""global"": 11.406626589158002, ""total"": 15.892903701931823}, {""rank"": 0.609276748755399, ""contrast"": 3.8530162315742644, ""global"": 11.418125171287388, ""total"": 15.880418122983446}, {""rank"": 0.6210864028509926, ""contrast"": 3.8344020563013412, ""global"": 11.371916247349159, ""total"": 15.827404714098163}, {""rank"": 0.6044807954161775, ""contrast"": 3.8190083877713072, ""global"": 11.266831098818312, ""total"": 15.690320145850087}, {""rank"": 0.5931586518007166, ""contrast"": 3.79672656807245, ""global"": 11.291801882725135, ""total"": 15.681687130647546}, {""rank"": 0.5923459757776821, ""contrast"": 3.780975341796875, ""global"": 11.232941814497405, ""total"": 15.606263179405063}, {""rank"": 0.5998419610893025, ""contrast"": 3.7705609284195245, ""global"": 11.18609043196136, ""total"": 15.556493291667863}, {""rank"": 0.5816922333894992, ""contrast"": 3.764905466752894, ""global"": 11.194195429484049, ""total"": 15.540793082293343}, {""rank"": 0.5768575048914143, ""contrast"": 3.7487324452867696, ""global"": 11.210791961819519, ""total"": 15.536381814994064}]",,,,
training_records.disabled_diagnostics.0,training_records,0,disabled_diagnostics,named disabled-policy record,disabled,,"{""num_layers"": 1, ""top_frac"": 0.1, ""lr"": 0.01, ""lambda_rank"": 1.0, ""lambda_contrast"": 1.0, ""lambda_mse"": 0.0, ""lambda_uniform"": 0.0, ""scorer"": ""dot"", ""similar_to_mode"": ""topk_unweighted"", ""similar_to_k"": 10, ""edge_aware"": true, ""weighted_relations"": [], ""rank_loss"": ""ranknet"", ""rank_temperature"": 0.1, ""rank_min_gap"": 0.02, ""rank_gap_weighted"": false, ""separate_heads"": false, ""grouped"": false, ""lambda_dm_contrast"": 0.0, ""dm_temperature"": 0.1, ""dm_hard_neg_weight"": 1.0, ""dm_warmup"": 0, ""early_stop"": false, ""patience"": 0, ""lambda_global"": 1.0, ""global_known_low"": true, ""global_hard_frac"": 0.5, ""global_mode"": ""lake"", ""lake_alpha"": 0.75, ""lake_n0"": 1.0, ""global_n_neg"": 256, ""batch_size"": 1024, ""fanout"": true, ""sparse_M"": true, ""contrast_n_neg"": 256, ""contrast_max_pos_per_dataset"": null, ""infer_chunk"": 50000, ""skip_diagnostics"": true, ""lake_gamma"": 0.5, ""global_n_datasets"": 128}",,,,Frozen original skip_diagnostics=True; no disabled measurement replaced by zero
training_records.total_loss_by_epoch.0,training_records,0,total_loss_by_epoch,loss by epoch,recomputed,,"[23.054112901874618, 21.29288194693771, 19.83374292710248, 18.907760096531288, 18.11639669829724, 17.61527510250316, 17.30757215911267, 16.993729161281212, 16.791575674917183, 16.598976097854912, 16.47324696709128, 16.380193803824632, 16.27495677798402, 16.223876242544137, 16.04766828873578, 16.022051904715745, 15.892903701931823, 15.880418122983446, 15.827404714098163, 15.690320145850087, 15.681687130647546, 15.606263179405063, 15.556493291667863, 15.540793082293343, 15.536381814994064]",,,,
training_records.total_loss_final_epoch.0,training_records,0,total_loss_final_epoch,loss,recomputed,,15.536381814994064,,,,
training_records.rank_loss_by_epoch.0,training_records,0,rank_loss_by_epoch,loss by epoch,recomputed,,"[0.9471790019203635, 0.890787193588182, 0.7775735457738241, 0.7406680560579487, 0.7505860059869056, 0.7356470975221372, 0.6997746229171753, 0.68306085116723, 0.6763605580610388, 0.6673369244033215, 0.6600012323435616, 0.6521966492428499, 0.621024407008115, 0.6423937152413761, 0.6282056698612138, 0.6388117752823175, 0.6177738238783443, 0.609276748755399, 0.6210864028509926, 0.6044807954161775, 0.5931586518007166, 0.5923459757776821, 0.5998419610893025, 0.5816922333894992, 0.5768575048914143]",,,,
training_records.rank_loss_final_epoch.0,training_records,0,rank_loss_final_epoch,loss,recomputed,,0.5768575048914143,,,,
training_records.contrast_loss_by_epoch.0,training_records,0,contrast_loss_by_epoch,loss by epoch,recomputed,,"[5.483843924952488, 5.3685597531935745, 5.1433680478264305, 4.769770771849389, 4.492325614480412, 4.30907241970885, 4.265067147273643, 4.1904709572885555, 4.116072636024625, 4.063076725193098, 4.0283846621419865, 3.9973127514708278, 3.9719620311961457, 3.9294967230628517, 3.9145564939461504, 3.8778219971002317, 3.8685032339657055, 3.8530162315742644, 3.8344020563013412, 3.8190083877713072, 3.79672656807245, 3.780975341796875, 3.7705609284195245, 3.764905466752894, 3.7487324452867696]",,,,
training_records.contrast_loss_final_epoch.0,training_records,0,contrast_loss_final_epoch,loss,recomputed,,3.7487324452867696,,,,
training_records.global_loss_by_epoch.0,training_records,0,global_loss_by_epoch,loss by epoch,recomputed,,"[16.623089996038697, 15.033534910164628, 13.9128012750663, 13.397321121365417, 12.873485097698136, 12.570555612152697, 12.342730540855259, 12.120197146546607, 11.999142422395593, 11.868562361773323, 11.78486104105033, 11.730684429991479, 11.681970222323548, 11.651985673343434, 11.504906261668486, 11.505418122983446, 11.406626589158002, 11.418125171287388, 11.371916247349159, 11.266831098818312, 11.291801882725135, 11.232941814497405, 11.18609043196136, 11.194195429484049, 11.210791961819519]",,,,
training_records.global_loss_final_epoch.0,training_records,0,global_loss_final_epoch,loss,recomputed,,11.210791961819519,,,,
training_records.epochs_completed.1,training_records,1,epochs_completed,epoch,verified,,25,,,,
training_records.initialization_seed.1,training_records,1,initialization_seed,seed,verified,,0,,,,
training_records.split_seed.1,training_records,1,split_seed,seed,verified,,1,,,,
training_records.effective_resolved_config.1,training_records,1,effective_resolved_config,structured record,verified,,"{""num_layers"": 1, ""top_frac"": 0.1, ""lr"": 0.01, ""lambda_rank"": 1.0, ""lambda_contrast"": 1.0, ""lambda_mse"": 0.0, ""lambda_uniform"": 0.0, ""scorer"": ""dot"", ""similar_to_mode"": ""topk_unweighted"", ""similar_to_k"": 10, ""edge_aware"": true, ""weighted_relations"": [], ""rank_loss"": ""ranknet"", ""rank_temperature"": 0.1, ""rank_min_gap"": 0.02, ""rank_gap_weighted"": false, ""separate_heads"": false, ""grouped"": false, ""lambda_dm_contrast"": 0.0, ""dm_temperature"": 0.1, ""dm_hard_neg_weight"": 1.0, ""dm_warmup"": 0, ""early_stop"": false, ""patience"": 0, ""lambda_global"": 1.0, ""global_known_low"": true, ""global_hard_frac"": 0.5, ""global_mode"": ""lake"", ""lake_alpha"": 0.75, ""lake_n0"": 1.0, ""global_n_neg"": 256, ""batch_size"": 1024, ""fanout"": true, ""sparse_M"": true, ""contrast_n_neg"": 256, ""contrast_max_pos_per_dataset"": null, ""infer_chunk"": 50000, ""skip_diagnostics"": true, ""lake_gamma"": 0.5, ""global_n_datasets"": 128}",,,,
training_records.mechanism_gate.1,training_records,1,mechanism_gate,structured boolean record,verified,,"{""epochs"": 25, ""loss_first"": 23.33373540990493, ""loss_last"": 15.830109988941865, ""loss_descended"": true, ""no_nan"": true, ""size_embedding_moved"": true, ""family_embedding_moved"": true, ""passed"": true}",,,,
training_records.all_existing_epoch_fields.1,training_records,1,all_existing_epoch_fields,25 epoch records,verified,,"[{""rank"": 0.98905402655695, ""contrast"": 5.482948452818627, ""global"": 16.861732838200588, ""total"": 23.33373540990493}, {""rank"": 0.8815210075939403, ""contrast"": 5.291289815715715, ""global"": 15.462947116178626, ""total"": 21.635757895076978}, {""rank"": 0.8263457405800912, ""contrast"": 4.877833553389007, ""global"": 14.12415999992221, ""total"": 19.828339258829754}, {""rank"": 0.8150642736285341, ""contrast"": 4.521643517064113, ""global"": 13.382257555045333, ""total"": 18.71896541819853}, {""rank"": 0.747542701515497, ""contrast"": 4.314055311913584, ""global"": 12.88875233893301, ""total"": 17.950350293926164}, {""rank"": 0.7236077808866314, ""contrast"": 4.194382985432942, ""global"": 12.592610396590887, ""total"": 17.510601081100166}, {""rank"": 0.7145564579496196, ""contrast"": 4.111161073048909, ""global"": 12.483441951228123, ""total"": 17.309159372367112}, {""rank"": 0.713580717643102, ""contrast"": 4.040256383372288, ""global"": 12.277355212791294, ""total"": 17.031192255955116}, {""rank"": 0.6765590602276372, ""contrast"": 3.9858781917422426, ""global"": 12.1064333635218, ""total"": 16.768870634191178}, {""rank"": 0.6920054940616384, ""contrast"": 3.9149491646710564, ""global"": 12.088375203749713, ""total"": 16.695329927930644}, {""rank"": 0.65999163015216, ""contrast"": 3.9005399545033774, ""global"": 11.965283057268929, ""total"": 16.525814692179363}, {""rank"": 0.6724538540138918, ""contrast"": 3.8854283211277982, ""global"": 11.831177243999406, ""total"": 16.389059347264908}, {""rank"": 0.6534274898323358, ""contrast"": 3.8382335550644817, ""global"": 11.855391782872816, ""total"": 16.347052779852174}, {""rank"": 0.655590364746019, ""contrast"": 3.8071918721292533, ""global"": 11.730520491506539, ""total"": 16.193302678126916}, {""rank"": 0.664190785557616, ""contrast"": 3.7929876879149793, ""global"": 11.69429038552677, ""total"": 16.151468669666965}, {""rank"": 0.6567827533273136, ""contrast"": 3.773439173604928, ""global"": 11.643713539721919, ""total"": 16.073935452629538}, {""rank"": 0.6642758279454475, ""contrast"": 3.785893033532535, ""global"": 11.647798725202971, ""total"": 16.097967596615064}, {""rank"": 0.6326892399320415, ""contrast"": 3.7781800242031323, ""global"": 11.55811321034151, ""total"": 15.968982490838743}, {""rank"": 0.6406110729656967, ""contrast"": 3.760416138405893, ""global"": 11.619057804930444, ""total"": 16.020084848590926}, {""rank"": 0.6494543821203942, ""contrast"": 3.743932326634725, ""global"": 11.557874997456869, ""total"": 15.9512617447797}, {""rank"": 0.6211662754124286, ""contrast"": 3.757715851652856, ""global"": 11.467398793089624, ""total"": 15.846281032936245}, {""rank"": 0.6149413673316731, ""contrast"": 3.734387107923919, ""global"": 11.447949858272777, ""total"": 15.797278292038861}, {""rank"": 0.6166302906531914, ""contrast"": 3.7256081197776045, ""global"": 11.47139674541997, ""total"": 15.813635152928969}, {""rank"": 0.6179022689660391, ""contrast"": 3.7144772445454315, ""global"": 11.511101947111243, ""total"": 15.843481475231695}, {""rank"": 0.6115212855385799, ""contrast"": 3.711298044990091, ""global"": 11.507290615754968, ""total"": 15.830109988941865}]",,,,
training_records.disabled_diagnostics.1,training_records,1,disabled_diagnostics,named disabled-policy record,disabled,,"{""num_layers"": 1, ""top_frac"": 0.1, ""lr"": 0.01, ""lambda_rank"": 1.0, ""lambda_contrast"": 1.0, ""lambda_mse"": 0.0, ""lambda_uniform"": 0.0, ""scorer"": ""dot"", ""similar_to_mode"": ""topk_unweighted"", ""similar_to_k"": 10, ""edge_aware"": true, ""weighted_relations"": [], ""rank_loss"": ""ranknet"", ""rank_temperature"": 0.1, ""rank_min_gap"": 0.02, ""rank_gap_weighted"": false, ""separate_heads"": false, ""grouped"": false, ""lambda_dm_contrast"": 0.0, ""dm_temperature"": 0.1, ""dm_hard_neg_weight"": 1.0, ""dm_warmup"": 0, ""early_stop"": false, ""patience"": 0, ""lambda_global"": 1.0, ""global_known_low"": true, ""global_hard_frac"": 0.5, ""global_mode"": ""lake"", ""lake_alpha"": 0.75, ""lake_n0"": 1.0, ""global_n_neg"": 256, ""batch_size"": 1024, ""fanout"": true, ""sparse_M"": true, ""contrast_n_neg"": 256, ""contrast_max_pos_per_dataset"": null, ""infer_chunk"": 50000, ""skip_diagnostics"": true, ""lake_gamma"": 0.5, ""global_n_datasets"": 128}",,,,Frozen original skip_diagnostics=True; no disabled measurement replaced by zero
training_records.total_loss_by_epoch.1,training_records,1,total_loss_by_epoch,loss by epoch,recomputed,,"[23.33373540990493, 21.635757895076978, 19.828339258829754, 18.71896541819853, 17.950350293926164, 17.510601081100166, 17.309159372367112, 17.031192255955116, 16.768870634191178, 16.695329927930644, 16.525814692179363, 16.389059347264908, 16.347052779852174, 16.193302678126916, 16.151468669666965, 16.073935452629538, 16.097967596615064, 15.968982490838743, 16.020084848590926, 15.9512617447797, 15.846281032936245, 15.797278292038861, 15.813635152928969, 15.843481475231695, 15.830109988941865]",,,,
training_records.total_loss_final_epoch.1,training_records,1,total_loss_final_epoch,loss,recomputed,,15.830109988941865,,,,
training_records.rank_loss_by_epoch.1,training_records,1,rank_loss_by_epoch,loss by epoch,recomputed,,"[0.98905402655695, 0.8815210075939403, 0.8263457405800912, 0.8150642736285341, 0.747542701515497, 0.7236077808866314, 0.7145564579496196, 0.713580717643102, 0.6765590602276372, 0.6920054940616384, 0.65999163015216, 0.6724538540138918, 0.6534274898323358, 0.655590364746019, 0.664190785557616, 0.6567827533273136, 0.6642758279454475, 0.6326892399320415, 0.6406110729656967, 0.6494543821203942, 0.6211662754124286, 0.6149413673316731, 0.6166302906531914, 0.6179022689660391, 0.6115212855385799]",,,,
training_records.rank_loss_final_epoch.1,training_records,1,rank_loss_final_epoch,loss,recomputed,,0.6115212855385799,,,,
training_records.contrast_loss_by_epoch.1,training_records,1,contrast_loss_by_epoch,loss by epoch,recomputed,,"[5.482948452818627, 5.291289815715715, 4.877833553389007, 4.521643517064113, 4.314055311913584, 4.194382985432942, 4.111161073048909, 4.040256383372288, 3.9858781917422426, 3.9149491646710564, 3.9005399545033774, 3.8854283211277982, 3.8382335550644817, 3.8071918721292533, 3.7929876879149793, 3.773439173604928, 3.785893033532535, 3.7781800242031323, 3.760416138405893, 3.743932326634725, 3.757715851652856, 3.734387107923919, 3.7256081197776045, 3.7144772445454315, 3.711298044990091]",,,,
training_records.contrast_loss_final_epoch.1,training_records,1,contrast_loss_final_epoch,loss,recomputed,,3.711298044990091,,,,
training_records.global_loss_by_epoch.1,training_records,1,global_loss_by_epoch,loss by epoch,recomputed,,"[16.861732838200588, 15.462947116178626, 14.12415999992221, 13.382257555045333, 12.88875233893301, 12.592610396590887, 12.483441951228123, 12.277355212791294, 12.1064333635218, 12.088375203749713, 11.965283057268929, 11.831177243999406, 11.855391782872816, 11.730520491506539, 11.69429038552677, 11.643713539721919, 11.647798725202971, 11.55811321034151, 11.619057804930444, 11.557874997456869, 11.467398793089624, 11.447949858272777, 11.47139674541997, 11.511101947111243, 11.507290615754968]",,,,
training_records.global_loss_final_epoch.1,training_records,1,global_loss_final_epoch,loss,recomputed,,11.507290615754968,,,,
training_records.epochs_completed.2,training_records,2,epochs_completed,epoch,verified,,25,,,,
training_records.initialization_seed.2,training_records,2,initialization_seed,seed,verified,,0,,,,
training_records.split_seed.2,training_records,2,split_seed,seed,verified,,2,,,,
training_records.effective_resolved_config.2,training_records,2,effective_resolved_config,structured record,verified,,"{""num_layers"": 1, ""top_frac"": 0.1, ""lr"": 0.01, ""lambda_rank"": 1.0, ""lambda_contrast"": 1.0, ""lambda_mse"": 0.0, ""lambda_uniform"": 0.0, ""scorer"": ""dot"", ""similar_to_mode"": ""topk_unweighted"", ""similar_to_k"": 10, ""edge_aware"": true, ""weighted_relations"": [], ""rank_loss"": ""ranknet"", ""rank_temperature"": 0.1, ""rank_min_gap"": 0.02, ""rank_gap_weighted"": false, ""separate_heads"": false, ""grouped"": false, ""lambda_dm_contrast"": 0.0, ""dm_temperature"": 0.1, ""dm_hard_neg_weight"": 1.0, ""dm_warmup"": 0, ""early_stop"": false, ""patience"": 0, ""lambda_global"": 1.0, ""global_known_low"": true, ""global_hard_frac"": 0.5, ""global_mode"": ""lake"", ""lake_alpha"": 0.75, ""lake_n0"": 1.0, ""global_n_neg"": 256, ""batch_size"": 1024, ""fanout"": true, ""sparse_M"": true, ""contrast_n_neg"": 256, ""contrast_max_pos_per_dataset"": null, ""infer_chunk"": 50000, ""skip_diagnostics"": true, ""lake_gamma"": 0.5, ""global_n_datasets"": 128}",,,,
training_records.mechanism_gate.2,training_records,2,mechanism_gate,structured boolean record,verified,,"{""epochs"": 25, ""loss_first"": 23.30096667745839, ""loss_last"": 15.61333299719769, ""loss_descended"": true, ""no_nan"": true, ""size_embedding_moved"": true, ""family_embedding_moved"": true, ""passed"": true}",,,,
training_records.all_existing_epoch_fields.2,training_records,2,all_existing_epoch_fields,25 epoch records,verified,,"[{""rank"": 0.9529668053855067, ""contrast"": 5.485581263251927, ""global"": 16.86241867231286, ""total"": 23.30096667745839}, {""rank"": 0.8118981408036273, ""contrast"": 5.366431111874788, ""global"": 15.731296560038691, ""total"": 21.909625716831375}, {""rank"": 0.7622265297433605, ""contrast"": 5.050471036330514, ""global"": 14.338751253874406, ""total"": 20.1514487473861}, {""rank"": 0.7622173933879189, ""contrast"": 4.747211715449458, ""global"": 13.664332908132803, ""total"": 19.173762072687563}, {""rank"": 0.7050951991392218, ""contrast"": 4.4721737737241, ""global"": 13.279236855714217, ""total"": 18.456505941308063}, {""rank"": 0.7005789487258248, ""contrast"": 4.280635159948598, ""global"": 12.94651746749878, ""total"": 17.927731596905254}, {""rank"": 0.6642772924640904, ""contrast"": 4.165724505548892, ""global"": 12.623847982157832, ""total"": 17.45384991687277}, {""rank"": 0.6556244051974752, ""contrast"": 4.0867284018060435, ""global"": 12.482392394024393, ""total"": 17.22474525285804}, {""rank"": 0.6515479308107625, ""contrast"": 4.036574332610421, ""global"": 12.3278343781181, ""total"": 17.015956671341605}, {""rank"": 0.6347433030605316, ""contrast"": 3.971611712289893, ""global"": 12.134502742601478, ""total"": 16.74085762189782}, {""rank"": 0.6119967070610627, ""contrast"": 3.9339718922324804, ""global"": 12.061251018358314, ""total"": 16.60721957165262}, {""rank"": 0.6036716122990069, ""contrast"": 3.912208987318951, ""global"": 11.881892432337223, ""total"": 16.39777316217837}, {""rank"": 0.6062154348777689, ""contrast"": 3.8674973249435425, ""global"": 12.061889109404191, ""total"": 16.535601781762164}, {""rank"": 0.5952724445125331, ""contrast"": 3.841491901356241, ""global"": 11.884546736012334, ""total"": 16.321311059205428}, {""rank"": 0.591118195782537, ""contrast"": 3.8149623197057974, ""global"": 11.82055715892626, ""total"": 16.226637736610744}, {""rank"": 0.5810423817323602, ""contrast"": 3.7977123312328174, ""global"": 11.696978880011518, ""total"": 16.07573368238366}, {""rank"": 0.5795016256363495, ""contrast"": 3.7814605495204097, ""global"": 11.77104383966197, ""total"": 16.132006043973178}, {""rank"": 0.5777872463931208, ""contrast"": 3.761080731516299, ""global"": 11.697604428166928, ""total"": 16.036472403484844}, {""rank"": 0.5755643805731898, ""contrast"": 3.7376229763031006, ""global"": 11.665206888447637, ""total"": 15.97839411445286}, {""rank"": 0.5599346588487211, ""contrast"": 3.7394580530083696, ""global"": 11.537470838297969, ""total"": 15.83686351776123}, {""rank"": 0.5686260869969493, ""contrast"": 3.7255306503047114, ""global"": 11.522932322128959, ""total"": 15.817089039346445}, {""rank"": 0.5355582004008086, ""contrast"": 3.7003616042759107, ""global"": 11.50350450432819, ""total"": 15.739424394524615}, {""rank"": 0.5469594241484351, ""contrast"": 3.693915475969729, ""global"": 11.444464870121168, ""total"": 15.685339741084887}, {""rank"": 0.5627218983743502, ""contrast"": 3.688040209853131, ""global"": 11.454501048378322, ""total"": 15.705263137817383}, {""rank"": 0.5533872104209402, ""contrast"": 3.6645981436190396, ""global"": 11.395347533018693, ""total"": 15.61333299719769}]",,,,
training_records.disabled_diagnostics.2,training_records,2,disabled_diagnostics,named disabled-policy record,disabled,,"{""num_layers"": 1, ""top_frac"": 0.1, ""lr"": 0.01, ""lambda_rank"": 1.0, ""lambda_contrast"": 1.0, ""lambda_mse"": 0.0, ""lambda_uniform"": 0.0, ""scorer"": ""dot"", ""similar_to_mode"": ""topk_unweighted"", ""similar_to_k"": 10, ""edge_aware"": true, ""weighted_relations"": [], ""rank_loss"": ""ranknet"", ""rank_temperature"": 0.1, ""rank_min_gap"": 0.02, ""rank_gap_weighted"": false, ""separate_heads"": false, ""grouped"": false, ""lambda_dm_contrast"": 0.0, ""dm_temperature"": 0.1, ""dm_hard_neg_weight"": 1.0, ""dm_warmup"": 0, ""early_stop"": false, ""patience"": 0, ""lambda_global"": 1.0, ""global_known_low"": true, ""global_hard_frac"": 0.5, ""global_mode"": ""lake"", ""lake_alpha"": 0.75, ""lake_n0"": 1.0, ""global_n_neg"": 256, ""batch_size"": 1024, ""fanout"": true, ""sparse_M"": true, ""contrast_n_neg"": 256, ""contrast_max_pos_per_dataset"": null, ""infer_chunk"": 50000, ""skip_diagnostics"": true, ""lake_gamma"": 0.5, ""global_n_datasets"": 128}",,,,Frozen original skip_diagnostics=True; no disabled measurement replaced by zero
training_records.total_loss_by_epoch.2,training_records,2,total_loss_by_epoch,loss by epoch,recomputed,,"[23.30096667745839, 21.909625716831375, 20.1514487473861, 19.173762072687563, 18.456505941308063, 17.927731596905254, 17.45384991687277, 17.22474525285804, 17.015956671341605, 16.74085762189782, 16.60721957165262, 16.39777316217837, 16.535601781762164, 16.321311059205428, 16.226637736610744, 16.07573368238366, 16.132006043973178, 16.036472403484844, 15.97839411445286, 15.83686351776123, 15.817089039346445, 15.739424394524615, 15.685339741084887, 15.705263137817383, 15.61333299719769]",,,,
training_records.total_loss_final_epoch.2,training_records,2,total_loss_final_epoch,loss,recomputed,,15.61333299719769,,,,
training_records.rank_loss_by_epoch.2,training_records,2,rank_loss_by_epoch,loss by epoch,recomputed,,"[0.9529668053855067, 0.8118981408036273, 0.7622265297433605, 0.7622173933879189, 0.7050951991392218, 0.7005789487258248, 0.6642772924640904, 0.6556244051974752, 0.6515479308107625, 0.6347433030605316, 0.6119967070610627, 0.6036716122990069, 0.6062154348777689, 0.5952724445125331, 0.591118195782537, 0.5810423817323602, 0.5795016256363495, 0.5777872463931208, 0.5755643805731898, 0.5599346588487211, 0.5686260869969493, 0.5355582004008086, 0.5469594241484351, 0.5627218983743502, 0.5533872104209402]",,,,
training_records.rank_loss_final_epoch.2,training_records,2,rank_loss_final_epoch,loss,recomputed,,0.5533872104209402,,,,
training_records.contrast_loss_by_epoch.2,training_records,2,contrast_loss_by_epoch,loss by epoch,recomputed,,"[5.485581263251927, 5.366431111874788, 5.050471036330514, 4.747211715449458, 4.4721737737241, 4.280635159948598, 4.165724505548892, 4.0867284018060435, 4.036574332610421, 3.971611712289893, 3.9339718922324804, 3.912208987318951, 3.8674973249435425, 3.841491901356241, 3.8149623197057974, 3.7977123312328174, 3.7814605495204097, 3.761080731516299, 3.7376229763031006, 3.7394580530083696, 3.7255306503047114, 3.7003616042759107, 3.693915475969729, 3.688040209853131, 3.6645981436190396]",,,,
training_records.contrast_loss_final_epoch.2,training_records,2,contrast_loss_final_epoch,loss,recomputed,,3.6645981436190396,,,,
training_records.global_loss_by_epoch.2,training_records,2,global_loss_by_epoch,loss by epoch,recomputed,,"[16.86241867231286, 15.731296560038691, 14.338751253874406, 13.664332908132803, 13.279236855714217, 12.94651746749878, 12.623847982157832, 12.482392394024393, 12.3278343781181, 12.134502742601478, 12.061251018358314, 11.881892432337223, 12.061889109404191, 11.884546736012334, 11.82055715892626, 11.696978880011518, 11.77104383966197, 11.697604428166928, 11.665206888447637, 11.537470838297969, 11.522932322128959, 11.50350450432819, 11.444464870121168, 11.454501048378322, 11.395347533018693]",,,,
training_records.global_loss_final_epoch.2,training_records,2,global_loss_final_epoch,loss,recomputed,,11.395347533018693,,,,
training_records.total_loss_by_epoch.mean,training_records,mean,total_loss_by_epoch,loss by epoch,recomputed,,"[23.229604996412647, 21.61275518628202, 19.937843644439443, 18.93349586247246, 18.174417644510488, 17.684535926836194, 17.356860482784185, 17.08322222336479, 16.85880099348332, 16.678387882561125, 16.535427076974422, 16.389008771089305, 16.38587044653279, 16.246163326625492, 16.14192489833783, 16.05724034657631, 16.040959114173354, 15.961957672435679, 15.941961225713984, 15.826148469463673, 15.781685734310079, 15.714321955322845, 15.685156061893906, 15.69651256511414, 15.659941600377872]",,,,
training_records.total_loss_final_epoch.mean,training_records,mean,total_loss_final_epoch,loss,recomputed,,15.659941600377872,,,,
training_records.rank_loss_by_epoch.mean,training_records,mean,rank_loss_by_epoch,loss by epoch,recomputed,,"[0.9630666112876067, 0.8614021139952498, 0.7887152720324253, 0.7726499076914672, 0.7344079688805415, 0.7199446090448643, 0.6928694577769617, 0.6840886580026023, 0.6681558496998128, 0.6646952405084972, 0.6439965231855947, 0.6427740385185828, 0.6268891105727399, 0.6310855081666427, 0.6278382170671223, 0.6255456367806638, 0.6205170924867138, 0.6065844116935204, 0.6124206187966265, 0.6046232787950976, 0.5943170047366982, 0.5809485145033879, 0.5878105586303097, 0.5874388002432962, 0.5805886669503114]",,,,
training_records.rank_loss_final_epoch.mean,training_records,mean,rank_loss_final_epoch,loss,recomputed,,0.5805886669503114,,,,
training_records.contrast_loss_by_epoch.mean,training_records,mean,contrast_loss_by_epoch,loss by epoch,recomputed,,"[5.484124547007681, 5.34209356026136, 5.023890879181984, 4.67954200145432, 4.426184900039365, 4.261363521696797, 4.180650908623814, 4.105818580822295, 4.046175053459096, 3.9832125340513493, 3.9542988362926152, 3.9316500199725257, 3.8925643037347233, 3.8593934988494483, 3.8408355005223087, 3.8163245006459925, 3.81195227233955, 3.7974256624312317, 3.777480390336778, 3.7674662558048007, 3.759991023343339, 3.738574684665568, 3.730028174722286, 3.722474307050485, 3.7082095446319667]",,,,
training_records.contrast_loss_final_epoch.mean,training_records,mean,contrast_loss_final_epoch,loss,recomputed,,3.7082095446319667,,,,
training_records.global_loss_by_epoch.mean,training_records,mean,global_loss_by_epoch,loss by epoch,recomputed,,"[16.782413835517378, 15.409259528793982, 14.125237509620973, 13.481303861514519, 13.013824764115121, 12.703227825414123, 12.483340158080404, 12.293314917787432, 12.144470054678498, 12.03048010270817, 11.93713170555919, 11.81458470210937, 11.866417038200185, 11.755684300287434, 11.67325126870717, 11.615370180905629, 11.608489718007647, 11.557947603265275, 11.552060313575746, 11.45405897819105, 11.42737766598124, 11.394798725699458, 11.367317349167498, 11.386599474991206, 11.371143370197727]",,,,
training_records.global_loss_final_epoch.mean,training_records,mean,global_loss_final_epoch,loss,recomputed,,11.371143370197727,,,,
task_prior.visible_prior_edges.0,task_prior,0,visible_prior_edges,edge,recomputed,198216,198216,0,integer,5.3,
task_prior.prior_root_exclusion.0,task_prior,0,prior_root_exclusion,boolean and evidence,verified,,"{""passed"": true, ""query_roots"": 730, ""visible_roots"": 7158, ""overlap_root_ids"": [], ""visible_pairs_sha256"": ""a47678ec384bc8d064849e89806f5d0352c2414c0b4c9708ad19b639a887ab88"", ""frozen_train_validation_pairs_sha256"": ""a47678ec384bc8d064849e89806f5d0352c2414c0b4c9708ad19b639a887ab88""}",,,,
task_prior.prior_rowmap_alignment.0,task_prior,0,prior_rowmap_alignment,boolean and evidence,verified,,"{""passed"": true, ""model_rows"": 3016439, ""dataset_rows"": 18729, ""root_groups"": 9341, ""task_groups"": 2198, ""task_id_sha256"": ""f028c89fe531fb98da3829e928645818be85efab164b058b09ac86b7dc537864"", ""root_id_sha256"": ""7a38cbbfea22d41578fffea7e91adf7e4aed0fdceca5961d8f1aea4e011ebc5b""}",,,,
task_prior.sidecar_rebuilt_and_hash_bound.0,task_prior,0,sidecar_rebuilt_and_hash_bound,boolean and evidence,verified,,"{""passed"": true, ""a0"": {""protocol"": ""a0"", ""run_id"": ""A0_20260912"", ""seed"": 0, ""graph_digest"": ""acddeb93d926efcb636c83d452fe360736a0e6e4ac68cab3f5fef210e7cef5db"", ""checkpoint_sha256"": ""9ee3415caf361e0ed50126c0d7992eb0989284282ebee8ed097addc6375650fb""}, ""sidecar_sha256"": ""3642217de43920f6442cf8751df311ac0503c5db87cb9a1a1b6e8902afe19a60"", ""visible_pairs_sha256"": ""a47678ec384bc8d064849e89806f5d0352c2414c0b4c9708ad19b639a887ab88"", ""edge_values_sha256"": ""4a68c657a6ff89b60018cf707dd6adb04b18c29f07e35d97c81dea58990a8755"", ""task_model_groups"": 57702, ""shrink_k"": 5.0, ""neutral_value"": 0.5, ""unsupported_prior"": 0.0, ""aggregation"": ""(sum oriented values + 5*0.5)/(support+5); NumPy unique/bincount; float32 lookup"", ""raw_prior_values_independently_checked"": 2952000, ""raw_prior_check_status"": ""verified""}",,,,
task_prior.visible_prior_edges.1,task_prior,1,visible_prior_edges,edge,recomputed,196912,196912,0,integer,5.3,
task_prior.prior_root_exclusion.1,task_prior,1,prior_root_exclusion,boolean and evidence,verified,,"{""passed"": true, ""query_roots"": 495, ""visible_roots"": 7753, ""overlap_root_ids"": [], ""visible_pairs_sha256"": ""4f99396ed4290b02f4fccbb0aaedb4fbc440ec18f7aa9dca179adf3efb73d162"", ""frozen_train_validation_pairs_sha256"": ""4f99396ed4290b02f4fccbb0aaedb4fbc440ec18f7aa9dca179adf3efb73d162""}",,,,
task_prior.prior_rowmap_alignment.1,task_prior,1,prior_rowmap_alignment,boolean and evidence,verified,,"{""passed"": true, ""model_rows"": 3016439, ""dataset_rows"": 18729, ""root_groups"": 9341, ""task_groups"": 2198, ""task_id_sha256"": ""f028c89fe531fb98da3829e928645818be85efab164b058b09ac86b7dc537864"", ""root_id_sha256"": ""7a38cbbfea22d41578fffea7e91adf7e4aed0fdceca5961d8f1aea4e011ebc5b""}",,,,
task_prior.sidecar_rebuilt_and_hash_bound.1,task_prior,1,sidecar_rebuilt_and_hash_bound,boolean and evidence,verified,,"{""passed"": true, ""a0"": {""protocol"": ""a0"", ""run_id"": ""A0_20260912"", ""seed"": 1, ""graph_digest"": ""acddeb93d926efcb636c83d452fe360736a0e6e4ac68cab3f5fef210e7cef5db"", ""checkpoint_sha256"": ""576db197c5d1429341a0b7d0fb35b98bbdcddda80b127a7414ceaba927123994""}, ""sidecar_sha256"": ""9f350ddeda59e664b6f71af5d29019165fb3a37fa79e188407dc2b5d686f7f2b"", ""visible_pairs_sha256"": ""4f99396ed4290b02f4fccbb0aaedb4fbc440ec18f7aa9dca179adf3efb73d162"", ""edge_values_sha256"": ""65a7806826c55f1c34c8c43cc1862f906b04ead9ce252739456c5c45f3170908"", ""task_model_groups"": 58333, ""shrink_k"": 5.0, ""neutral_value"": 0.5, ""unsupported_prior"": 0.0, ""aggregation"": ""(sum oriented values + 5*0.5)/(support+5); NumPy unique/bincount; float32 lookup"", ""raw_prior_values_independently_checked"": 2202000, ""raw_prior_check_status"": ""verified""}",,,,
task_prior.visible_prior_edges.2,task_prior,2,visible_prior_edges,edge,recomputed,196124,196124,0,integer,5.3,
task_prior.prior_root_exclusion.2,task_prior,2,prior_root_exclusion,boolean and evidence,verified,,"{""passed"": true, ""query_roots"": 473, ""visible_roots"": 7878, ""overlap_root_ids"": [], ""visible_pairs_sha256"": ""2051657f0416443c99f33eff1a8e0b5f3d358938a9717ff41412f123d7169aae"", ""frozen_train_validation_pairs_sha256"": ""2051657f0416443c99f33eff1a8e0b5f3d358938a9717ff41412f123d7169aae""}",,,,
task_prior.prior_rowmap_alignment.2,task_prior,2,prior_rowmap_alignment,boolean and evidence,verified,,"{""passed"": true, ""model_rows"": 3016439, ""dataset_rows"": 18729, ""root_groups"": 9341, ""task_groups"": 2198, ""task_id_sha256"": ""f028c89fe531fb98da3829e928645818be85efab164b058b09ac86b7dc537864"", ""root_id_sha256"": ""7a38cbbfea22d41578fffea7e91adf7e4aed0fdceca5961d8f1aea4e011ebc5b""}",,,,
task_prior.sidecar_rebuilt_and_hash_bound.2,task_prior,2,sidecar_rebuilt_and_hash_bound,boolean and evidence,verified,,"{""passed"": true, ""a0"": {""protocol"": ""a0"", ""run_id"": ""A0_20260912"", ""seed"": 2, ""graph_digest"": ""acddeb93d926efcb636c83d452fe360736a0e6e4ac68cab3f5fef210e7cef5db"", ""checkpoint_sha256"": ""9a090d58fd889b730299af226135fbb6727de5998a9fc133b9eaeb58138eb6f8""}, ""sidecar_sha256"": ""709a1ca442403de1a2af8b76878100e8b9b6677fdb6a5e3b6d368872879f6893"", ""visible_pairs_sha256"": ""2051657f0416443c99f33eff1a8e0b5f3d358938a9717ff41412f123d7169aae"", ""edge_values_sha256"": ""c043cc04b79ce42bcb79e3abcc42a80cd41f374bef42d7a58370467131d14634"", ""task_model_groups"": 57250, ""shrink_k"": 5.0, ""neutral_value"": 0.5, ""unsupported_prior"": 0.0, ""aggregation"": ""(sum oriented values + 5*0.5)/(support+5); NumPy unique/bincount; float32 lookup"", ""raw_prior_values_independently_checked"": 3090000, ""raw_prior_check_status"": ""verified""}",,,,
frozen_input_audit.snapshot_unique_models.shared,frozen_input_audit,shared,snapshot_unique_models,model,verified,3003759,3003759,0,integer,2.1,
frozen_input_audit.model_snapshot_shards.shared,frozen_input_audit,shared,model_snapshot_shards,file,verified,61,61,0,integer,2.1,
frozen_input_audit.model_snapshot_api_pages.shared,frozen_input_audit,shared,model_snapshot_api_pages,page,missing,3004,,,integer,2.1,"Missing complete original per-request event log with request identity, page/response boundaries and retry policy; retained shards contain no page boundaries."
frozen_input_audit.model_snapshot_skipped_duplicates.shared,frozen_input_audit,shared,model_snapshot_skipped_duplicates,record,missing,0,,,integer,2.1,Missing original duplicate-discard event log with occurrence identity; discarded occurrences are absent from retained snapshot records.
frozen_input_audit.snapshot_dataset_repositories.shared,frozen_input_audit,shared,snapshot_dataset_repositories,repository,verified,1008417,1008417,0,integer,2.1,
frozen_input_audit.dataset_snapshot_shards.shared,frozen_input_audit,shared,dataset_snapshot_shards,file,verified,11,11,0,integer,2.1,
frozen_input_audit.candidate_models.shared,frozen_input_audit,shared,candidate_models,model,verified,3016439,3016439,0,integer,1; 3.3,
frozen_input_audit.dataset_task_nodes.shared,frozen_input_audit,shared,dataset_task_nodes,node,verified,18729,18729,0,integer,1; 3.5,
frozen_input_audit.historical_only_models.shared,frozen_input_audit,shared,historical_only_models,model,verified,12680,12680,0,integer,3.3,
frozen_input_audit.matched_card_nodes.shared,frozen_input_audit,shared,matched_card_nodes,node,verified,3928,3928,0,integer,2.3,
frozen_input_audit.native_raw_metric_rows.shared,frozen_input_audit,shared,native_raw_metric_rows,row,verified,2158375,2158375,0,integer,3.1,
frozen_input_audit.native_finite_metric_rows.shared,frozen_input_audit,shared,native_finite_metric_rows,row,verified,2097081,2097081,0,integer,3.1,
frozen_input_audit.native_median_deduplicated_rows.shared,frozen_input_audit,shared,native_median_deduplicated_rows,row,verified,1435162,1435162,0,integer,3.1,
frozen_input_audit.native_primary_edges_before_cap.shared,frozen_input_audit,shared,native_primary_edges_before_cap,edge,verified,143478,143478,0,integer,3.1,
frozen_input_audit.native_primary_edges_after_cap.shared,frozen_input_audit,shared,native_primary_edges_after_cap,edge,verified,74346,74346,0,integer,3.1,
frozen_input_audit.merged_input_rows.shared,frozen_input_audit,shared,merged_input_rows,row,verified,531958,531958,0,integer,3.2,
frozen_input_audit.merged_within_source_duplicates_removed.shared,frozen_input_audit,shared,merged_within_source_duplicates_removed,row,verified,5102,5102,0,integer,3.2,
frozen_input_audit.merged_cross_source_conflicts.shared,frozen_input_audit,shared,merged_cross_source_conflicts,pair,verified,1502,1502,0,integer,3.2,
frozen_input_audit.merged_pairs_before_cap.shared,frozen_input_audit,shared,merged_pairs_before_cap,pair,verified,525354,525354,0,integer,3.2,
frozen_input_audit.supervision_edges.shared,frozen_input_audit,shared,supervision_edges,edge,verified,247803,247803,0,integer,3.2; 3.6,
frozen_input_audit.retained_modellens_v2_edges.shared,frozen_input_audit,shared,retained_modellens_v2_edges,edge,verified,117898,117898,0,integer,3.2,
frozen_input_audit.retained_hf_model_index_edges.shared,frozen_input_audit,shared,retained_hf_model_index_edges,edge,verified,73670,73670,0,integer,3.2,
frozen_input_audit.retained_d0_v1_5_edges.shared,frozen_input_audit,shared,retained_d0_v1_5_edges,edge,verified,45992,45992,0,integer,3.2,
frozen_input_audit.retained_hf_effective_edges.shared,frozen_input_audit,shared,retained_hf_effective_edges,edge,verified,5223,5223,0,integer,3.2,
frozen_input_audit.retained_a_ctrl_2000m_edges.shared,frozen_input_audit,shared,retained_a_ctrl_2000m_edges,edge,verified,3670,3670,0,integer,3.2,
frozen_input_audit.retained_diverse_zoo_edges.shared,frozen_input_audit,shared,retained_diverse_zoo_edges,edge,verified,1350,1350,0,integer,3.2,
frozen_input_audit.trained_on_edges.shared,frozen_input_audit,shared,trained_on_edges,edge,verified,247803,247803,0,integer,3.6,
frozen_input_audit.rev_trained_on_edges.shared,frozen_input_audit,shared,rev_trained_on_edges,edge,verified,247803,247803,0,integer,3.6,
frozen_input_audit.stored_similar_to_edges.shared,frozen_input_audit,shared,stored_similar_to_edges,edge,verified,374580,374580,0,integer,3.6,
frozen_input_audit.is_base_of_edges.shared,frozen_input_audit,shared,is_base_of_edges,edge,verified,859065,859065,0,integer,3.6,
frozen_input_audit.rev_is_base_of_edges.shared,frozen_input_audit,shared,rev_is_base_of_edges,edge,verified,859065,859065,0,integer,3.6,
frozen_input_audit.stored_total_directed_edges.shared,frozen_input_audit,shared,stored_total_directed_edges,edge,verified,2588316,2588316,0,integer,3.6,
frozen_input_audit.training_similar_to_edges.shared,frozen_input_audit,shared,training_similar_to_edges,edge,verified,187290,187290,0,integer,3.6,
frozen_input_audit.family_vocab_rows.shared,frozen_input_audit,shared,family_vocab_rows,row,verified,41056,41056,0,integer,3.4,
frozen_input_audit.unknown_model_size_percent.shared,frozen_input_audit,shared,unknown_model_size_percent,percent,verified,71.929,71.92938428391888,0.00038428391887634916,3 decimal places in percent,3.4,
frozen_input_audit.other_model_family_percent.shared,frozen_input_audit,shared,other_model_family_percent,percent,verified,13.561,13.56092399017517,-7.600982483069174e-05,3 decimal places in percent,3.4,
frozen_input_audit.resolved_lineage_percent.shared,frozen_input_audit,shared,resolved_lineage_percent,percent,recomputed,96.083,96.08271659756468,-0.0002834024353148834,3 decimal places in percent,3.6,
frozen_input_audit.model_feature_file_gb.shared,frozen_input_audit,shared,model_feature_file_gb,decimal GB,verified,5.41,5.405458816,-0.004541183999999809,2 decimal places,3.4,
frozen_input_audit.matched_card_percent.shared,frozen_input_audit,shared,matched_card_percent,percent,recomputed,,20.972822894975707,,,,
frozen_input_audit.input_file_bytes.shared,frozen_input_audit,shared,input_file_bytes,named byte counts,recomputed,,"{""/u801/x98liu/model_lake/a0_formal_20260913/ModelLakeFishing/docs/1M/EVIDENCE_SOURCE_LIBRARY_en.md"": 51538, ""/u801/x98liu/model_lake/data1m/datasets_full/dataset_cards_merged.parquet"": 948312, ""/u801/x98liu/model_lake/data1m/feats_rf/descriptors_head.txt"": 2975, ""/u801/x98liu/model_lake/data1m/feats_rf/family_id.npy"": 24131640, ""/u801/x98liu/model_lake/data1m/feats_rf/family_vocab.csv"": 620886, ""/u801/x98liu/model_lake/data1m/feats_rf/FEATS_REPORT.json"": 2135, ""/u801/x98liu/model_lake/data1m/feats_rf/size_bucket_id.npy"": 24131640, ""/u801/x98liu/model_lake/data1m/feats_rf/x_desc_part-000.npy"": 1536000128, ""/u801/x98liu/model_lake/data1m/feats_rf/x_desc_part-001.npy"": 1536000128, ""/u801/x98liu/model_lake/data1m/feats_rf/x_desc_part-002.npy"": 1536000128, ""/u801/x98liu/model_lake/data1m/feats_rf/x_desc_part-003.npy"": 25250432, ""/u801/x98liu/model_lake/data1m/feats_rf/x_m.npy"": 5405458816, ""/u801/x98liu/model_lake/data1m/graphs/hgraph_rf/edges.npz"": 65515096, ""/u801/x98liu/model_lake/data1m/graphs/hgraph_rf/GRAPH_REPORT.json"": 1173, ""/u801/x98liu/model_lake/data1m/graphs/hgraph_rf/lineage_stats.json"": 493, ""/u801/x98liu/model_lake/data1m/graphs/hgraph_rf/meta.json"": 1033706, ""/u801/x98liu/model_lake/data1m/graphs/hgraph_rf/nodes.npz"": 72995758, ""/u801/x98liu/model_lake/data1m/graphs/hgraph_rf/unique_dataset_id.parquet"": 512997, ""/u801/x98liu/model_lake/data1m/graphs/hgraph_rf/unique_model_id.parquet"": 76464143, ""/u801/x98liu/model_lake/data1m/graphs/hgraph_rf/x_dataset.npy"": 34311656, ""/u801/x98liu/model_lake/data1m/graphs/hgraph_rf/x_model.npy"": 5405458816, ""/u801/x98liu/model_lake/data1m/ladder_rf/full_dataset_ids.parquet"": 649264, ""/u801/x98liu/model_lake/data1m/ladder_rf/full_model_ids.parquet"": 99101130, ""/u801/x98liu/model_lake/data1m/rf/canon/dataset_nodes.parquet"": 306310, ""/u801/x98liu/model_lake/data1m/rf/canon/dataset_nodes_merged.parquet"": 538554, ""/u801/x98liu/model_lake/data1m/rf/canon/models_out_of_snapshot.parquet"": 193792, ""/u801/x98liu/model_lake/data1m/rf/canon/part-00000.parquet"": 1496218, ""/u801/x98liu/model_lake/data1m/rf/canon/part-00001.parquet"": 1515395, ""/u801/x98liu/model_lake/data1m/rf/canon/part-00002.parquet"": 1491720, ""/u801/x98liu/model_lake/data1m/rf/canon/part-00003.parquet"": 1552260, ""/u801/x98liu/model_lake/data1m/rf/canon/part-00004.parquet"": 1557753, ""/u801/x98liu/model_lake/data1m/rf/canon/part-00005.parquet"": 1470108, ""/u801/x98liu/model_lake/data1m/rf/canon/part-00006.parquet"": 1523624, ""/u801/x98liu/model_lake/data1m/rf/canon/part-00007.parquet"": 1495658, ""/u801/x98liu/model_lake/data1m/rf/canon/part-00008.parquet"": 1528309, ""/u801/x98liu/model_lake/data1m/rf/canon/part-00009.parquet"": 1520003, ""/u801/x98liu/model_lake/data1m/rf/canon/part-00010.parquet"": 1487808, ""/u801/x98liu/model_lake/data1m/rf/canon/part-00011.parquet"": 1518444, ""/u801/x98liu/model_lake/data1m/rf/canon/part-00012.parquet"": 1423433, ""/u801/x98liu/model_lake/data1m/rf/canon/part-00013.parquet"": 1310479, ""/u801/x98liu/model_lake/data1m/rf/canon/part-00014.parquet"": 1273421, ""/u801/x98liu/model_lake/data1m/rf/canon/part-00015.parquet"": 1316209, ""/u801/x98liu/model_lake/data1m/rf/canon/part-00016.parquet"": 1486417, ""/u801/x98liu/model_lake/data1m/rf/canon/part-00017.parquet"": 1454799, ""/u801/x98liu/model_lake/data1m/rf/canon/part-00018.parquet"": 1421892, ""/u801/x98liu/model_lake/data1m/rf/canon/part-00019.parquet"": 1479769, ""/u801/x98liu/model_lake/data1m/rf/canon/part-00020.parquet"": 1443772, ""/u801/x98liu/model_lake/data1m/rf/canon/part-00021.parquet"": 1471190, ""/u801/x98liu/model_lake/data1m/rf/canon/part-00022.parquet"": 1342575, ""/u801/x98liu/model_lake/data1m/rf/canon/part-00023.parquet"": 1449351, ""/u801/x98liu/model_lake/data1m/rf/canon/part-00024.parquet"": 1569506, ""/u801/x98liu/model_lake/data1m/rf/canon/part-00025.parquet"": 1724065, ""/u801/x98liu/model_lake/data1m/rf/canon/part-00026.parquet"": 1670621, ""/u801/x98liu/model_lake/data1m/rf/canon/part-00027.parquet"": 1809303, ""/u801/x98liu/model_lake/data1m/rf/canon/part-00028.parquet"": 1737193, ""/u801/x98liu/model_lake/data1m/rf/canon/part-00029.parquet"": 1684308, ""/u801/x98liu/model_lake/data1m/rf/canon/part-00030.parquet"": 1610478, ""/u801/x98liu/model_lake/data1m/rf/canon/part-00031.parquet"": 1624324, ""/u801/x98liu/model_lake/data1m/rf/canon/part-00032.parquet"": 1676658, ""/u801/x98liu/model_lake/data1m/rf/canon/part-00033.parquet"": 1662760, ""/u801/x98liu/model_lake/data1m/rf/canon/part-00034.parquet"": 1733953, ""/u801/x98liu/model_lake/data1m/rf/canon/part-00035.parquet"": 1822730, ""/u801/x98liu/model_lake/data1m/rf/canon/part-00036.parquet"": 1688721, ""/u801/x98liu/model_lake/data1m/rf/canon/part-00037.parquet"": 1504302, ""/u801/x98liu/model_lake/data1m/rf/canon/part-00038.parquet"": 1477313, ""/u801/x98liu/model_lake/data1m/rf/canon/part-00039.parquet"": 1523153, ""/u801/x98liu/model_lake/data1m/rf/canon/part-00040.parquet"": 1410128, ""/u801/x98liu/model_lake/data1m/rf/canon/part-00041.parquet"": 1118046, ""/u801/x98liu/model_lake/data1m/rf/canon/part-00042.parquet"": 1130811, ""/u801/x98liu/model_lake/data1m/rf/canon/part-00043.parquet"": 1173093, ""/u801/x98liu/model_lake/data1m/rf/canon/part-00044.parquet"": 1289431, ""/u801/x98liu/model_lake/data1m/rf/canon/part-00045.parquet"": 1313877, ""/u801/x98liu/model_lake/data1m/rf/canon/part-00046.parquet"": 1406182, ""/u801/x98liu/model_lake/data1m/rf/canon/part-00047.parquet"": 1384355, ""/u801/x98liu/model_lake/data1m/rf/canon/part-00048.parquet"": 1431342, ""/u801/x98liu/model_lake/data1m/rf/canon/part-00049.parquet"": 1467720, ""/u801/x98liu/model_lake/data1m/rf/canon/part-00050.parquet"": 1507025, ""/u801/x98liu/model_lake/data1m/rf/canon/part-00051.parquet"": 1371678, ""/u801/x98liu/model_lake/data1m/rf/canon/part-00052.parquet"": 1405388, ""/u801/x98liu/model_lake/data1m/rf/canon/part-00053.parquet"": 1357026, ""/u801/x98liu/model_lake/data1m/rf/canon/part-00054.parquet"": 1327357, ""/u801/x98liu/model_lake/data1m/rf/canon/part-00055.parquet"": 1293600, ""/u801/x98liu/model_lake/data1m/rf/canon/part-00056.parquet"": 1230003, ""/u801/x98liu/model_lake/data1m/rf/canon/part-00057.parquet"": 1152183, ""/u801/x98liu/model_lake/data1m/rf/canon/part-00058.parquet"": 1145153, ""/u801/x98liu/model_lake/data1m/rf/canon/part-00059.parquet"": 947368, ""/u801/x98liu/model_lake/data1m/rf/canon/part-00060.parquet"": 64307, ""/u801/x98liu/model_lake/data1m/rf/canon/supervision.parquet"": 1442657, ""/u801/x98liu/model_lake/data1m/rf/canon/supervision_conflicts.parquet"": 46226, ""/u801/x98liu/model_lake/data1m/rf/canon/supervision_merged.parquet"": 4689091, ""/u801/x98liu/model_lake/data1m/rf/canon/supervision_uncapped.parquet"": 2564187, ""/u801/x98liu/model_lake/data1m/rf/F2_MERGE_REPORT.json"": 2367, ""/u801/x98liu/model_lake/data1m/rf/F2_REPORT.json"": 7334, ""/u801/x98liu/model_lake/data1m/rf/rf_gold_rules.json"": 2265}",,,,
frozen_input_audit.node_feature_shapes_and_dtypes.shared,frozen_input_audit,shared,node_feature_shapes_and_dtypes,named structured record,verified,,"{""model.size_bucket_id"": {""shape"": [3016439], ""dtype"": ""int64""}, ""model.family_id"": {""shape"": [3016439], ""dtype"": ""int64""}, ""dataset.task_type_id"": {""shape"": [18729], ""dtype"": ""int64""}, ""dataset.n_class_bucket_id"": {""shape"": [18729], ""dtype"": ""int64""}, ""dataset.arity_id"": {""shape"": [18729], ""dtype"": ""int64""}, ""x_model.npy"": {""shape"": [3016439, 448], ""dtype"": ""float32""}, ""x_dataset.npy"": {""shape"": [18729, 458], ""dtype"": ""float32""}}",,,,
frozen_input_audit.categorical_vocab_cardinalities.shared,frozen_input_audit,shared,categorical_vocab_cardinalities,named row counts,verified,,"{""model.size_bucket_id"": {""observed_unique"": 15, ""embedding_index_cardinality"": 15}, ""model.family_id"": {""observed_unique"": 40927, ""embedding_index_cardinality"": 41056}, ""dataset.task_type_id"": {""observed_unique"": 1, ""embedding_index_cardinality"": 1}, ""dataset.n_class_bucket_id"": {""observed_unique"": 1, ""embedding_index_cardinality"": 1}, ""dataset.arity_id"": {""observed_unique"": 1, ""embedding_index_cardinality"": 1}}",,,,
frozen_input_audit.rowmap_identity_and_endpoint_checks.shared,frozen_input_audit,shared,rowmap_identity_and_endpoint_checks,named boolean checks,recomputed,,"{""model_ladder_contiguous_physical_order"": {""name"": ""model_ladder_contiguous_physical_order"", ""status"": ""PASS"", ""observed"": null, ""expected"": null, ""source"": null}, ""dataset_ladder_contiguous_physical_order"": {""name"": ""dataset_ladder_contiguous_physical_order"", ""status"": ""PASS"", ""observed"": null, ""expected"": null, ""source"": null}, ""model_graph_map_contiguous_physical_order"": {""name"": ""model_graph_map_contiguous_physical_order"", ""status"": ""PASS"", ""observed"": null, ""expected"": null, ""source"": null}, ""dataset_graph_map_contiguous_physical_order"": {""name"": ""dataset_graph_map_contiguous_physical_order"", ""status"": ""PASS"", ""observed"": null, ""expected"": null, ""source"": null}, ""graph_model_map_equal_ladder"": {""name"": ""graph_model_map_equal_ladder"", ""status"": ""PASS"", ""observed"": null, ""expected"": null, ""source"": null}, ""graph_dataset_map_equal_ladder"": {""name"": ""graph_dataset_map_equal_ladder"", ""status"": ""PASS"", ""observed"": null, ""expected"": null, ""source"": null}, ""canonical_dataset_metadata_equal_ladder"": {""name"": ""canonical_dataset_metadata_equal_ladder"", ""status"": ""PASS"", ""observed"": null, ""expected"": null, ""source"": null}, ""dataset_node_serialization"": {""name"": ""dataset_node_serialization"", ""status"": ""PASS"", ""observed"": null, ""expected"": null, ""source"": null}, ""graph_roots_match_dataset_names"": {""name"": ""graph_roots_match_dataset_names"", ""status"": ""PASS"", ""observed"": null, ""expected"": null, ""source"": null}, ""historical_suffix_count_order_identity"": {""name"": ""historical_suffix_count_order_identity"", ""status"": ""PASS"", ""observed"": null, ""expected"": null, ""source"": null}, ""supervision_all_endpoints_resolve"": {""name"": ""supervision_all_endpoints_resolve"", ""status"": ""PASS"", ""observed"": null, ""expected"": null, ""source"": null}, ""lineage_endpoints_no_self"": {""name"": ""lineage_endpoints_no_self"", ""status"": ""PASS"", ""observed"": null, ""expected"": null, ""source"": null}, ""model_node_id_order"": {""name"": ""model_node_id_order"", ""status"": ""PASS"", ""observed"": null, ""expected"": null, ""source"": null}, ""dataset_node_id_order"": {""name"": ""dataset_node_id_order"", ""status"": ""PASS"", ""observed"": null, ""expected"": null, ""source"": null}}",,,,
frozen_input_audit.input_hash_match.shared,frozen_input_audit,shared,input_hash_match,named checks and hashes,recomputed,,"{""source_stable"": {""name"": ""source_stable"", ""status"": ""PASS"", ""observed"": null, ""expected"": null, ""source"": null}, ""hash:EVIDENCE_SOURCE_LIBRARY_en.md"": {""name"": ""hash:EVIDENCE_SOURCE_LIBRARY_en.md"", ""status"": ""PASS"", ""observed"": ""6c7d883734fb9a05ca99c4a8409e366955c86ba2e644bd5328c9ba696ff344cd"", ""expected"": ""6c7d883734fb9a05ca99c4a8409e366955c86ba2e644bd5328c9ba696ff344cd"", ""source"": ""A0 frozen source""}, ""hash:family_vocab.csv"": {""name"": ""hash:family_vocab.csv"", ""status"": ""PASS"", ""observed"": ""00d304df9bd72acb2c2c1ca5b84ed0dc9d4adb0cbc9f098f32a9e62109d24005"", ""expected"": ""00d304df9bd72acb2c2c1ca5b84ed0dc9d4adb0cbc9f098f32a9e62109d24005"", ""source"": ""authoritative sections 3.2-3.4""}, ""hash:x_m.npy"": {""name"": ""hash:x_m.npy"", ""status"": ""PASS"", ""observed"": ""ba1020872ddb6e90726c755f9f08f236f4c73e506013c91d8a0075fc0c0361e6"", ""expected"": ""ba1020872ddb6e90726c755f9f08f236f4c73e506013c91d8a0075fc0c0361e6"", ""source"": ""authoritative sections 3.2-3.4""}, ""hash:edges.npz"": {""name"": ""hash:edges.npz"", ""status"": ""PASS"", ""observed"": ""c67a65eb7715728b357dd92a1816c3a7374caf28b2370f42ea6c84cb5a1695c2"", ""expected"": ""c67a65eb7715728b357dd92a1816c3a7374caf28b2370f42ea6c84cb5a1695c2"", ""source"": ""graph file table, whose digest is bound to authoritative section 3.6""}, ""hash:GRAPH_REPORT.json"": {""name"": ""hash:GRAPH_REPORT.json"", ""status"": ""PASS"", ""observed"": ""53081ab8fe339c4aedb22c37f4ac6a8b19acc710e2e5915aaab0577bb5074527"", ""expected"": ""53081ab8fe339c4aedb22c37f4ac6a8b19acc710e2e5915aaab0577bb5074527"", ""source"": ""graph file table, whose digest is bound to authoritative section 3.6""}, ""hash:lineage_stats.json"": {""name"": ""hash:lineage_stats.json"", ""status"": ""PASS"", ""observed"": ""8a0d3ea913723693c647fffdad032708510378a9481ef3a23aa3bc1ec3eb75bb"", ""expected"": ""8a0d3ea913723693c647fffdad032708510378a9481ef3a23aa3bc1ec3eb75bb"", ""source"": ""graph file table, whose digest is bound to authoritative section 3.6""}, ""hash:nodes.npz"": {""name"": ""hash:nodes.npz"", ""status"": ""PASS"", ""observed"": ""4e2d97496691706b706bb174e538c3aadaaf1976e1dbf85394ebeaa3240a5969"", ""expected"": ""4e2d97496691706b706bb174e538c3aadaaf1976e1dbf85394ebeaa3240a5969"", ""source"": ""graph file table, whose digest is bound to authoritative section 3.6""}, ""hash:unique_dataset_id.parquet"": {""name"": ""hash:unique_dataset_id.parquet"", ""status"": ""PASS"", ""observed"": ""f169c734b111f1356513850b3acdfe9549870e1fabf59de3cdcb58fb81db4a03"", ""expected"": ""f169c734b111f1356513850b3acdfe9549870e1fabf59de3cdcb58fb81db4a03"", ""source"": ""graph file table, whose digest is bound to authoritative section 3.6""}, ""hash:unique_model_id.parquet"": {""name"": ""hash:unique_model_id.parquet"", ""status"": ""PASS"", ""observed"": ""ea3cff16d54210ababf05daac8eb1b5edc459bc9b4e83263bc5a1805f411440b"", ""expected"": ""ea3cff16d54210ababf05daac8eb1b5edc459bc9b4e83263bc5a1805f411440b"", ""source"": ""graph file table, whose digest is bound to authoritative section 3.6""}, ""hash:x_dataset.npy"": {""name"": ""hash:x_dataset.npy"", ""status"": ""PASS"", ""observed"": ""f4279117459d01fddc5c1ca889f2bca4e34f6c56611effebd3e05a48ad8d8b93"", ""expected"": ""f4279117459d01fddc5c1ca889f2bca4e34f6c56611effebd3e05a48ad8d8b93"", ""source"": ""graph file table, whose digest is bound to authoritative section 3.6""}, ""hash:x_model.npy"": {""name"": ""hash:x_model.npy"", ""status"": ""PASS"", ""observed"": ""ba1020872ddb6e90726c755f9f08f236f4c73e506013c91d8a0075fc0c0361e6"", ""expected"": ""ba1020872ddb6e90726c755f9f08f236f4c73e506013c91d8a0075fc0c0361e6"", ""source"": ""graph file table, whose digest is bound to authoritative section 3.6""}, ""hash:full_dataset_ids.parquet"": {""name"": ""hash:full_dataset_ids.parquet"", ""status"": ""PASS"", ""observed"": ""31c027ff2eeb693aed6abaa5d235f4a6264bb4b3245bfd71cf1c8b85d32173cb"", ""expected"": ""31c027ff2eeb693aed6abaa5d235f4a6264bb4b3245bfd71cf1c8b85d32173cb"", ""source"": ""authoritative sections 3.2-3.4""}, ""hash:full_model_ids.parquet"": {""name"": ""hash:full_model_ids.parquet"", ""status"": ""PASS"", ""observed"": ""fee360d1fef9afa4c446b70af35bcbf4ead2c75387f47abc3b0d21c944ae3efa"", ""expected"": ""fee360d1fef9afa4c446b70af35bcbf4ead2c75387f47abc3b0d21c944ae3efa"", ""source"": ""authoritative sections 3.2-3.4""}, ""hash:rf_gold_rules.json"": {""name"": ""hash:rf_gold_rules.json"", ""status"": ""PASS"", ""observed"": ""be3fb05ecf92ea0112ba4de10b8191d71dfe096b8667a86911c2ebaeadb9cdb1"", ""expected"": ""be3fb05ecf92ea0112ba4de10b8191d71dfe096b8667a86911c2ebaeadb9cdb1"", ""source"": ""authoritative sections 3.2-3.4""}, ""input_unchanged:EVIDENCE_SOURCE_LIBRARY_en.md"": {""name"": ""input_unchanged:EVIDENCE_SOURCE_LIBRARY_en.md"", ""status"": ""PASS"", ""observed"": null, ""expected"": null, ""source"": null}, ""input_unchanged:dataset_cards_merged.parquet"": {""name"": ""input_unchanged:dataset_cards_merged.parquet"", ""status"": ""PASS"", ""observed"": null, ""expected"": null, ""source"": null}, ""input_unchanged:descriptors_head.txt"": {""name"": ""input_unchanged:descriptors_head.txt"", ""status"": ""PASS"", ""observed"": null, ""expected"": null, ""source"": null}, ""input_unchanged:family_id.npy"": {""name"": ""input_unchanged:family_id.npy"", ""status"": ""PASS"", ""observed"": null, ""expected"": null, ""source"": null}, ""input_unchanged:family_vocab.csv"": {""name"": ""input_unchanged:family_vocab.csv"", ""status"": ""PASS"", ""observed"": null, ""expected"": null, ""source"": null}, ""input_unchanged:FEATS_REPORT.json"": {""name"": ""input_unchanged:FEATS_REPORT.json"", ""status"": ""PASS"", ""observed"": null, ""expected"": null, ""source"": null}, ""input_unchanged:size_bucket_id.npy"": {""name"": ""input_unchanged:size_bucket_id.npy"", ""status"": ""PASS"", ""observed"": null, ""expected"": null, ""source"": null}, ""input_unchanged:x_desc_part-000.npy"": {""name"": ""input_unchanged:x_desc_part-000.npy"", ""status"": ""PASS"", ""observed"": null, ""expected"": null, ""source"": null}, ""input_unchanged:x_desc_part-001.npy"": {""name"": ""input_unchanged:x_desc_part-001.npy"", ""status"": ""PASS"", ""observed"": null, ""expected"": null, ""source"": null}, ""input_unchanged:x_desc_part-002.npy"": {""name"": ""input_unchanged:x_desc_part-002.npy"", ""status"": ""PASS"", ""observed"": null, ""expected"": null, ""source"": null}, ""input_unchanged:x_desc_part-003.npy"": {""name"": ""input_unchanged:x_desc_part-003.npy"", ""status"": ""PASS"", ""observed"": null, ""expected"": null, ""source"": null}, ""input_unchanged:x_m.npy"": {""name"": ""input_unchanged:x_m.npy"", ""status"": ""PASS"", ""observed"": null, ""expected"": null, ""source"": null}, ""input_unchanged:edges.npz"": {""name"": ""input_unchanged:edges.npz"", ""status"": ""PASS"", ""observed"": null, ""expected"": null, ""source"": null}, ""input_unchanged:GRAPH_REPORT.json"": {""name"": ""input_unchanged:GRAPH_REPORT.json"", ""status"": ""PASS"", ""observed"": null, ""expected"": null, ""source"": null}, ""input_unchanged:lineage_stats.json"": {""name"": ""input_unchanged:lineage_stats.json"", ""status"": ""PASS"", ""observed"": null, ""expected"": null, ""source"": null}, ""input_unchanged:meta.json"": {""name"": ""input_unchanged:meta.json"", ""status"": ""PASS"", ""observed"": null, ""expected"": null, ""source"": null}, ""input_unchanged:nodes.npz"": {""name"": ""input_unchanged:nodes.npz"", ""status"": ""PASS"", ""observed"": null, ""expected"": null, ""source"": null}, ""input_unchanged:unique_dataset_id.parquet"": {""name"": ""input_unchanged:unique_dataset_id.parquet"", ""status"": ""PASS"", ""observed"": null, ""expected"": null, ""source"": null}, ""input_unchanged:unique_model_id.parquet"": {""name"": ""input_unchanged:unique_model_id.parquet"", ""status"": ""PASS"", ""observed"": null, ""expected"": null, ""source"": null}, ""input_unchanged:x_dataset.npy"": {""name"": ""input_unchanged:x_dataset.npy"", ""status"": ""PASS"", ""observed"": null, ""expected"": null, ""source"": null}, ""input_unchanged:x_model.npy"": {""name"": ""input_unchanged:x_model.npy"", ""status"": ""PASS"", ""observed"": null, ""expected"": null, ""source"": null}, ""input_unchanged:full_dataset_ids.parquet"": {""name"": ""input_unchanged:full_dataset_ids.parquet"", ""status"": ""PASS"", ""observed"": null, ""expected"": null, ""source"": null}, ""input_unchanged:full_model_ids.parquet"": {""name"": ""input_unchanged:full_model_ids.parquet"", ""status"": ""PASS"", ""observed"": null, ""expected"": null, ""source"": null}, ""input_unchanged:dataset_nodes.parquet"": {""name"": ""input_unchanged:dataset_nodes.parquet"", ""status"": ""PASS"", ""observed"": null, ""expected"": null, ""source"": null}, ""input_unchanged:dataset_nodes_merged.parquet"": {""name"": ""input_unchanged:dataset_nodes_merged.parquet"", ""status"": ""PASS"", ""observed"": null, ""expected"": null, ""source"": null}, ""input_unchanged:models_out_of_snapshot.parquet"": {""name"": ""input_unchanged:models_out_of_snapshot.parquet"", ""status"": ""PASS"", ""observed"": null, ""expected"": null, ""source"": null}, ""input_unchanged:part-00000.parquet"": {""name"": ""input_unchanged:part-00000.parquet"", ""status"": ""PASS"", ""observed"": null, ""expected"": null, ""source"": null}, ""input_unchanged:part-00001.parquet"": {""name"": ""input_unchanged:part-00001.parquet"", ""status"": ""PASS"", ""observed"": null, ""expected"": null, ""source"": null}, ""input_unchanged:part-00002.parquet"": {""name"": ""input_unchanged:part-00002.parquet"", ""status"": ""PASS"", ""observed"": null, ""expected"": null, ""source"": null}, ""input_unchanged:part-00003.parquet"": {""name"": ""input_unchanged:part-00003.parquet"", ""status"": ""PASS"", ""observed"": null, ""expected"": null, ""source"": null}, ""input_unchanged:part-00004.parquet"": {""name"": ""input_unchanged:part-00004.parquet"", ""status"": ""PASS"", ""observed"": null, ""expected"": null, ""source"": null}, ""input_unchanged:part-00005.parquet"": {""name"": ""input_unchanged:part-00005.parquet"", ""status"": ""PASS"", ""observed"": null, ""expected"": null, ""source"": null}, ""input_unchanged:part-00006.parquet"": {""name"": ""input_unchanged:part-00006.parquet"", ""status"": ""PASS"", ""observed"": null, ""expected"": null, ""source"": null}, ""input_unchanged:part-00007.parquet"": {""name"": ""input_unchanged:part-00007.parquet"", ""status"": ""PASS"", ""observed"": null, ""expected"": null, ""source"": null}, ""input_unchanged:part-00008.parquet"": {""name"": ""input_unchanged:part-00008.parquet"", ""status"": ""PASS"", ""observed"": null, ""expected"": null, ""source"": null}, ""input_unchanged:part-00009.parquet"": {""name"": ""input_unchanged:part-00009.parquet"", ""status"": ""PASS"", ""observed"": null, ""expected"": null, ""source"": null}, ""input_unchanged:part-00010.parquet"": {""name"": ""input_unchanged:part-00010.parquet"", ""status"": ""PASS"", ""observed"": null, ""expected"": null, ""source"": null}, ""input_unchanged:part-00011.parquet"": {""name"": ""input_unchanged:part-00011.parquet"", ""status"": ""PASS"", ""observed"": null, ""expected"": null, ""source"": null}, ""input_unchanged:part-00012.parquet"": {""name"": ""input_unchanged:part-00012.parquet"", ""status"": ""PASS"", ""observed"": null, ""expected"": null, ""source"": null}, ""input_unchanged:part-00013.parquet"": {""name"": ""input_unchanged:part-00013.parquet"", ""status"": ""PASS"", ""observed"": null, ""expected"": null, ""source"": null}, ""input_unchanged:part-00014.parquet"": {""name"": ""input_unchanged:part-00014.parquet"", ""status"": ""PASS"", ""observed"": null, ""expected"": null, ""source"": null}, ""input_unchanged:part-00015.parquet"": {""name"": ""input_unchanged:part-00015.parquet"", ""status"": ""PASS"", ""observed"": null, ""expected"": null, ""source"": null}, ""input_unchanged:part-00016.parquet"": {""name"": ""input_unchanged:part-00016.parquet"", ""status"": ""PASS"", ""observed"": null, ""expected"": null, ""source"": null}, ""input_unchanged:part-00017.parquet"": {""name"": ""input_unchanged:part-00017.parquet"", ""status"": ""PASS"", ""observed"": null, ""expected"": null, ""source"": null}, ""input_unchanged:part-00018.parquet"": {""name"": ""input_unchanged:part-00018.parquet"", ""status"": ""PASS"", ""observed"": null, ""expected"": null, ""source"": null}, ""input_unchanged:part-00019.parquet"": {""name"": ""input_unchanged:part-00019.parquet"", ""status"": ""PASS"", ""observed"": null, ""expected"": null, ""source"": null}, ""input_unchanged:part-00020.parquet"": {""name"": ""input_unchanged:part-00020.parquet"", ""status"": ""PASS"", ""observed"": null, ""expected"": null, ""source"": null}, ""input_unchanged:part-00021.parquet"": {""name"": ""input_unchanged:part-00021.parquet"", ""status"": ""PASS"", ""observed"": null, ""expected"": null, ""source"": null}, ""input_unchanged:part-00022.parquet"": {""name"": ""input_unchanged:part-00022.parquet"", ""status"": ""PASS"", ""observed"": null, ""expected"": null, ""source"": null}, ""input_unchanged:part-00023.parquet"": {""name"": ""input_unchanged:part-00023.parquet"", ""status"": ""PASS"", ""observed"": null, ""expected"": null, ""source"": null}, ""input_unchanged:part-00024.parquet"": {""name"": ""input_unchanged:part-00024.parquet"", ""status"": ""PASS"", ""observed"": null, ""expected"": null, ""source"": null}, ""input_unchanged:part-00025.parquet"": {""name"": ""input_unchanged:part-00025.parquet"", ""status"": ""PASS"", ""observed"": null, ""expected"": null, ""source"": null}, ""input_unchanged:part-00026.parquet"": {""name"": ""input_unchanged:part-00026.parquet"", ""status"": ""PASS"", ""observed"": null, ""expected"": null, ""source"": null}, ""input_unchanged:part-00027.parquet"": {""name"": ""input_unchanged:part-00027.parquet"", ""status"": ""PASS"", ""observed"": null, ""expected"": null, ""source"": null}, ""input_unchanged:part-00028.parquet"": {""name"": ""input_unchanged:part-00028.parquet"", ""status"": ""PASS"", ""observed"": null, ""expected"": null, ""source"": null}, ""input_unchanged:part-00029.parquet"": {""name"": ""input_unchanged:part-00029.parquet"", ""status"": ""PASS"", ""observed"": null, ""expected"": null, ""source"": null}, ""input_unchanged:part-00030.parquet"": {""name"": ""input_unchanged:part-00030.parquet"", ""status"": ""PASS"", ""observed"": null, ""expected"": null, ""source"": null}, ""input_unchanged:part-00031.parquet"": {""name"": ""input_unchanged:part-00031.parquet"", ""status"": ""PASS"", ""observed"": null, ""expected"": null, ""source"": null}, ""input_unchanged:part-00032.parquet"": {""name"": ""input_unchanged:part-00032.parquet"", ""status"": ""PASS"", ""observed"": null, ""expected"": null, ""source"": null}, ""input_unchanged:part-00033.parquet"": {""name"": ""input_unchanged:part-00033.parquet"", ""status"": ""PASS"", ""observed"": null, ""expected"": null, ""source"": null}, ""input_unchanged:part-00034.parquet"": {""name"": ""input_unchanged:part-00034.parquet"", ""status"": ""PASS"", ""observed"": null, ""expected"": null, ""source"": null}, ""input_unchanged:part-00035.parquet"": {""name"": ""input_unchanged:part-00035.parquet"", ""status"": ""PASS"", ""observed"": null, ""expected"": null, ""source"": null}, ""input_unchanged:part-00036.parquet"": {""name"": ""input_unchanged:part-00036.parquet"", ""status"": ""PASS"", ""observed"": null, ""expected"": null, ""source"": null}, ""input_unchanged:part-00037.parquet"": {""name"": ""input_unchanged:part-00037.parquet"", ""status"": ""PASS"", ""observed"": null, ""expected"": null, ""source"": null}, ""input_unchanged:part-00038.parquet"": {""name"": ""input_unchanged:part-00038.parquet"", ""status"": ""PASS"", ""observed"": null, ""expected"": null, ""source"": null}, ""input_unchanged:part-00039.parquet"": {""name"": ""input_unchanged:part-00039.parquet"", ""status"": ""PASS"", ""observed"": null, ""expected"": null, ""source"": null}, ""input_unchanged:part-00040.parquet"": {""name"": ""input_unchanged:part-00040.parquet"", ""status"": ""PASS"", ""observed"": null, ""expected"": null, ""source"": null}, ""input_unchanged:part-00041.parquet"": {""name"": ""input_unchanged:part-00041.parquet"", ""status"": ""PASS"", ""observed"": null, ""expected"": null, ""source"": null}, ""input_unchanged:part-00042.parquet"": {""name"": ""input_unchanged:part-00042.parquet"", ""status"": ""PASS"", ""observed"": null, ""expected"": null, ""source"": null}, ""input_unchanged:part-00043.parquet"": {""name"": ""input_unchanged:part-00043.parquet"", ""status"": ""PASS"", ""observed"": null, ""expected"": null, ""source"": null}, ""input_unchanged:part-00044.parquet"": {""name"": ""input_unchanged:part-00044.parquet"", ""status"": ""PASS"", ""observed"": null, ""expected"": null, ""source"": null}, ""input_unchanged:part-00045.parquet"": {""name"": ""input_unchanged:part-00045.parquet"", ""status"": ""PASS"", ""observed"": null, ""expected"": null, ""source"": null}, ""input_unchanged:part-00046.parquet"": {""name"": ""input_unchanged:part-00046.parquet"", ""status"": ""PASS"", ""observed"": null, ""expected"": null, ""source"": null}, ""input_unchanged:part-00047.parquet"": {""name"": ""input_unchanged:part-00047.parquet"", ""status"": ""PASS"", ""observed"": null, ""expected"": null, ""source"": null}, ""input_unchanged:part-00048.parquet"": {""name"": ""input_unchanged:part-00048.parquet"", ""status"": ""PASS"", ""observed"": null, ""expected"": null, ""source"": null}, ""input_unchanged:part-00049.parquet"": {""name"": ""input_unchanged:part-00049.parquet"", ""status"": ""PASS"", ""observed"": null, ""expected"": null, ""source"": null}, ""input_unchanged:part-00050.parquet"": {""name"": ""input_unchanged:part-00050.parquet"", ""status"": ""PASS"", ""observed"": null, ""expected"": null, ""source"": null}, ""input_unchanged:part-00051.parquet"": {""name"": ""input_unchanged:part-00051.parquet"", ""status"": ""PASS"", ""observed"": null, ""expected"": null, ""source"": null}, ""input_unchanged:part-00052.parquet"": {""name"": ""input_unchanged:part-00052.parquet"", ""status"": ""PASS"", ""observed"": null, ""expected"": null, ""source"": null}, ""input_unchanged:part-00053.parquet"": {""name"": ""input_unchanged:part-00053.parquet"", ""status"": ""PASS"", ""observed"": null, ""expected"": null, ""source"": null}, ""input_unchanged:part-00054.parquet"": {""name"": ""input_unchanged:part-00054.parquet"", ""status"": ""PASS"", ""observed"": null, ""expected"": null, ""source"": null}, ""input_unchanged:part-00055.parquet"": {""name"": ""input_unchanged:part-00055.parquet"", ""status"": ""PASS"", ""observed"": null, ""expected"": null, ""source"": null}, ""input_unchanged:part-00056.parquet"": {""name"": ""input_unchanged:part-00056.parquet"", ""status"": ""PASS"", ""observed"": null, ""expected"": null, ""source"": null}, ""input_unchanged:part-00057.parquet"": {""name"": ""input_unchanged:part-00057.parquet"", ""status"": ""PASS"", ""observed"": null, ""expected"": null, ""source"": null}, ""input_unchanged:part-00058.parquet"": {""name"": ""input_unchanged:part-00058.parquet"", ""status"": ""PASS"", ""observed"": null, ""expected"": null, ""source"": null}, ""input_unchanged:part-00059.parquet"": {""name"": ""input_unchanged:part-00059.parquet"", ""status"": ""PASS"", ""observed"": null, ""expected"": null, ""source"": null}, ""input_unchanged:part-00060.parquet"": {""name"": ""input_unchanged:part-00060.parquet"", ""status"": ""PASS"", ""observed"": null, ""expected"": null, ""source"": null}, ""input_unchanged:supervision.parquet"": {""name"": ""input_unchanged:supervision.parquet"", ""status"": ""PASS"", ""observed"": null, ""expected"": null, ""source"": null}, ""input_unchanged:supervision_conflicts.parquet"": {""name"": ""input_unchanged:supervision_conflicts.parquet"", ""status"": ""PASS"", ""observed"": null, ""expected"": null, ""source"": null}, ""input_unchanged:supervision_merged.parquet"": {""name"": ""input_unchanged:supervision_merged.parquet"", ""status"": ""PASS"", ""observed"": null, ""expected"": null, ""source"": null}, ""input_unchanged:supervision_uncapped.parquet"": {""name"": ""input_unchanged:supervision_uncapped.parquet"", ""status"": ""PASS"", ""observed"": null, ""expected"": null, ""source"": null}, ""input_unchanged:F2_MERGE_REPORT.json"": {""name"": ""input_unchanged:F2_MERGE_REPORT.json"", ""status"": ""PASS"", ""observed"": null, ""expected"": null, ""source"": null}, ""input_unchanged:F2_REPORT.json"": {""name"": ""input_unchanged:F2_REPORT.json"", ""status"": ""PASS"", ""observed"": null, ""expected"": null, ""source"": null}, ""input_unchanged:rf_gold_rules.json"": {""name"": ""input_unchanged:rf_gold_rules.json"", ""status"": ""PASS"", ""observed"": null, ""expected"": null, ""source"": null}}",,,,
feature_repair_verification.seven_columns_zero.shared,feature_repair_verification,shared,seven_columns_zero,boolean and diff evidence,verified,,"{""passed"": true, ""columns"": [448, 449, 450, 451, 452, 453, 455], ""dataset_rows"": 18729, ""nonzero_per_column"": {""448"": 0, ""449"": 0, ""450"": 0, ""451"": 0, ""452"": 0, ""453"": 0, ""455"": 0}}",,,,
feature_repair_verification.all_other_graph_content_unchanged.shared,feature_repair_verification,shared,all_other_graph_content_unchanged,boolean and diff evidence,verified,,"{""passed"": true, ""retained_columns"": [0, 1, 2, 3, 4, 5, 6, 7, 8, 9, 10, 11, 12, 13, 14, 15, 16, 17, 18, 19, 20, 21, 22, 23, 24, 25, 26, 27, 28, 29, 30, 31, 32, 33, 34, 35, 36, 37, 38, 39, 40, 41, 42, 43, 44, 45, 46, 47, 48, 49, 50, 51, 52, 53, 54, 55, 56, 57, 58, 59, 60, 61, 62, 63, 64, 65, 66, 67, 68, 69, 70, 71, 72, 73, 74, 75, 76, 77, 78, 79, 80, 81, 82, 83, 84, 85, 86, 87, 88, 89, 90, 91, 92, 93, 94, 95, 96, 97, 98, 99, 100, 101, 102, 103, 104, 105, 106, 107, 108, 109, 110, 111, 112, 113, 114, 115, 116, 117, 118, 119, 120, 121, 122, 123, 124, 125, 126, 127, 128, 129, 130, 131, 132, 133, 134, 135, 136, 137, 138, 139, 140, 141, 142, 143, 144, 145, 146, 147, 148, 149, 150, 151, 152, 153, 154, 155, 156, 157, 158, 159, 160, 161, 162, 163, 164, 165, 166, 167, 168, 169, 170, 171, 172, 173, 174, 175, 176, 177, 178, 179, 180, 181, 182, 183, 184, 185, 186, 187, 188, 189, 190, 191, 192, 193, 194, 195, 196, 197, 198, 199, 200, 201, 202, 203, 204, 205, 206, 207, 208, 209, 210, 211, 212, 213, 214, 215, 216, 217, 218, 219, 220, 221, 222, 223, 224, 225, 226, 227, 228, 229, 230, 231, 232, 233, 234, 235, 236, 237, 238, 239, 240, 241, 242, 243, 244, 245, 246, 247, 248, 249, 250, 251, 252, 253, 254, 255, 256, 257, 258, 259, 260, 261, 262, 263, 264, 265, 266, 267, 268, 269, 270, 271, 272, 273, 274, 275, 276, 277, 278, 279, 280, 281, 282, 283, 284, 285, 286, 287, 288, 289, 290, 291, 292, 293, 294, 295, 296, 297, 298, 299, 300, 301, 302, 303, 304, 305, 306, 307, 308, 309, 310, 311, 312, 313, 314, 315, 316, 317, 318, 319, 320, 321, 322, 323, 324, 325, 326, 327, 328, 329, 330, 331, 332, 333, 334, 335, 336, 337, 338, 339, 340, 341, 342, 343, 344, 345, 346, 347, 348, 349, 350, 351, 352, 353, 354, 355, 356, 357, 358, 359, 360, 361, 362, 363, 364, 365, 366, 367, 368, 369, 370, 371, 372, 373, 374, 375, 376, 377, 378, 379, 380, 381, 382, 383, 384, 385, 386, 387, 388, 389, 390, 391, 392, 393, 394, 395, 396, 397, 398, 399, 400, 401, 402, 403, 404, 405, 406, 407, 408, 409, 410, 411, 412, 413, 414, 415, 416, 417, 418, 419, 420, 421, 422, 423, 424, 425, 426, 427, 428, 429, 430, 431, 432, 433, 434, 435, 436, 437, 438, 439, 440, 441, 442, 443, 444, 445, 446, 447, 454, 456, 457], ""changed_retained_elements"": 0, ""retained_feature_sha256"": ""7686f5abc38f3c76d18199fd75631d86ea0a8b85a5cdf0de74c3676e4322c160"", ""source_retained_feature_sha256"": ""7686f5abc38f3c76d18199fd75631d86ea0a8b85a5cdf0de74c3676e4322c160"", ""unchanged_files"": [""edges.npz"", ""GRAPH_REPORT.json"", ""lineage_stats.json"", ""nodes.npz"", ""unique_dataset_id.parquet"", ""unique_model_id.parquet"", ""x_model.npy""], ""critical_metadata_sha256"": ""99924ce922fda17dc0e96d01ab2850341a2742539c669343c73f8994f22aafcc""}",,,,
feature_repair_verification.new_graph_hash_verified.shared,feature_repair_verification,shared,new_graph_hash_verified,boolean and diff evidence,verified,,"{""passed"": true, ""new_graph_digest"": ""acddeb93d926efcb636c83d452fe360736a0e6e4ac68cab3f5fef210e7cef5db"", ""source_graph_digest"": ""0e80b8393846dcc4b9e354218fd5139a906d569125d2e8545e17ccd01612b76c"", ""actual_file_hashes"": {""A0_FEATURE_REPAIR.json"": ""e1e7a7fb3dccbfe81fab3619600adcbf5ea59da096d13a014d5a8233cbce6e84"", ""edges.npz"": ""c67a65eb7715728b357dd92a1816c3a7374caf28b2370f42ea6c84cb5a1695c2"", ""GRAPH_REPORT.json"": ""53081ab8fe339c4aedb22c37f4ac6a8b19acc710e2e5915aaab0577bb5074527"", ""lineage_stats.json"": ""8a0d3ea913723693c647fffdad032708510378a9481ef3a23aa3bc1ec3eb75bb"", ""nodes.npz"": ""4e2d97496691706b706bb174e538c3aadaaf1976e1dbf85394ebeaa3240a5969"", ""unique_dataset_id.parquet"": ""f169c734b111f1356513850b3acdfe9549870e1fabf59de3cdcb58fb81db4a03"", ""unique_model_id.parquet"": ""ea3cff16d54210ababf05daac8eb1b5edc459bc9b4e83263bc5a1805f411440b"", ""x_dataset.npy"": ""0341b76ffc329c4448355ed58a891abc68498d7a88bb7b971850259125baa933"", ""x_model.npy"": ""ba1020872ddb6e90726c755f9f08f236f4c73e506013c91d8a0075fc0c0361e6""}}",,,,
reproducibility_checks.checkpoint_graph_binding.0,reproducibility_checks,0,checkpoint_graph_binding,boolean and evidence,verified,,"{""passed"": true, ""actual_binding"": {""family_vocab_sha256"": ""00d304df9bd72acb2c2c1ca5b84ed0dc9d4adb0cbc9f098f32a9e62109d24005"", ""num_families"": 41056, ""num_size_buckets"": 15, ""size_bucket_version"": ""min5.0_max12.0_w0.50_n15"", ""name_seed"": 42, ""name_dim"": 64, ""desc_dim"": 384, ""encoder_name"": ""all-MiniLM-L6-v2"", ""graph_sha256"": ""acddeb93d926efcb636c83d452fe360736a0e6e4ac68cab3f5fef210e7cef5db"", ""split_seed"": 0}, ""expected_binding"": {""family_vocab_sha256"": ""00d304df9bd72acb2c2c1ca5b84ed0dc9d4adb0cbc9f098f32a9e62109d24005"", ""num_families"": 41056, ""num_size_buckets"": 15, ""size_bucket_version"": ""min5.0_max12.0_w0.50_n15"", ""name_seed"": 42, ""name_dim"": 64, ""desc_dim"": 384, ""encoder_name"": ""all-MiniLM-L6-v2"", ""graph_sha256"": ""acddeb93d926efcb636c83d452fe360736a0e6e4ac68cab3f5fef210e7cef5db"", ""split_seed"": 0}, ""mismatches"": {}, ""stored_epoch"": 24, ""completed_history_epochs"": 25, ""resolved_config_keys"": [""batch_size"", ""contrast_max_pos_per_dataset"", ""contrast_n_neg"", ""dm_hard_neg_weight"", ""dm_temperature"", ""dm_warmup"", ""early_stop"", ""edge_aware"", ""fanout"", ""global_hard_frac"", ""global_known_low"", ""global_mode"", ""global_n_datasets"", ""global_n_neg"", ""grouped"", ""infer_chunk"", ""lake_alpha"", ""lake_gamma"", ""lake_n0"", ""lambda_contrast"", ""lambda_dm_contrast"", ""lambda_global"", ""lambda_mse"", ""lambda_rank"", ""lambda_uniform"", ""lr"", ""num_layers"", ""patience"", ""rank_gap_weighted"", ""rank_loss"", ""rank_min_gap"", ""rank_temperature"", ""scorer"", ""separate_heads"", ""similar_to_k"", ""similar_to_mode"", ""skip_diagnostics"", ""sparse_M"", ""top_frac"", ""weighted_relations""]}",,,,
reproducibility_checks.embedding_shape_finite_norm_and_order.0,reproducibility_checks,0,embedding_shape_finite_norm_and_order,boolean and evidence,verified,,"{""passed"": true, ""embeddings"": {""z_m.npy"": {""shape"": [3016439, 128], ""dtype"": ""float32"", ""nonfinite_values"": 0, ""maximum_absolute_norm_error"": 1.7881393432617188e-07, ""norm_atol"": 1e-05, ""norm_rtol"": 0, ""file_sha256"": ""88350ff6df4fa9085797ebbae9245afadea879a5eb6214b227e2a50bca442dc8""}, ""z_m_eval.npy"": {""shape"": [3016439, 128], ""dtype"": ""float32"", ""nonfinite_values"": 0, ""maximum_absolute_norm_error"": 1.7881393432617188e-07, ""norm_atol"": 1e-05, ""norm_rtol"": 0, ""file_sha256"": ""ab32bad03ebc008383113b605e9beaee70f90939bc1a7642cf76c95efd8dca0a""}, ""z_d.npy"": {""shape"": [18729, 128], ""dtype"": ""float32"", ""nonfinite_values"": 0, ""maximum_absolute_norm_error"": 1.1920928955078125e-07, ""norm_atol"": 1e-05, ""norm_rtol"": 0, ""file_sha256"": ""7f87cd0c56bd73f16208450407a50a6eb439e2d967e5c56b86caa21b4beeab62""}, ""z_d_eval.npy"": {""shape"": [18729, 128], ""dtype"": ""float32"", ""nonfinite_values"": 0, ""maximum_absolute_norm_error"": 1.1920928955078125e-07, ""norm_atol"": 1e-05, ""norm_rtol"": 0, ""file_sha256"": ""c68c7e40b30598bba888b4dda378a6a3176fdb7b1384b6532227ce1402edc025""}}, ""model_rows"": 3016439, ""dataset_rows"": 18729}",,,,
reproducibility_checks.chunked_inference_agreement.0,reproducibility_checks,0,chunked_inference_agreement,boolean and evidence,recomputed,,"{""passed"": true, ""raw_gate"": {""gate"": ""G-F7d"", ""name"": ""chunked == whole-graph forward"", ""ran"": true, ""n_models"": 100000, ""max_abs_delta"": {""model"": 7.450580596923828e-08, ""dataset"": 8.940696716308594e-08}, ""ok"": true}}",,,,
reproducibility_checks.final_output_candidate_membership.0,reproducibility_checks,0,final_output_candidate_membership,boolean and evidence,verified,,True,,,,
reproducibility_checks.fusion_and_tie_consistency.0,reproducibility_checks,0,fusion_and_tie_consistency,boolean and evidence,verified,,True,,,,
reproducibility_checks.independent_metric_recomputation.0,reproducibility_checks,0,independent_metric_recomputation,boolean and evidence,verified,,True,,,,
reproducibility_checks.checkpoint_graph_binding.1,reproducibility_checks,1,checkpoint_graph_binding,boolean and evidence,verified,,"{""passed"": true, ""actual_binding"": {""family_vocab_sha256"": ""00d304df9bd72acb2c2c1ca5b84ed0dc9d4adb0cbc9f098f32a9e62109d24005"", ""num_families"": 41056, ""num_size_buckets"": 15, ""size_bucket_version"": ""min5.0_max12.0_w0.50_n15"", ""name_seed"": 42, ""name_dim"": 64, ""desc_dim"": 384, ""encoder_name"": ""all-MiniLM-L6-v2"", ""graph_sha256"": ""acddeb93d926efcb636c83d452fe360736a0e6e4ac68cab3f5fef210e7cef5db"", ""split_seed"": 1}, ""expected_binding"": {""family_vocab_sha256"": ""00d304df9bd72acb2c2c1ca5b84ed0dc9d4adb0cbc9f098f32a9e62109d24005"", ""num_families"": 41056, ""num_size_buckets"": 15, ""size_bucket_version"": ""min5.0_max12.0_w0.50_n15"", ""name_seed"": 42, ""name_dim"": 64, ""desc_dim"": 384, ""encoder_name"": ""all-MiniLM-L6-v2"", ""graph_sha256"": ""acddeb93d926efcb636c83d452fe360736a0e6e4ac68cab3f5fef210e7cef5db"", ""split_seed"": 1}, ""mismatches"": {}, ""stored_epoch"": 24, ""completed_history_epochs"": 25, ""resolved_config_keys"": [""batch_size"", ""contrast_max_pos_per_dataset"", ""contrast_n_neg"", ""dm_hard_neg_weight"", ""dm_temperature"", ""dm_warmup"", ""early_stop"", ""edge_aware"", ""fanout"", ""global_hard_frac"", ""global_known_low"", ""global_mode"", ""global_n_datasets"", ""global_n_neg"", ""grouped"", ""infer_chunk"", ""lake_alpha"", ""lake_gamma"", ""lake_n0"", ""lambda_contrast"", ""lambda_dm_contrast"", ""lambda_global"", ""lambda_mse"", ""lambda_rank"", ""lambda_uniform"", ""lr"", ""num_layers"", ""patience"", ""rank_gap_weighted"", ""rank_loss"", ""rank_min_gap"", ""rank_temperature"", ""scorer"", ""separate_heads"", ""similar_to_k"", ""similar_to_mode"", ""skip_diagnostics"", ""sparse_M"", ""top_frac"", ""weighted_relations""]}",,,,
reproducibility_checks.embedding_shape_finite_norm_and_order.1,reproducibility_checks,1,embedding_shape_finite_norm_and_order,boolean and evidence,verified,,"{""passed"": true, ""embeddings"": {""z_m.npy"": {""shape"": [3016439, 128], ""dtype"": ""float32"", ""nonfinite_values"": 0, ""maximum_absolute_norm_error"": 1.7881393432617188e-07, ""norm_atol"": 1e-05, ""norm_rtol"": 0, ""file_sha256"": ""dd03a51d5dc1e6f0dea1bb37d5478cbb888869878dceebd7fbb8984a07866b88""}, ""z_m_eval.npy"": {""shape"": [3016439, 128], ""dtype"": ""float32"", ""nonfinite_values"": 0, ""maximum_absolute_norm_error"": 1.7881393432617188e-07, ""norm_atol"": 1e-05, ""norm_rtol"": 0, ""file_sha256"": ""2b2ac27c85f83d85e42f3ca795b494da0de74426f36a4e9626bbbb7ada0e0f5e""}, ""z_d.npy"": {""shape"": [18729, 128], ""dtype"": ""float32"", ""nonfinite_values"": 0, ""maximum_absolute_norm_error"": 1.1920928955078125e-07, ""norm_atol"": 1e-05, ""norm_rtol"": 0, ""file_sha256"": ""53a963b2af9d3d6f27303ddbc81a8e3d8825b126e5675873e75d831670caeef0""}, ""z_d_eval.npy"": {""shape"": [18729, 128], ""dtype"": ""float32"", ""nonfinite_values"": 0, ""maximum_absolute_norm_error"": 1.1920928955078125e-07, ""norm_atol"": 1e-05, ""norm_rtol"": 0, ""file_sha256"": ""b03dfe10e85b578c8ed31f98be287875648d453b0bdad4af4e05e3ff9adb6e97""}}, ""model_rows"": 3016439, ""dataset_rows"": 18729}",,,,
reproducibility_checks.chunked_inference_agreement.1,reproducibility_checks,1,chunked_inference_agreement,boolean and evidence,recomputed,,"{""passed"": true, ""raw_gate"": {""gate"": ""G-F7d"", ""name"": ""chunked == whole-graph forward"", ""ran"": true, ""n_models"": 100000, ""max_abs_delta"": {""model"": 8.940696716308594e-08, ""dataset"": 8.940696716308594e-08}, ""ok"": true}}",,,,
reproducibility_checks.final_output_candidate_membership.1,reproducibility_checks,1,final_output_candidate_membership,boolean and evidence,verified,,True,,,,
reproducibility_checks.fusion_and_tie_consistency.1,reproducibility_checks,1,fusion_and_tie_consistency,boolean and evidence,verified,,True,,,,
reproducibility_checks.independent_metric_recomputation.1,reproducibility_checks,1,independent_metric_recomputation,boolean and evidence,verified,,True,,,,
reproducibility_checks.checkpoint_graph_binding.2,reproducibility_checks,2,checkpoint_graph_binding,boolean and evidence,verified,,"{""passed"": true, ""actual_binding"": {""family_vocab_sha256"": ""00d304df9bd72acb2c2c1ca5b84ed0dc9d4adb0cbc9f098f32a9e62109d24005"", ""num_families"": 41056, ""num_size_buckets"": 15, ""size_bucket_version"": ""min5.0_max12.0_w0.50_n15"", ""name_seed"": 42, ""name_dim"": 64, ""desc_dim"": 384, ""encoder_name"": ""all-MiniLM-L6-v2"", ""graph_sha256"": ""acddeb93d926efcb636c83d452fe360736a0e6e4ac68cab3f5fef210e7cef5db"", ""split_seed"": 2}, ""expected_binding"": {""family_vocab_sha256"": ""00d304df9bd72acb2c2c1ca5b84ed0dc9d4adb0cbc9f098f32a9e62109d24005"", ""num_families"": 41056, ""num_size_buckets"": 15, ""size_bucket_version"": ""min5.0_max12.0_w0.50_n15"", ""name_seed"": 42, ""name_dim"": 64, ""desc_dim"": 384, ""encoder_name"": ""all-MiniLM-L6-v2"", ""graph_sha256"": ""acddeb93d926efcb636c83d452fe360736a0e6e4ac68cab3f5fef210e7cef5db"", ""split_seed"": 2}, ""mismatches"": {}, ""stored_epoch"": 24, ""completed_history_epochs"": 25, ""resolved_config_keys"": [""batch_size"", ""contrast_max_pos_per_dataset"", ""contrast_n_neg"", ""dm_hard_neg_weight"", ""dm_temperature"", ""dm_warmup"", ""early_stop"", ""edge_aware"", ""fanout"", ""global_hard_frac"", ""global_known_low"", ""global_mode"", ""global_n_datasets"", ""global_n_neg"", ""grouped"", ""infer_chunk"", ""lake_alpha"", ""lake_gamma"", ""lake_n0"", ""lambda_contrast"", ""lambda_dm_contrast"", ""lambda_global"", ""lambda_mse"", ""lambda_rank"", ""lambda_uniform"", ""lr"", ""num_layers"", ""patience"", ""rank_gap_weighted"", ""rank_loss"", ""rank_min_gap"", ""rank_temperature"", ""scorer"", ""separate_heads"", ""similar_to_k"", ""similar_to_mode"", ""skip_diagnostics"", ""sparse_M"", ""top_frac"", ""weighted_relations""]}",,,,
reproducibility_checks.embedding_shape_finite_norm_and_order.2,reproducibility_checks,2,embedding_shape_finite_norm_and_order,boolean and evidence,verified,,"{""passed"": true, ""embeddings"": {""z_m.npy"": {""shape"": [3016439, 128], ""dtype"": ""float32"", ""nonfinite_values"": 0, ""maximum_absolute_norm_error"": 1.7881393432617188e-07, ""norm_atol"": 1e-05, ""norm_rtol"": 0, ""file_sha256"": ""4f06f8fe68d4d805013961b54e6a83ccf5e050c11931e4f5db1fab9c9d25d869""}, ""z_m_eval.npy"": {""shape"": [3016439, 128], ""dtype"": ""float32"", ""nonfinite_values"": 0, ""maximum_absolute_norm_error"": 1.7881393432617188e-07, ""norm_atol"": 1e-05, ""norm_rtol"": 0, ""file_sha256"": ""4d8962fe6e74df349a55fbb32d0bda2aeacceba1ff541290162d27a9fa293224""}, ""z_d.npy"": {""shape"": [18729, 128], ""dtype"": ""float32"", ""nonfinite_values"": 0, ""maximum_absolute_norm_error"": 1.1920928955078125e-07, ""norm_atol"": 1e-05, ""norm_rtol"": 0, ""file_sha256"": ""c625d2d16c62e21efa9c70bd1d33cab212c8b8df2d3277d0de48d774b2293715""}, ""z_d_eval.npy"": {""shape"": [18729, 128], ""dtype"": ""float32"", ""nonfinite_values"": 0, ""maximum_absolute_norm_error"": 1.1920928955078125e-07, ""norm_atol"": 1e-05, ""norm_rtol"": 0, ""file_sha256"": ""564b43479ab599e215b03a6af098b7d6a6d06720388e705e4588ff8be7fc6ebf""}}, ""model_rows"": 3016439, ""dataset_rows"": 18729}",,,,
reproducibility_checks.chunked_inference_agreement.2,reproducibility_checks,2,chunked_inference_agreement,boolean and evidence,recomputed,,"{""passed"": true, ""raw_gate"": {""gate"": ""G-F7d"", ""name"": ""chunked == whole-graph forward"", ""ran"": true, ""n_models"": 100000, ""max_abs_delta"": {""model"": 8.940696716308594e-08, ""dataset"": 1.043081283569336e-07}, ""ok"": true}}",,,,
reproducibility_checks.final_output_candidate_membership.2,reproducibility_checks,2,final_output_candidate_membership,boolean and evidence,verified,,True,,,,
reproducibility_checks.fusion_and_tie_consistency.2,reproducibility_checks,2,fusion_and_tie_consistency,boolean and evidence,verified,,True,,,,
reproducibility_checks.independent_metric_recomputation.2,reproducibility_checks,2,independent_metric_recomputation,boolean and evidence,verified,,True,,,,
hnsw1000_task_prior.gold_at_1.min,hnsw1000_task_prior,min,gold_at_1,fraction,recomputed,,0.1022653721682848,,,,
hnsw1000_task_prior.gold_at_1.max,hnsw1000_task_prior,max,gold_at_1,fraction,recomputed,,0.15853658536585366,,,,
hnsw1000_task_prior.gold_at_10.min,hnsw1000_task_prior,min,gold_at_10,fraction,recomputed,,0.22135922330097088,,,,
hnsw1000_task_prior.gold_at_10.max,hnsw1000_task_prior,max,gold_at_10,fraction,recomputed,,0.3369663941871026,,,,
hnsw1000_task_prior.top3_at_10.min,hnsw1000_task_prior,min,top3_at_10,fraction,recomputed,,0.2627831715210356,,,,
hnsw1000_task_prior.top3_at_10.max,hnsw1000_task_prior,max,top3_at_10,fraction,recomputed,,0.40962761126248864,,,,
hnsw1000_task_prior.gold_gap_at_10.min,hnsw1000_task_prior,min,gold_gap_at_10,fraction,recomputed,,0.23106796116504855,,,,
hnsw1000_task_prior.gold_gap_at_10.max,hnsw1000_task_prior,max,gold_gap_at_10,fraction,recomputed,,0.36603088101725706,,,,
hnsw1000_task_prior.root_macro_gold_at_10.min,hnsw1000_task_prior,min,root_macro_gold_at_10,fraction,recomputed,,0.2470558234677836,,,,
hnsw1000_task_prior.root_macro_gold_at_10.max,hnsw1000_task_prior,max,root_macro_gold_at_10,fraction,recomputed,,0.25661730162693747,,,,
hnsw1000_task_prior.gold_gap_at_1.min,hnsw1000_task_prior,min,gold_gap_at_1,fraction,recomputed,,0.13333333333333333,,,,
hnsw1000_task_prior.gold_gap_at_1.max,hnsw1000_task_prior,max,gold_gap_at_1,fraction,recomputed,,0.21205962059620595,,,,
hnsw1000_task_prior.root_macro_gold_at_1.min,hnsw1000_task_prior,min,root_macro_gold_at_1,fraction,recomputed,,0.05366128334566873,,,,
hnsw1000_task_prior.root_macro_gold_at_1.max,hnsw1000_task_prior,max,root_macro_gold_at_1,fraction,recomputed,,0.09435163385455782,,,,
hnsw1000_task_prior.root_macro_top3_at_10.min,hnsw1000_task_prior,min,root_macro_top3_at_10,fraction,recomputed,,0.30218286143535317,,,,
hnsw1000_task_prior.root_macro_top3_at_10.max,hnsw1000_task_prior,max,root_macro_top3_at_10,fraction,recomputed,,0.31457248700902346,,,,
hnsw1000_task_prior.root_macro_gold_gap_at_10.min,hnsw1000_task_prior,min,root_macro_gold_gap_at_10,fraction,recomputed,,0.26857856429285,,,,
hnsw1000_task_prior.root_macro_gold_gap_at_10.max,hnsw1000_task_prior,max,root_macro_gold_gap_at_10,fraction,recomputed,,0.28325048777693645,,,,
exact1000_task_prior.gold_at_1.min,exact1000_task_prior,min,gold_at_1,fraction,recomputed,,0.1022653721682848,,,,
exact1000_task_prior.gold_at_1.max,exact1000_task_prior,max,gold_at_1,fraction,recomputed,,0.15853658536585366,,,,
exact1000_task_prior.gold_at_10.min,exact1000_task_prior,min,gold_at_10,fraction,recomputed,,0.22135922330097088,,,,
exact1000_task_prior.gold_at_10.max,exact1000_task_prior,max,gold_at_10,fraction,recomputed,,0.3369663941871026,,,,
exact1000_task_prior.top3_at_10.min,exact1000_task_prior,min,top3_at_10,fraction,recomputed,,0.2634304207119741,,,,
exact1000_task_prior.top3_at_10.max,exact1000_task_prior,max,top3_at_10,fraction,recomputed,,0.40962761126248864,,,,
exact1000_task_prior.gold_gap_at_10.min,exact1000_task_prior,min,gold_gap_at_10,fraction,recomputed,,0.23106796116504855,,,,
exact1000_task_prior.gold_gap_at_10.max,exact1000_task_prior,max,gold_gap_at_10,fraction,recomputed,,0.36603088101725706,,,,
exact1000_task_prior.root_macro_gold_at_10.min,exact1000_task_prior,min,root_macro_gold_at_10,fraction,recomputed,,0.2470558234677836,,,,
exact1000_task_prior.root_macro_gold_at_10.max,exact1000_task_prior,max,root_macro_gold_at_10,fraction,recomputed,,0.25661730162693747,,,,
exact1000_task_prior.gold_gap_at_1.min,exact1000_task_prior,min,gold_gap_at_1,fraction,recomputed,,0.13333333333333333,,,,
exact1000_task_prior.gold_gap_at_1.max,exact1000_task_prior,max,gold_gap_at_1,fraction,recomputed,,0.2127371273712737,,,,
exact1000_task_prior.root_macro_gold_at_1.min,exact1000_task_prior,min,root_macro_gold_at_1,fraction,recomputed,,0.05366128334566873,,,,
exact1000_task_prior.root_macro_gold_at_1.max,exact1000_task_prior,max,root_macro_gold_at_1,fraction,recomputed,,0.09435163385455782,,,,
exact1000_task_prior.root_macro_top3_at_10.min,exact1000_task_prior,min,root_macro_top3_at_10,fraction,recomputed,,0.3022251447334504,,,,
exact1000_task_prior.root_macro_top3_at_10.max,exact1000_task_prior,max,root_macro_top3_at_10,fraction,recomputed,,0.31457248700902346,,,,
exact1000_task_prior.root_macro_gold_gap_at_10.min,exact1000_task_prior,min,root_macro_gold_gap_at_10,fraction,recomputed,,0.26857856429285,,,,
exact1000_task_prior.root_macro_gold_gap_at_10.max,exact1000_task_prior,max,root_macro_gold_gap_at_10,fraction,recomputed,,0.28325048777693645,,,,
exact_full_lake_task_prior.gold_at_1.min,exact_full_lake_task_prior,min,gold_at_1,fraction,recomputed,,0.10485436893203884,,,,
exact_full_lake_task_prior.gold_at_1.max,exact_full_lake_task_prior,max,gold_at_1,fraction,recomputed,,0.1632791327913279,,,,
exact_full_lake_task_prior.gold_at_10.min,exact_full_lake_task_prior,min,gold_at_10,fraction,recomputed,,0.23754045307443367,,,,
exact_full_lake_task_prior.gold_at_10.max,exact_full_lake_task_prior,max,gold_at_10,fraction,recomputed,,0.3604336043360434,,,,
exact_full_lake_task_prior.top3_at_10.min,exact_full_lake_task_prior,min,top3_at_10,fraction,recomputed,,0.2796116504854369,,,,
exact_full_lake_task_prior.top3_at_10.max,exact_full_lake_task_prior,max,top3_at_10,fraction,recomputed,,0.4287011807447775,,,,
exact_full_lake_task_prior.gold_gap_at_10.min,exact_full_lake_task_prior,min,gold_gap_at_10,fraction,recomputed,,0.2504854368932039,,,,
exact_full_lake_task_prior.gold_gap_at_10.max,exact_full_lake_task_prior,max,gold_gap_at_10,fraction,recomputed,,0.38419618528610355,,,,
exact_full_lake_task_prior.root_macro_gold_at_10.min,exact_full_lake_task_prior,min,root_macro_gold_at_10,fraction,recomputed,,0.2667041209067787,,,,
exact_full_lake_task_prior.root_macro_gold_at_10.max,exact_full_lake_task_prior,max,root_macro_gold_at_10,fraction,recomputed,,0.28571634534466095,,,,
exact_full_lake_task_prior.gold_gap_at_1.min,exact_full_lake_task_prior,min,gold_gap_at_1,fraction,recomputed,,0.13656957928802588,,,,
exact_full_lake_task_prior.gold_gap_at_1.max,exact_full_lake_task_prior,max,gold_gap_at_1,fraction,recomputed,,0.21951219512195122,,,,
exact_full_lake_task_prior.root_macro_gold_at_1.min,exact_full_lake_task_prior,min,root_macro_gold_at_1,fraction,recomputed,,0.056079020647126956,,,,
exact_full_lake_task_prior.root_macro_gold_at_1.max,exact_full_lake_task_prior,max,root_macro_gold_at_1,fraction,recomputed,,0.09148968099260496,,,,
exact_full_lake_task_prior.root_macro_top3_at_10.min,exact_full_lake_task_prior,min,root_macro_top3_at_10,fraction,recomputed,,0.324351003370937,,,,
exact_full_lake_task_prior.root_macro_top3_at_10.max,exact_full_lake_task_prior,max,root_macro_top3_at_10,fraction,recomputed,,0.34129305022273565,,,,
exact_full_lake_task_prior.root_macro_gold_gap_at_10.min,exact_full_lake_task_prior,min,root_macro_gold_gap_at_10,fraction,recomputed,,0.2890971929510135,,,,
exact_full_lake_task_prior.root_macro_gold_gap_at_10.max,exact_full_lake_task_prior,max,root_macro_gold_gap_at_10,fraction,recomputed,,0.3132929331404268,,,,
hnsw1000_task_prior.median_gold_position_when_retrieved.min,hnsw1000_task_prior,min,median_gold_position_when_retrieved,1-based position,recomputed,,4.0,,,,
hnsw1000_task_prior.median_gold_position_when_retrieved.max,hnsw1000_task_prior,max,median_gold_position_when_retrieved,1-based position,recomputed,,5.0,,,,
exact1000_task_prior.median_gold_position_when_retrieved.min,exact1000_task_prior,min,median_gold_position_when_retrieved,1-based position,recomputed,,4.0,,,,
exact1000_task_prior.median_gold_position_when_retrieved.max,exact1000_task_prior,max,median_gold_position_when_retrieved,1-based position,recomputed,,5.0,,,,
exact_full_lake_task_prior.median_full_fused_gold_rank.min,exact_full_lake_task_prior,min,median_full_fused_gold_rank,1-based rank,recomputed,,70.0,,,,
exact_full_lake_task_prior.median_full_fused_gold_rank.max,exact_full_lake_task_prior,max,median_full_fused_gold_rank,1-based rank,recomputed,,2921.0,,,,
exact_full_lake_task_prior.median_full_fused_rank_over_N.min,exact_full_lake_task_prior,min,median_full_fused_rank_over_N,normalized rank,recomputed,,2.3206171250272258e-05,,,,
exact_full_lake_task_prior.median_full_fused_rank_over_N.max,exact_full_lake_task_prior,max,median_full_fused_rank_over_N,normalized rank,recomputed,,0.0009683603746006466,,,,
exact_full_lake_task_prior.vs_uniform_random_top10.min,exact_full_lake_task_prior,min,vs_uniform_random_top10,ratio,recomputed,,71652.62867313916,,,,
exact_full_lake_task_prior.vs_uniform_random_top10.max,exact_full_lake_task_prior,max,vs_uniform_random_top10,ratio,recomputed,,108722.59810298104,,,,
hnsw1000_task_prior.actual_hnsw_gold_coverage_at_1000.min,hnsw1000_task_prior,min,actual_hnsw_gold_coverage_at_1000,percent,recomputed,,0.37087378640776697,,,,
hnsw1000_task_prior.actual_hnsw_gold_coverage_at_1000.max,hnsw1000_task_prior,max,actual_hnsw_gold_coverage_at_1000,percent,recomputed,,0.5740236148955495,,,,
retrieval_diagnostics.exact_pool_retention.min,retrieval_diagnostics,min,exact_pool_retention,percent,recomputed,,0.9229323308270676,,,,
retrieval_diagnostics.exact_pool_retention.max,retrieval_diagnostics,max,exact_pool_retention,percent,recomputed,,0.9512820512820512,,,,
retrieval_diagnostics.ann_retention.min,retrieval_diagnostics,min,ann_retention,percent,recomputed,,0.9979633401221994,,,,
retrieval_diagnostics.ann_retention.max,retrieval_diagnostics,max,ann_retention,percent,recomputed,,1.0,,,,
retrieval_diagnostics.overall_retention.min,retrieval_diagnostics,min,overall_retention,percent,recomputed,,0.9210526315789472,,,,
retrieval_diagnostics.overall_retention.max,retrieval_diagnostics,max,overall_retention,percent,recomputed,,0.9512820512820512,,,,
retrieval_diagnostics.exact_pool_gold_coverage_at_1000.min,retrieval_diagnostics,min,exact_pool_gold_coverage_at_1000,percent,recomputed,,0.37087378640776697,,,,
retrieval_diagnostics.exact_pool_gold_coverage_at_1000.max,retrieval_diagnostics,max,exact_pool_gold_coverage_at_1000,percent,recomputed,,0.5740236148955495,,,,
retrieval_diagnostics.full_fused_top10_in_exact_pool.min,retrieval_diagnostics,min,full_fused_top10_in_exact_pool,percent,recomputed,,0.8815040650406504,,,,
retrieval_diagnostics.full_fused_top10_in_exact_pool.max,retrieval_diagnostics,max,full_fused_top10_in_exact_pool,percent,recomputed,,0.9211650485436893,,,,
ann_calibration.selected_recall_at_1000.min,ann_calibration,min,selected_recall_at_1000,fraction,recomputed,,0.992820064724919,,,,
ann_calibration.selected_recall_at_1000.max,ann_calibration,max,selected_recall_at_1000,fraction,recomputed,,0.9962606721162578,,,,
retrieval_cost.hnsw_latency_p50_ms.min,retrieval_cost,min,hnsw_latency_p50_ms,millisecond,recomputed,,0.512913,,,,
retrieval_cost.hnsw_latency_p50_ms.max,retrieval_cost,max,hnsw_latency_p50_ms,millisecond,recomputed,,0.716782,,,,
retrieval_cost.hnsw_latency_p95_ms.min,retrieval_cost,min,hnsw_latency_p95_ms,millisecond,recomputed,,0.7549026,,,,
retrieval_cost.hnsw_latency_p95_ms.max,retrieval_cost,max,hnsw_latency_p95_ms,millisecond,recomputed,,1.148937,,,,
retrieval_cost.prior_rerank_latency_p50_ms.min,retrieval_cost,min,prior_rerank_latency_p50_ms,millisecond,recomputed,,0.124475,,,,
retrieval_cost.prior_rerank_latency_p50_ms.max,retrieval_cost,max,prior_rerank_latency_p50_ms,millisecond,recomputed,,0.17834299999999997,,,,
retrieval_cost.prior_rerank_latency_p95_ms.min,retrieval_cost,min,prior_rerank_latency_p95_ms,millisecond,recomputed,,0.20846040000000002,,,,
retrieval_cost.prior_rerank_latency_p95_ms.max,retrieval_cost,max,prior_rerank_latency_p95_ms,millisecond,recomputed,,0.22924075,,,,
retrieval_cost.total_latency_p50_ms.min,retrieval_cost,min,total_latency_p50_ms,millisecond,recomputed,,0.666437,,,,
retrieval_cost.total_latency_p50_ms.max,retrieval_cost,max,total_latency_p50_ms,millisecond,recomputed,,0.882341,,,,
retrieval_cost.total_latency_p95_ms.min,retrieval_cost,min,total_latency_p95_ms,millisecond,recomputed,,0.9531151999999999,,,,
retrieval_cost.total_latency_p95_ms.max,retrieval_cost,max,total_latency_p95_ms,millisecond,recomputed,,1.337841,,,,
index_cost.build_seconds.min,index_cost,min,build_seconds,second,recomputed,,196.151983493,,,,
index_cost.build_seconds.max,index_cost,max,build_seconds,second,recomputed,,217.314887888,,,,
index_cost.index_bytes.min,index_cost,min,index_bytes,byte,recomputed,,2377803152.0,,,,
index_cost.index_bytes.max,index_cost,max,index_bytes,byte,recomputed,,2377803548.0,,,,
index_cost.index_gib.min,index_cost,min,index_gib,GiB,recomputed,,2.21450175344944,,,,
index_cost.index_gib.max,index_cost,max,index_gib,GiB,recomputed,,2.2145021222531796,,,,
pipeline_cost.training_seconds.min,pipeline_cost,min,training_seconds,second,recomputed,,3569.225913043,,,,
pipeline_cost.training_seconds.max,pipeline_cost,max,training_seconds,second,recomputed,,3911.995430701,,,,
pipeline_cost.export_seconds.min,pipeline_cost,min,export_seconds,second,recomputed,,36.909912889,,,,
pipeline_cost.export_seconds.max,pipeline_cost,max,export_seconds,second,recomputed,,40.113738693,,,,
pipeline_cost.prior_build_seconds.min,pipeline_cost,min,prior_build_seconds,second,recomputed,,7.497223104,,,,
pipeline_cost.prior_build_seconds.max,pipeline_cost,max,prior_build_seconds,second,recomputed,,7.548296398,,,,
pipeline_cost.exact_full_reference_seconds.min,pipeline_cost,min,exact_full_reference_seconds,second,recomputed,,6.686751143,,,,
pipeline_cost.exact_full_reference_seconds.max,pipeline_cost,max,exact_full_reference_seconds,second,recomputed,,8.752328499,,,,
pipeline_cost.exact1000_reference_seconds.min,pipeline_cost,min,exact1000_reference_seconds,second,recomputed,,6.686751143,,,,
pipeline_cost.exact1000_reference_seconds.max,pipeline_cost,max,exact1000_reference_seconds,second,recomputed,,8.752328499,,,,
pipeline_cost.complete_evaluation_seconds.min,pipeline_cost,min,complete_evaluation_seconds,second,recomputed,,210.592887219,,,,
pipeline_cost.complete_evaluation_seconds.max,pipeline_cost,max,complete_evaluation_seconds,second,recomputed,,231.004162807,,,,
pipeline_cost.training_peak_rss_bytes.min,pipeline_cost,min,training_peak_rss_bytes,byte,recomputed,,35048878080.0,,,,
pipeline_cost.training_peak_rss_bytes.max,pipeline_cost,max,training_peak_rss_bytes,byte,recomputed,,35309973504.0,,,,
pipeline_cost.training_peak_vram_bytes.min,pipeline_cost,min,training_peak_vram_bytes,byte,recomputed,,40728464896.0,,,,
pipeline_cost.training_peak_vram_bytes.max,pipeline_cost,max,training_peak_vram_bytes,byte,recomputed,,40764269568.0,,,,
pipeline_cost.evaluation_peak_rss_bytes.min,pipeline_cost,min,evaluation_peak_rss_bytes,byte,recomputed,,6390992896.0,,,,
pipeline_cost.evaluation_peak_rss_bytes.max,pipeline_cost,max,evaluation_peak_rss_bytes,byte,recomputed,,6519336960.0,,,,
pipeline_cost.evaluation_peak_vram_bytes.min,pipeline_cost,min,evaluation_peak_vram_bytes,byte,recomputed,,2175757824.0,,,,
pipeline_cost.evaluation_peak_vram_bytes.max,pipeline_cost,max,evaluation_peak_vram_bytes,byte,recomputed,,2175757824.0,,,,
training_records.total_loss_final_epoch.min,training_records,min,total_loss_final_epoch,loss,recomputed,,15.536381814994064,,,,
training_records.total_loss_final_epoch.max,training_records,max,total_loss_final_epoch,loss,recomputed,,15.830109988941865,,,,
training_records.rank_loss_final_epoch.min,training_records,min,rank_loss_final_epoch,loss,recomputed,,0.5533872104209402,,,,
training_records.rank_loss_final_epoch.max,training_records,max,rank_loss_final_epoch,loss,recomputed,,0.6115212855385799,,,,
training_records.contrast_loss_final_epoch.min,training_records,min,contrast_loss_final_epoch,loss,recomputed,,3.6645981436190396,,,,
training_records.contrast_loss_final_epoch.max,training_records,max,contrast_loss_final_epoch,loss,recomputed,,3.7487324452867696,,,,
training_records.global_loss_final_epoch.min,training_records,min,global_loss_final_epoch,loss,recomputed,,11.210791961819519,,,,
training_records.global_loss_final_epoch.max,training_records,max,global_loss_final_epoch,loss,recomputed,,11.507290615754968,,,,
exact1000_task_prior.native_gold@1.0,exact1000_task_prior,0,native_gold@1,named record,recomputed,,0.15853658536585366,,,,
exact1000_task_prior.native_gold@1.mean,exact1000_task_prior,mean,native_gold@1,named record,recomputed,,0.12750316537847,,,,
exact1000_task_prior.native_gold@1.min,exact1000_task_prior,min,native_gold@1,named record,recomputed,,0.1022653721682848,,,,
exact1000_task_prior.native_gold@1.max,exact1000_task_prior,max,native_gold@1,named record,recomputed,,0.15853658536585366,,,,
exact1000_task_prior.native_gold@10.0,exact1000_task_prior,0,native_gold@10,named record,recomputed,,0.3326558265582656,,,,
exact1000_task_prior.native_gold@10.mean,exact1000_task_prior,mean,native_gold@10,named record,recomputed,,0.296993814682113,,,,
exact1000_task_prior.native_gold@10.min,exact1000_task_prior,min,native_gold@10,named record,recomputed,,0.22135922330097088,,,,
exact1000_task_prior.native_gold@10.max,exact1000_task_prior,max,native_gold@10,named record,recomputed,,0.3369663941871026,,,,
exact1000_task_prior.native_top3@10.0,exact1000_task_prior,0,native_top3@10,named record,recomputed,,0.37466124661246614,,,,
exact1000_task_prior.native_top3@10.mean,exact1000_task_prior,mean,native_top3@10,named record,recomputed,,0.3492397595289763,,,,
exact1000_task_prior.native_top3@10.min,exact1000_task_prior,min,native_top3@10,named record,recomputed,,0.2634304207119741,,,,
exact1000_task_prior.native_top3@10.max,exact1000_task_prior,max,native_top3@10,named record,recomputed,,0.40962761126248864,,,,
exact1000_task_prior.native_gold-gap@1.0,exact1000_task_prior,0,native_gold-gap@1,named record,recomputed,,0.2127371273712737,,,,
exact1000_task_prior.native_gold-gap@1.mean,exact1000_task_prior,mean,native_gold-gap@1,named record,recomputed,,0.16864171275681875,,,,
exact1000_task_prior.native_gold-gap@1.min,exact1000_task_prior,min,native_gold-gap@1,named record,recomputed,,0.13333333333333333,,,,
exact1000_task_prior.native_gold-gap@1.max,exact1000_task_prior,max,native_gold-gap@1,named record,recomputed,,0.2127371273712737,,,,
exact1000_task_prior.native_gold-gap@10.0,exact1000_task_prior,0,native_gold-gap@10,named record,recomputed,,0.3556910569105691,,,,
exact1000_task_prior.native_gold-gap@10.mean,exact1000_task_prior,mean,native_gold-gap@10,named record,recomputed,,0.31759663303095825,,,,
exact1000_task_prior.native_gold-gap@10.min,exact1000_task_prior,min,native_gold-gap@10,named record,recomputed,,0.23106796116504855,,,,
exact1000_task_prior.native_gold-gap@10.max,exact1000_task_prior,max,native_gold-gap@10,named record,recomputed,,0.36603088101725706,,,,
exact1000_task_prior.native_root_gold@1.0,exact1000_task_prior,0,native_root_gold@1,named record,recomputed,,0.0828879417280182,,,,
exact1000_task_prior.native_root_gold@1.mean,exact1000_task_prior,mean,native_root_gold@1,named record,recomputed,,0.07696695297608158,,,,
exact1000_task_prior.native_root_gold@1.min,exact1000_task_prior,min,native_root_gold@1,named record,recomputed,,0.05366128334566873,,,,
exact1000_task_prior.native_root_gold@1.max,exact1000_task_prior,max,native_root_gold@1,named record,recomputed,,0.09435163385455782,,,,
exact1000_task_prior.native_root_gold@10.0,exact1000_task_prior,0,native_root_gold@10,named record,recomputed,,0.251823651280734,,,,
exact1000_task_prior.native_root_gold@10.mean,exact1000_task_prior,mean,native_root_gold@10,named record,recomputed,,0.2518322587918183,,,,
exact1000_task_prior.native_root_gold@10.min,exact1000_task_prior,min,native_root_gold@10,named record,recomputed,,0.2470558234677836,,,,
exact1000_task_prior.native_root_gold@10.max,exact1000_task_prior,max,native_root_gold@10,named record,recomputed,,0.25661730162693747,,,,
exact1000_task_prior.native_root_top3@10.0,exact1000_task_prior,0,native_root_top3@10,named record,recomputed,,0.31229982503088033,,,,
exact1000_task_prior.native_root_top3@10.mean,exact1000_task_prior,mean,native_root_top3@10,named record,recomputed,,0.3096991522577847,,,,
exact1000_task_prior.native_root_top3@10.min,exact1000_task_prior,min,native_root_top3@10,named record,recomputed,,0.3022251447334504,,,,
exact1000_task_prior.native_root_top3@10.max,exact1000_task_prior,max,native_root_top3@10,named record,recomputed,,0.31457248700902346,,,,
exact1000_task_prior.native_root_gold-gap@10.0,exact1000_task_prior,0,native_root_gold-gap@10,named record,recomputed,,0.279294864998523,,,,
exact1000_task_prior.native_root_gold-gap@10.mean,exact1000_task_prior,mean,native_root_gold-gap@10,named record,recomputed,,0.27704130568943647,,,,
exact1000_task_prior.native_root_gold-gap@10.min,exact1000_task_prior,min,native_root_gold-gap@10,named record,recomputed,,0.26857856429285,,,,
exact1000_task_prior.native_root_gold-gap@10.max,exact1000_task_prior,max,native_root_gold-gap@10,named record,recomputed,,0.28325048777693645,,,,
exact1000_task_prior.native_n_queries.0,exact1000_task_prior,0,native_n_queries,named record,recomputed,,1476,,,,
exact1000_task_prior.native_n_queries.mean,exact1000_task_prior,mean,native_n_queries,named record,recomputed,,1374.0,,,,
exact1000_task_prior.native_n_queries.min,exact1000_task_prior,min,native_n_queries,named record,recomputed,,1101.0,,,,
exact1000_task_prior.native_n_queries.max,exact1000_task_prior,max,native_n_queries,named record,recomputed,,1545.0,,,,
exact1000_task_prior.native_n_roots.0,exact1000_task_prior,0,native_n_roots,named record,recomputed,,730,,,,
exact1000_task_prior.native_n_roots.mean,exact1000_task_prior,mean,native_n_roots,named record,recomputed,,566.0,,,,
exact1000_task_prior.native_n_roots.min,exact1000_task_prior,min,native_n_roots,named record,recomputed,,473.0,,,,
exact1000_task_prior.native_n_roots.max,exact1000_task_prior,max,native_n_roots,named record,recomputed,,730.0,,,,
exact1000_task_prior.native_N.0,exact1000_task_prior,0,native_N,named record,recomputed,,1000,,,,
exact1000_task_prior.native_N.mean,exact1000_task_prior,mean,native_N,named record,recomputed,,1000.0,,,,
exact1000_task_prior.native_N.min,exact1000_task_prior,min,native_N,named record,recomputed,,1000.0,,,,
exact1000_task_prior.native_N.max,exact1000_task_prior,max,native_N,named record,recomputed,,1000.0,,,,
exact1000_task_prior.native_median_gold_rank.0,exact1000_task_prior,0,native_median_gold_rank,named record,undefined,,,,,,Native bounded-pool rank is undefined
exact1000_task_prior.native_median_gold_rank.mean,exact1000_task_prior,mean,native_median_gold_rank,named record,undefined,,,,,,At least one seed is mathematically undefined; no skip-missing aggregation
exact1000_task_prior.native_median_gold_rank.min,exact1000_task_prior,min,native_median_gold_rank,named record,undefined,,,,,,At least one seed is mathematically undefined; no skip-missing aggregation
exact1000_task_prior.native_median_gold_rank.max,exact1000_task_prior,max,native_median_gold_rank,named record,undefined,,,,,,At least one seed is mathematically undefined; no skip-missing aggregation
exact1000_task_prior.native_median_rank_over_N.0,exact1000_task_prior,0,native_median_rank_over_N,named record,undefined,,,,,,Native bounded-pool rank is undefined
exact1000_task_prior.native_median_rank_over_N.mean,exact1000_task_prior,mean,native_median_rank_over_N,named record,undefined,,,,,,At least one seed is mathematically undefined; no skip-missing aggregation
exact1000_task_prior.native_median_rank_over_N.min,exact1000_task_prior,min,native_median_rank_over_N,named record,undefined,,,,,,At least one seed is mathematically undefined; no skip-missing aggregation
exact1000_task_prior.native_median_rank_over_N.max,exact1000_task_prior,max,native_median_rank_over_N,named record,undefined,,,,,,At least one seed is mathematically undefined; no skip-missing aggregation
exact1000_task_prior.native_vs_random.0,exact1000_task_prior,0,native_vs_random,named record,undefined,,,,,,Native bounded-pool rank is undefined
exact1000_task_prior.native_vs_random.mean,exact1000_task_prior,mean,native_vs_random,named record,undefined,,,,,,At least one seed is mathematically undefined; no skip-missing aggregation
exact1000_task_prior.native_vs_random.min,exact1000_task_prior,min,native_vs_random,named record,undefined,,,,,,At least one seed is mathematically undefined; no skip-missing aggregation
exact1000_task_prior.native_vs_random.max,exact1000_task_prior,max,native_vs_random,named record,undefined,,,,,,At least one seed is mathematically undefined; no skip-missing aggregation
exact1000_task_prior.native_gold_in_first_stage@1000.0,exact1000_task_prior,0,native_gold_in_first_stage@1000,named record,recomputed,,0.5386178861788617,,,,
exact1000_task_prior.native_gold_in_first_stage@1000.mean,exact1000_task_prior,mean,native_gold_in_first_stage@1000,named record,recomputed,,0.4945050958273927,,,,
exact1000_task_prior.native_gold_in_first_stage@1000.min,exact1000_task_prior,min,native_gold_in_first_stage@1000,named record,recomputed,,0.37087378640776697,,,,
exact1000_task_prior.native_gold_in_first_stage@1000.max,exact1000_task_prior,max,native_gold_in_first_stage@1000,named record,recomputed,,0.5740236148955495,,,,
exact1000_task_prior.native_median_gold_rank_if_retrieved.0,exact1000_task_prior,0,native_median_gold_rank_if_retrieved,named record,recomputed,,4.0,,,,
exact1000_task_prior.native_median_gold_rank_if_retrieved.mean,exact1000_task_prior,mean,native_median_gold_rank_if_retrieved,named record,recomputed,,4.333333333333333,,,,
exact1000_task_prior.native_median_gold_rank_if_retrieved.min,exact1000_task_prior,min,native_median_gold_rank_if_retrieved,named record,recomputed,,4.0,,,,
exact1000_task_prior.native_median_gold_rank_if_retrieved.max,exact1000_task_prior,max,native_median_gold_rank_if_retrieved,named record,recomputed,,5.0,,,,
exact1000_task_prior.native_gold_retrieved_query_count.0,exact1000_task_prior,0,native_gold_retrieved_query_count,named record,recomputed,,795,,,,
exact1000_task_prior.native_gold_retrieved_query_count.mean,exact1000_task_prior,mean,native_gold_retrieved_query_count,named record,recomputed,,666.6666666666666,,,,
exact1000_task_prior.native_gold_retrieved_query_count.min,exact1000_task_prior,min,native_gold_retrieved_query_count,named record,recomputed,,573.0,,,,
exact1000_task_prior.native_gold_retrieved_query_count.max,exact1000_task_prior,max,native_gold_retrieved_query_count,named record,recomputed,,795.0,,,,
exact1000_task_prior.native_candidate_universe_N.0,exact1000_task_prior,0,native_candidate_universe_N,named record,recomputed,,3016439,,,,
exact1000_task_prior.native_candidate_universe_N.mean,exact1000_task_prior,mean,native_candidate_universe_N,named record,recomputed,,3016439.0,,,,
exact1000_task_prior.native_candidate_universe_N.min,exact1000_task_prior,min,native_candidate_universe_N,named record,recomputed,,3016439.0,,,,
exact1000_task_prior.native_candidate_universe_N.max,exact1000_task_prior,max,native_candidate_universe_N,named record,recomputed,,3016439.0,,,,
exact1000_task_prior.native_rerank_K.0,exact1000_task_prior,0,native_rerank_K,named record,recomputed,,1000,,,,
exact1000_task_prior.native_rerank_K.mean,exact1000_task_prior,mean,native_rerank_K,named record,recomputed,,1000.0,,,,
exact1000_task_prior.native_rerank_K.min,exact1000_task_prior,min,native_rerank_K,named record,recomputed,,1000.0,,,,
exact1000_task_prior.native_rerank_K.max,exact1000_task_prior,max,native_rerank_K,named record,recomputed,,1000.0,,,,
exact1000_task_prior.native_return_k.0,exact1000_task_prior,0,native_return_k,named record,recomputed,,10,,,,
exact1000_task_prior.native_return_k.mean,exact1000_task_prior,mean,native_return_k,named record,recomputed,,10.0,,,,
exact1000_task_prior.native_return_k.min,exact1000_task_prior,min,native_return_k,named record,recomputed,,10.0,,,,
exact1000_task_prior.native_return_k.max,exact1000_task_prior,max,native_return_k,named record,recomputed,,10.0,,,,
exact1000_task_prior.native_full_fused_top10_in_dense_top1000.0,exact1000_task_prior,0,native_full_fused_top10_in_dense_top1000,named record,recomputed,,0.8815040650406504,,,,
exact1000_task_prior.native_full_fused_top10_in_dense_top1000.mean,exact1000_task_prior,mean,native_full_fused_top10_in_dense_top1000,named record,recomputed,,0.9032511940830633,,,,
exact1000_task_prior.native_full_fused_top10_in_dense_top1000.min,exact1000_task_prior,min,native_full_fused_top10_in_dense_top1000,named record,recomputed,,0.8815040650406504,,,,
exact1000_task_prior.native_full_fused_top10_in_dense_top1000.max,exact1000_task_prior,max,native_full_fused_top10_in_dense_top1000,named record,recomputed,,0.9211650485436893,,,,
hnsw1000_task_prior.native_gold@1.0,hnsw1000_task_prior,0,native_gold@1,named record,recomputed,,0.15853658536585366,,,,
hnsw1000_task_prior.native_gold@1.mean,hnsw1000_task_prior,mean,native_gold@1,named record,recomputed,,0.12750316537847,,,,
hnsw1000_task_prior.native_gold@1.min,hnsw1000_task_prior,min,native_gold@1,named record,recomputed,,0.1022653721682848,,,,
hnsw1000_task_prior.native_gold@1.max,hnsw1000_task_prior,max,native_gold@1,named record,recomputed,,0.15853658536585366,,,,
hnsw1000_task_prior.native_gold@10.0,hnsw1000_task_prior,0,native_gold@10,named record,recomputed,,0.3319783197831978,,,,
hnsw1000_task_prior.native_gold@10.mean,hnsw1000_task_prior,mean,native_gold@10,named record,recomputed,,0.2967679790904238,,,,
hnsw1000_task_prior.native_gold@10.min,hnsw1000_task_prior,min,native_gold@10,named record,recomputed,,0.22135922330097088,,,,
hnsw1000_task_prior.native_gold@10.max,hnsw1000_task_prior,max,native_gold@10,named record,recomputed,,0.3369663941871026,,,,
hnsw1000_task_prior.native_top3@10.0,hnsw1000_task_prior,0,native_top3@10,named record,recomputed,,0.37398373983739835,,,,
hnsw1000_task_prior.native_top3@10.mean,hnsw1000_task_prior,mean,native_top3@10,named record,recomputed,,0.3487981742069742,,,,
hnsw1000_task_prior.native_top3@10.min,hnsw1000_task_prior,min,native_top3@10,named record,recomputed,,0.2627831715210356,,,,
hnsw1000_task_prior.native_top3@10.max,hnsw1000_task_prior,max,native_top3@10,named record,recomputed,,0.40962761126248864,,,,
hnsw1000_task_prior.native_gold-gap@1.0,hnsw1000_task_prior,0,native_gold-gap@1,named record,recomputed,,0.21205962059620595,,,,
hnsw1000_task_prior.native_gold-gap@1.mean,hnsw1000_task_prior,mean,native_gold-gap@1,named record,recomputed,,0.1684158771651295,,,,
hnsw1000_task_prior.native_gold-gap@1.min,hnsw1000_task_prior,min,native_gold-gap@1,named record,recomputed,,0.13333333333333333,,,,
hnsw1000_task_prior.native_gold-gap@1.max,hnsw1000_task_prior,max,native_gold-gap@1,named record,recomputed,,0.21205962059620595,,,,
hnsw1000_task_prior.native_gold-gap@10.0,hnsw1000_task_prior,0,native_gold-gap@10,named record,recomputed,,0.35501355013550134,,,,
hnsw1000_task_prior.native_gold-gap@10.mean,hnsw1000_task_prior,mean,native_gold-gap@10,named record,recomputed,,0.317370797439269,,,,
hnsw1000_task_prior.native_gold-gap@10.min,hnsw1000_task_prior,min,native_gold-gap@10,named record,recomputed,,0.23106796116504855,,,,
hnsw1000_task_prior.native_gold-gap@10.max,hnsw1000_task_prior,max,native_gold-gap@10,named record,recomputed,,0.36603088101725706,,,,
hnsw1000_task_prior.native_root_gold@1.0,hnsw1000_task_prior,0,native_root_gold@1,named record,recomputed,,0.0828879417280182,,,,
hnsw1000_task_prior.native_root_gold@1.mean,hnsw1000_task_prior,mean,native_root_gold@1,named record,recomputed,,0.07696695297608158,,,,
hnsw1000_task_prior.native_root_gold@1.min,hnsw1000_task_prior,min,native_root_gold@1,named record,recomputed,,0.05366128334566873,,,,
hnsw1000_task_prior.native_root_gold@1.max,hnsw1000_task_prior,max,native_root_gold@1,named record,recomputed,,0.09435163385455782,,,,
hnsw1000_task_prior.native_root_gold@10.0,hnsw1000_task_prior,0,native_root_gold@10,named record,recomputed,,0.25154967867799427,,,,
hnsw1000_task_prior.native_root_gold@10.mean,hnsw1000_task_prior,mean,native_root_gold@10,named record,recomputed,,0.25174093459090513,,,,
hnsw1000_task_prior.native_root_gold@10.min,hnsw1000_task_prior,min,native_root_gold@10,named record,recomputed,,0.2470558234677836,,,,
hnsw1000_task_prior.native_root_gold@10.max,hnsw1000_task_prior,max,native_root_gold@10,named record,recomputed,,0.25661730162693747,,,,
hnsw1000_task_prior.native_root_top3@10.0,hnsw1000_task_prior,0,native_root_top3@10,named record,recomputed,,0.31202585242814057,,,,
hnsw1000_task_prior.native_root_top3@10.mean,hnsw1000_task_prior,mean,native_root_top3@10,named record,recomputed,,0.30959373362417236,,,,
hnsw1000_task_prior.native_root_top3@10.min,hnsw1000_task_prior,min,native_root_top3@10,named record,recomputed,,0.30218286143535317,,,,
hnsw1000_task_prior.native_root_top3@10.max,hnsw1000_task_prior,max,native_root_top3@10,named record,recomputed,,0.31457248700902346,,,,
hnsw1000_task_prior.native_root_gold-gap@10.0,hnsw1000_task_prior,0,native_root_gold-gap@10,named record,recomputed,,0.27918949092054623,,,,
hnsw1000_task_prior.native_root_gold-gap@10.mean,hnsw1000_task_prior,mean,native_root_gold-gap@10,named record,recomputed,,0.2770061809967776,,,,
hnsw1000_task_prior.native_root_gold-gap@10.min,hnsw1000_task_prior,min,native_root_gold-gap@10,named record,recomputed,,0.26857856429285,,,,
hnsw1000_task_prior.native_root_gold-gap@10.max,hnsw1000_task_prior,max,native_root_gold-gap@10,named record,recomputed,,0.28325048777693645,,,,
hnsw1000_task_prior.native_n_queries.0,hnsw1000_task_prior,0,native_n_queries,named record,recomputed,,1476,,,,
hnsw1000_task_prior.native_n_queries.mean,hnsw1000_task_prior,mean,native_n_queries,named record,recomputed,,1374.0,,,,
hnsw1000_task_prior.native_n_queries.min,hnsw1000_task_prior,min,native_n_queries,named record,recomputed,,1101.0,,,,
hnsw1000_task_prior.native_n_queries.max,hnsw1000_task_prior,max,native_n_queries,named record,recomputed,,1545.0,,,,
hnsw1000_task_prior.native_n_roots.0,hnsw1000_task_prior,0,native_n_roots,named record,recomputed,,730,,,,
hnsw1000_task_prior.native_n_roots.mean,hnsw1000_task_prior,mean,native_n_roots,named record,recomputed,,566.0,,,,
hnsw1000_task_prior.native_n_roots.min,hnsw1000_task_prior,min,native_n_roots,named record,recomputed,,473.0,,,,
hnsw1000_task_prior.native_n_roots.max,hnsw1000_task_prior,max,native_n_roots,named record,recomputed,,730.0,,,,
hnsw1000_task_prior.native_N.0,hnsw1000_task_prior,0,native_N,named record,recomputed,,1000,,,,
hnsw1000_task_prior.native_N.mean,hnsw1000_task_prior,mean,native_N,named record,recomputed,,1000.0,,,,
hnsw1000_task_prior.native_N.min,hnsw1000_task_prior,min,native_N,named record,recomputed,,1000.0,,,,
hnsw1000_task_prior.native_N.max,hnsw1000_task_prior,max,native_N,named record,recomputed,,1000.0,,,,
hnsw1000_task_prior.native_median_gold_rank.0,hnsw1000_task_prior,0,native_median_gold_rank,named record,undefined,,,,,,Native bounded-pool rank is undefined
hnsw1000_task_prior.native_median_gold_rank.mean,hnsw1000_task_prior,mean,native_median_gold_rank,named record,undefined,,,,,,At least one seed is mathematically undefined; no skip-missing aggregation
hnsw1000_task_prior.native_median_gold_rank.min,hnsw1000_task_prior,min,native_median_gold_rank,named record,undefined,,,,,,At least one seed is mathematically undefined; no skip-missing aggregation
hnsw1000_task_prior.native_median_gold_rank.max,hnsw1000_task_prior,max,native_median_gold_rank,named record,undefined,,,,,,At least one seed is mathematically undefined; no skip-missing aggregation
hnsw1000_task_prior.native_median_rank_over_N.0,hnsw1000_task_prior,0,native_median_rank_over_N,named record,undefined,,,,,,Native bounded-pool rank is undefined
hnsw1000_task_prior.native_median_rank_over_N.mean,hnsw1000_task_prior,mean,native_median_rank_over_N,named record,undefined,,,,,,At least one seed is mathematically undefined; no skip-missing aggregation
hnsw1000_task_prior.native_median_rank_over_N.min,hnsw1000_task_prior,min,native_median_rank_over_N,named record,undefined,,,,,,At least one seed is mathematically undefined; no skip-missing aggregation
hnsw1000_task_prior.native_median_rank_over_N.max,hnsw1000_task_prior,max,native_median_rank_over_N,named record,undefined,,,,,,At least one seed is mathematically undefined; no skip-missing aggregation
hnsw1000_task_prior.native_vs_random.0,hnsw1000_task_prior,0,native_vs_random,named record,undefined,,,,,,Native bounded-pool rank is undefined
hnsw1000_task_prior.native_vs_random.mean,hnsw1000_task_prior,mean,native_vs_random,named record,undefined,,,,,,At least one seed is mathematically undefined; no skip-missing aggregation
hnsw1000_task_prior.native_vs_random.min,hnsw1000_task_prior,min,native_vs_random,named record,undefined,,,,,,At least one seed is mathematically undefined; no skip-missing aggregation
hnsw1000_task_prior.native_vs_random.max,hnsw1000_task_prior,max,native_vs_random,named record,undefined,,,,,,At least one seed is mathematically undefined; no skip-missing aggregation
hnsw1000_task_prior.native_gold_in_first_stage@1000.0,hnsw1000_task_prior,0,native_gold_in_first_stage@1000,named record,recomputed,,0.5392953929539296,,,,
hnsw1000_task_prior.native_gold_in_first_stage@1000.mean,hnsw1000_task_prior,mean,native_gold_in_first_stage@1000,named record,recomputed,,0.494730931419082,,,,
hnsw1000_task_prior.native_gold_in_first_stage@1000.min,hnsw1000_task_prior,min,native_gold_in_first_stage@1000,named record,recomputed,,0.37087378640776697,,,,
hnsw1000_task_prior.native_gold_in_first_stage@1000.max,hnsw1000_task_prior,max,native_gold_in_first_stage@1000,named record,recomputed,,0.5740236148955495,,,,
hnsw1000_task_prior.native_median_gold_rank_if_retrieved.0,hnsw1000_task_prior,0,native_median_gold_rank_if_retrieved,named record,recomputed,,4.0,,,,
hnsw1000_task_prior.native_median_gold_rank_if_retrieved.mean,hnsw1000_task_prior,mean,native_median_gold_rank_if_retrieved,named record,recomputed,,4.333333333333333,,,,
hnsw1000_task_prior.native_median_gold_rank_if_retrieved.min,hnsw1000_task_prior,min,native_median_gold_rank_if_retrieved,named record,recomputed,,4.0,,,,
hnsw1000_task_prior.native_median_gold_rank_if_retrieved.max,hnsw1000_task_prior,max,native_median_gold_rank_if_retrieved,named record,recomputed,,5.0,,,,
hnsw1000_task_prior.native_gold_retrieved_query_count.0,hnsw1000_task_prior,0,native_gold_retrieved_query_count,named record,recomputed,,796,,,,
hnsw1000_task_prior.native_gold_retrieved_query_count.mean,hnsw1000_task_prior,mean,native_gold_retrieved_query_count,named record,recomputed,,667.0,,,,
hnsw1000_task_prior.native_gold_retrieved_query_count.min,hnsw1000_task_prior,min,native_gold_retrieved_query_count,named record,recomputed,,573.0,,,,
hnsw1000_task_prior.native_gold_retrieved_query_count.max,hnsw1000_task_prior,max,native_gold_retrieved_query_count,named record,recomputed,,796.0,,,,
hnsw1000_task_prior.native_candidate_universe_N.0,hnsw1000_task_prior,0,native_candidate_universe_N,named record,recomputed,,3016439,,,,
hnsw1000_task_prior.native_candidate_universe_N.mean,hnsw1000_task_prior,mean,native_candidate_universe_N,named record,recomputed,,3016439.0,,,,
hnsw1000_task_prior.native_candidate_universe_N.min,hnsw1000_task_prior,min,native_candidate_universe_N,named record,recomputed,,3016439.0,,,,
hnsw1000_task_prior.native_candidate_universe_N.max,hnsw1000_task_prior,max,native_candidate_universe_N,named record,recomputed,,3016439.0,,,,
hnsw1000_task_prior.native_rerank_K.0,hnsw1000_task_prior,0,native_rerank_K,named record,recomputed,,1000,,,,
hnsw1000_task_prior.native_rerank_K.mean,hnsw1000_task_prior,mean,native_rerank_K,named record,recomputed,,1000.0,,,,
hnsw1000_task_prior.native_rerank_K.min,hnsw1000_task_prior,min,native_rerank_K,named record,recomputed,,1000.0,,,,
hnsw1000_task_prior.native_rerank_K.max,hnsw1000_task_prior,max,native_rerank_K,named record,recomputed,,1000.0,,,,
hnsw1000_task_prior.native_return_k.0,hnsw1000_task_prior,0,native_return_k,named record,recomputed,,10,,,,
hnsw1000_task_prior.native_return_k.mean,hnsw1000_task_prior,mean,native_return_k,named record,recomputed,,10.0,,,,
hnsw1000_task_prior.native_return_k.min,hnsw1000_task_prior,min,native_return_k,named record,recomputed,,10.0,,,,
hnsw1000_task_prior.native_return_k.max,hnsw1000_task_prior,max,native_return_k,named record,recomputed,,10.0,,,,
exact_full_lake_task_prior.native_gold@1.0,exact_full_lake_task_prior,0,native_gold@1,named record,recomputed,,0.1632791327913279,,,,
exact_full_lake_task_prior.native_gold@1.mean,exact_full_lake_task_prior,mean,native_gold@1,named record,recomputed,,0.13024976851269354,,,,
exact_full_lake_task_prior.native_gold@1.min,exact_full_lake_task_prior,min,native_gold@1,named record,recomputed,,0.10485436893203884,,,,
exact_full_lake_task_prior.native_gold@1.max,exact_full_lake_task_prior,max,native_gold@1,named record,recomputed,,0.1632791327913279,,,,
exact_full_lake_task_prior.native_gold@10.0,exact_full_lake_task_prior,0,native_gold@10,named record,recomputed,,0.3604336043360434,,,,
exact_full_lake_task_prior.native_gold@10.mean,exact_full_lake_task_prior,mean,native_gold@10,named record,recomputed,,0.31739916355099457,,,,
exact_full_lake_task_prior.native_gold@10.min,exact_full_lake_task_prior,min,native_gold@10,named record,recomputed,,0.23754045307443367,,,,
exact_full_lake_task_prior.native_gold@10.max,exact_full_lake_task_prior,max,native_gold@10,named record,recomputed,,0.3604336043360434,,,,
exact_full_lake_task_prior.native_top3@10.0,exact_full_lake_task_prior,0,native_top3@10,named record,recomputed,,0.40176151761517614,,,,
exact_full_lake_task_prior.native_top3@10.mean,exact_full_lake_task_prior,mean,native_top3@10,named record,recomputed,,0.3700247829484635,,,,
exact_full_lake_task_prior.native_top3@10.min,exact_full_lake_task_prior,min,native_top3@10,named record,recomputed,,0.2796116504854369,,,,
exact_full_lake_task_prior.native_top3@10.max,exact_full_lake_task_prior,max,native_top3@10,named record,recomputed,,0.4287011807447775,,,,
exact_full_lake_task_prior.native_gold-gap@1.0,exact_full_lake_task_prior,0,native_gold-gap@1,named record,recomputed,,0.21951219512195122,,,,
exact_full_lake_task_prior.native_gold-gap@1.mean,exact_full_lake_task_prior,mean,native_gold-gap@1,named record,recomputed,,0.17258432746757033,,,,
exact_full_lake_task_prior.native_gold-gap@1.min,exact_full_lake_task_prior,min,native_gold-gap@1,named record,recomputed,,0.13656957928802588,,,,
exact_full_lake_task_prior.native_gold-gap@1.max,exact_full_lake_task_prior,max,native_gold-gap@1,named record,recomputed,,0.21951219512195122,,,,
exact_full_lake_task_prior.native_gold-gap@10.0,exact_full_lake_task_prior,0,native_gold-gap@10,named record,recomputed,,0.38414634146341464,,,,
exact_full_lake_task_prior.native_gold-gap@10.mean,exact_full_lake_task_prior,mean,native_gold-gap@10,named record,recomputed,,0.33960932121424064,,,,
exact_full_lake_task_prior.native_gold-gap@10.min,exact_full_lake_task_prior,min,native_gold-gap@10,named record,recomputed,,0.2504854368932039,,,,
exact_full_lake_task_prior.native_gold-gap@10.max,exact_full_lake_task_prior,max,native_gold-gap@10,named record,recomputed,,0.38419618528610355,,,,
exact_full_lake_task_prior.native_root_gold@1.0,exact_full_lake_task_prior,0,native_root_gold@1,named record,recomputed,,0.08826201970483588,,,,
exact_full_lake_task_prior.native_root_gold@1.mean,exact_full_lake_task_prior,mean,native_root_gold@1,named record,recomputed,,0.07861024044818926,,,,
exact_full_lake_task_prior.native_root_gold@1.min,exact_full_lake_task_prior,min,native_root_gold@1,named record,recomputed,,0.056079020647126956,,,,
exact_full_lake_task_prior.native_root_gold@1.max,exact_full_lake_task_prior,max,native_root_gold@1,named record,recomputed,,0.09148968099260496,,,,
exact_full_lake_task_prior.native_root_gold@10.0,exact_full_lake_task_prior,0,native_root_gold@10,named record,recomputed,,0.28571634534466095,,,,
exact_full_lake_task_prior.native_root_gold@10.mean,exact_full_lake_task_prior,mean,native_root_gold@10,named record,recomputed,,0.2763591298952252,,,,
exact_full_lake_task_prior.native_root_gold@10.min,exact_full_lake_task_prior,min,native_root_gold@10,named record,recomputed,,0.2667041209067787,,,,
exact_full_lake_task_prior.native_root_gold@10.max,exact_full_lake_task_prior,max,native_root_gold@10,named record,recomputed,,0.28571634534466095,,,,
exact_full_lake_task_prior.native_root_top3@10.0,exact_full_lake_task_prior,0,native_root_top3@10,named record,recomputed,,0.34129305022273565,,,,
exact_full_lake_task_prior.native_root_top3@10.mean,exact_full_lake_task_prior,mean,native_root_top3@10,named record,recomputed,,0.334369587494939,,,,
exact_full_lake_task_prior.native_root_top3@10.min,exact_full_lake_task_prior,min,native_root_top3@10,named record,recomputed,,0.324351003370937,,,,
exact_full_lake_task_prior.native_root_top3@10.max,exact_full_lake_task_prior,max,native_root_top3@10,named record,recomputed,,0.34129305022273565,,,,
exact_full_lake_task_prior.native_root_gold-gap@10.0,exact_full_lake_task_prior,0,native_root_gold-gap@10,named record,recomputed,,0.3132929331404268,,,,
exact_full_lake_task_prior.native_root_gold-gap@10.mean,exact_full_lake_task_prior,mean,native_root_gold-gap@10,named record,recomputed,,0.301581652320873,,,,
exact_full_lake_task_prior.native_root_gold-gap@10.min,exact_full_lake_task_prior,min,native_root_gold-gap@10,named record,recomputed,,0.2890971929510135,,,,
exact_full_lake_task_prior.native_root_gold-gap@10.max,exact_full_lake_task_prior,max,native_root_gold-gap@10,named record,recomputed,,0.3132929331404268,,,,
exact_full_lake_task_prior.native_n_queries.0,exact_full_lake_task_prior,0,native_n_queries,named record,recomputed,,1476,,,,
exact_full_lake_task_prior.native_n_queries.mean,exact_full_lake_task_prior,mean,native_n_queries,named record,recomputed,,1374.0,,,,
exact_full_lake_task_prior.native_n_queries.min,exact_full_lake_task_prior,min,native_n_queries,named record,recomputed,,1101.0,,,,
exact_full_lake_task_prior.native_n_queries.max,exact_full_lake_task_prior,max,native_n_queries,named record,recomputed,,1545.0,,,,
exact_full_lake_task_prior.native_n_roots.0,exact_full_lake_task_prior,0,native_n_roots,named record,recomputed,,730,,,,
exact_full_lake_task_prior.native_n_roots.mean,exact_full_lake_task_prior,mean,native_n_roots,named record,recomputed,,566.0,,,,
exact_full_lake_task_prior.native_n_roots.min,exact_full_lake_task_prior,min,native_n_roots,named record,recomputed,,473.0,,,,
exact_full_lake_task_prior.native_n_roots.max,exact_full_lake_task_prior,max,native_n_roots,named record,recomputed,,730.0,,,,
exact_full_lake_task_prior.native_N.0,exact_full_lake_task_prior,0,native_N,named record,recomputed,,3016439,,,,
exact_full_lake_task_prior.native_N.mean,exact_full_lake_task_prior,mean,native_N,named record,recomputed,,3016439.0,,,,
exact_full_lake_task_prior.native_N.min,exact_full_lake_task_prior,min,native_N,named record,recomputed,,3016439.0,,,,
exact_full_lake_task_prior.native_N.max,exact_full_lake_task_prior,max,native_N,named record,recomputed,,3016439.0,,,,
exact_full_lake_task_prior.native_median_gold_rank.0,exact_full_lake_task_prior,0,native_median_gold_rank,named record,recomputed,,101.0,,,,
exact_full_lake_task_prior.native_median_gold_rank.mean,exact_full_lake_task_prior,mean,native_median_gold_rank,named record,recomputed,,1030.6666666666667,,,,
exact_full_lake_task_prior.native_median_gold_rank.min,exact_full_lake_task_prior,min,native_median_gold_rank,named record,recomputed,,70.0,,,,
exact_full_lake_task_prior.native_median_gold_rank.max,exact_full_lake_task_prior,max,native_median_gold_rank,named record,recomputed,,2921.0,,,,
exact_full_lake_task_prior.native_median_rank_over_N.0,exact_full_lake_task_prior,0,native_median_rank_over_N,named record,recomputed,,3.34831899468214e-05,,,,
exact_full_lake_task_prior.native_median_rank_over_N.mean,exact_full_lake_task_prior,mean,native_median_rank_over_N,named record,recomputed,,0.00034168324526591344,,,,
exact_full_lake_task_prior.native_median_rank_over_N.min,exact_full_lake_task_prior,min,native_median_rank_over_N,named record,recomputed,,2.3206171250272258e-05,,,,
exact_full_lake_task_prior.native_median_rank_over_N.max,exact_full_lake_task_prior,max,native_median_rank_over_N,named record,recomputed,,0.0009683603746006466,,,,
exact_full_lake_task_prior.native_vs_random.0,exact_full_lake_task_prior,0,native_vs_random,named record,recomputed,,108722.59810298104,,,,
exact_full_lake_task_prior.native_vs_random.mean,exact_full_lake_task_prior,mean,native_vs_random,named record,recomputed,,95741.52155025986,,,,
exact_full_lake_task_prior.native_vs_random.min,exact_full_lake_task_prior,min,native_vs_random,named record,recomputed,,71652.62867313916,,,,
exact_full_lake_task_prior.native_vs_random.max,exact_full_lake_task_prior,max,native_vs_random,named record,recomputed,,108722.59810298104,,,,
exact1000_task_prior.native_gold@1.1,exact1000_task_prior,1,native_gold@1,named record,recomputed,,0.12170753860127158,,,,
exact1000_task_prior.native_gold@10.1,exact1000_task_prior,1,native_gold@10,named record,recomputed,,0.3369663941871026,,,,
exact1000_task_prior.native_top3@10.1,exact1000_task_prior,1,native_top3@10,named record,recomputed,,0.40962761126248864,,,,
exact1000_task_prior.native_gold-gap@1.1,exact1000_task_prior,1,native_gold-gap@1,named record,recomputed,,0.15985467756584923,,,,
exact1000_task_prior.native_gold-gap@10.1,exact1000_task_prior,1,native_gold-gap@10,named record,recomputed,,0.36603088101725706,,,,
exact1000_task_prior.native_root_gold@1.1,exact1000_task_prior,1,native_root_gold@1,named record,recomputed,,0.09435163385455782,,,,
exact1000_task_prior.native_root_gold@10.1,exact1000_task_prior,1,native_root_gold@10,named record,recomputed,,0.25661730162693747,,,,
exact1000_task_prior.native_root_top3@10.1,exact1000_task_prior,1,native_root_top3@10,named record,recomputed,,0.31457248700902346,,,,
exact1000_task_prior.native_root_gold-gap@10.1,exact1000_task_prior,1,native_root_gold-gap@10,named record,recomputed,,0.28325048777693645,,,,
exact1000_task_prior.native_n_queries.1,exact1000_task_prior,1,native_n_queries,named record,recomputed,,1101,,,,
exact1000_task_prior.native_n_roots.1,exact1000_task_prior,1,native_n_roots,named record,recomputed,,495,,,,
exact1000_task_prior.native_N.1,exact1000_task_prior,1,native_N,named record,recomputed,,1000,,,,
exact1000_task_prior.native_median_gold_rank.1,exact1000_task_prior,1,native_median_gold_rank,named record,undefined,,,,,,Native bounded-pool rank is undefined
exact1000_task_prior.native_median_rank_over_N.1,exact1000_task_prior,1,native_median_rank_over_N,named record,undefined,,,,,,Native bounded-pool rank is undefined
exact1000_task_prior.native_vs_random.1,exact1000_task_prior,1,native_vs_random,named record,undefined,,,,,,Native bounded-pool rank is undefined
exact1000_task_prior.native_gold_in_first_stage@1000.1,exact1000_task_prior,1,native_gold_in_first_stage@1000,named record,recomputed,,0.5740236148955495,,,,
exact1000_task_prior.native_median_gold_rank_if_retrieved.1,exact1000_task_prior,1,native_median_gold_rank_if_retrieved,named record,recomputed,,5.0,,,,
exact1000_task_prior.native_gold_retrieved_query_count.1,exact1000_task_prior,1,native_gold_retrieved_query_count,named record,recomputed,,632,,,,
exact1000_task_prior.native_candidate_universe_N.1,exact1000_task_prior,1,native_candidate_universe_N,named record,recomputed,,3016439,,,,
exact1000_task_prior.native_rerank_K.1,exact1000_task_prior,1,native_rerank_K,named record,recomputed,,1000,,,,
exact1000_task_prior.native_return_k.1,exact1000_task_prior,1,native_return_k,named record,recomputed,,10,,,,
exact1000_task_prior.native_full_fused_top10_in_dense_top1000.1,exact1000_task_prior,1,native_full_fused_top10_in_dense_top1000,named record,recomputed,,0.90708446866485,,,,
hnsw1000_task_prior.native_gold@1.1,hnsw1000_task_prior,1,native_gold@1,named record,recomputed,,0.12170753860127158,,,,
hnsw1000_task_prior.native_gold@10.1,hnsw1000_task_prior,1,native_gold@10,named record,recomputed,,0.3369663941871026,,,,
hnsw1000_task_prior.native_top3@10.1,hnsw1000_task_prior,1,native_top3@10,named record,recomputed,,0.40962761126248864,,,,
hnsw1000_task_prior.native_gold-gap@1.1,hnsw1000_task_prior,1,native_gold-gap@1,named record,recomputed,,0.15985467756584923,,,,
hnsw1000_task_prior.native_gold-gap@10.1,hnsw1000_task_prior,1,native_gold-gap@10,named record,recomputed,,0.36603088101725706,,,,
hnsw1000_task_prior.native_root_gold@1.1,hnsw1000_task_prior,1,native_root_gold@1,named record,recomputed,,0.09435163385455782,,,,
hnsw1000_task_prior.native_root_gold@10.1,hnsw1000_task_prior,1,native_root_gold@10,named record,recomputed,,0.25661730162693747,,,,
hnsw1000_task_prior.native_root_top3@10.1,hnsw1000_task_prior,1,native_root_top3@10,named record,recomputed,,0.31457248700902346,,,,
hnsw1000_task_prior.native_root_gold-gap@10.1,hnsw1000_task_prior,1,native_root_gold-gap@10,named record,recomputed,,0.28325048777693645,,,,
hnsw1000_task_prior.native_n_queries.1,hnsw1000_task_prior,1,native_n_queries,named record,recomputed,,1101,,,,
hnsw1000_task_prior.native_n_roots.1,hnsw1000_task_prior,1,native_n_roots,named record,recomputed,,495,,,,
hnsw1000_task_prior.native_N.1,hnsw1000_task_prior,1,native_N,named record,recomputed,,1000,,,,
hnsw1000_task_prior.native_median_gold_rank.1,hnsw1000_task_prior,1,native_median_gold_rank,named record,undefined,,,,,,Native bounded-pool rank is undefined
hnsw1000_task_prior.native_median_rank_over_N.1,hnsw1000_task_prior,1,native_median_rank_over_N,named record,undefined,,,,,,Native bounded-pool rank is undefined
hnsw1000_task_prior.native_vs_random.1,hnsw1000_task_prior,1,native_vs_random,named record,undefined,,,,,,Native bounded-pool rank is undefined
hnsw1000_task_prior.native_gold_in_first_stage@1000.1,hnsw1000_task_prior,1,native_gold_in_first_stage@1000,named record,recomputed,,0.5740236148955495,,,,
hnsw1000_task_prior.native_median_gold_rank_if_retrieved.1,hnsw1000_task_prior,1,native_median_gold_rank_if_retrieved,named record,recomputed,,5.0,,,,
hnsw1000_task_prior.native_gold_retrieved_query_count.1,hnsw1000_task_prior,1,native_gold_retrieved_query_count,named record,recomputed,,632,,,,
hnsw1000_task_prior.native_candidate_universe_N.1,hnsw1000_task_prior,1,native_candidate_universe_N,named record,recomputed,,3016439,,,,
hnsw1000_task_prior.native_rerank_K.1,hnsw1000_task_prior,1,native_rerank_K,named record,recomputed,,1000,,,,
hnsw1000_task_prior.native_return_k.1,hnsw1000_task_prior,1,native_return_k,named record,recomputed,,10,,,,
exact_full_lake_task_prior.native_gold@1.1,exact_full_lake_task_prior,1,native_gold@1,named record,recomputed,,0.1226158038147139,,,,
exact_full_lake_task_prior.native_gold@10.1,exact_full_lake_task_prior,1,native_gold@10,named record,recomputed,,0.3542234332425068,,,,
exact_full_lake_task_prior.native_top3@10.1,exact_full_lake_task_prior,1,native_top3@10,named record,recomputed,,0.4287011807447775,,,,
exact_full_lake_task_prior.native_gold-gap@1.1,exact_full_lake_task_prior,1,native_gold-gap@1,named record,recomputed,,0.16167120799273388,,,,
exact_full_lake_task_prior.native_gold-gap@10.1,exact_full_lake_task_prior,1,native_gold-gap@10,named record,recomputed,,0.38419618528610355,,,,
exact_full_lake_task_prior.native_root_gold@1.1,exact_full_lake_task_prior,1,native_root_gold@1,named record,recomputed,,0.09148968099260496,,,,
exact_full_lake_task_prior.native_root_gold@10.1,exact_full_lake_task_prior,1,native_root_gold@10,named record,recomputed,,0.276656923434236,,,,
exact_full_lake_task_prior.native_root_top3@10.1,exact_full_lake_task_prior,1,native_root_top3@10,named record,recomputed,,0.3374647088911443,,,,
exact_full_lake_task_prior.native_root_gold-gap@10.1,exact_full_lake_task_prior,1,native_root_gold-gap@10,named record,recomputed,,0.30235483087117854,,,,
exact_full_lake_task_prior.native_n_queries.1,exact_full_lake_task_prior,1,native_n_queries,named record,recomputed,,1101,,,,
exact_full_lake_task_prior.native_n_roots.1,exact_full_lake_task_prior,1,native_n_roots,named record,recomputed,,495,,,,
exact_full_lake_task_prior.native_N.1,exact_full_lake_task_prior,1,native_N,named record,recomputed,,3016439,,,,
exact_full_lake_task_prior.native_median_gold_rank.1,exact_full_lake_task_prior,1,native_median_gold_rank,named record,recomputed,,70.0,,,,
exact_full_lake_task_prior.native_median_rank_over_N.1,exact_full_lake_task_prior,1,native_median_rank_over_N,named record,recomputed,,2.3206171250272258e-05,,,,
exact_full_lake_task_prior.native_vs_random.1,exact_full_lake_task_prior,1,native_vs_random,named record,recomputed,,106849.3378746594,,,,
exact1000_task_prior.native_gold@1.2,exact1000_task_prior,2,native_gold@1,named record,recomputed,,0.1022653721682848,,,,
exact1000_task_prior.native_gold@10.2,exact1000_task_prior,2,native_gold@10,named record,recomputed,,0.22135922330097088,,,,
exact1000_task_prior.native_top3@10.2,exact1000_task_prior,2,native_top3@10,named record,recomputed,,0.2634304207119741,,,,
exact1000_task_prior.native_gold-gap@1.2,exact1000_task_prior,2,native_gold-gap@1,named record,recomputed,,0.13333333333333333,,,,
exact1000_task_prior.native_gold-gap@10.2,exact1000_task_prior,2,native_gold-gap@10,named record,recomputed,,0.23106796116504855,,,,
exact1000_task_prior.native_root_gold@1.2,exact1000_task_prior,2,native_root_gold@1,named record,recomputed,,0.05366128334566873,,,,
exact1000_task_prior.native_root_gold@10.2,exact1000_task_prior,2,native_root_gold@10,named record,recomputed,,0.2470558234677836,,,,
exact1000_task_prior.native_root_top3@10.2,exact1000_task_prior,2,native_root_top3@10,named record,recomputed,,0.3022251447334504,,,,
exact1000_task_prior.native_root_gold-gap@10.2,exact1000_task_prior,2,native_root_gold-gap@10,named record,recomputed,,0.26857856429285,,,,
exact1000_task_prior.native_n_queries.2,exact1000_task_prior,2,native_n_queries,named record,recomputed,,1545,,,,
exact1000_task_prior.native_n_roots.2,exact1000_task_prior,2,native_n_roots,named record,recomputed,,473,,,,
exact1000_task_prior.native_N.2,exact1000_task_prior,2,native_N,named record,recomputed,,1000,,,,
exact1000_task_prior.native_median_gold_rank.2,exact1000_task_prior,2,native_median_gold_rank,named record,undefined,,,,,,Native bounded-pool rank is undefined
exact1000_task_prior.native_median_rank_over_N.2,exact1000_task_prior,2,native_median_rank_over_N,named record,undefined,,,,,,Native bounded-pool rank is undefined
exact1000_task_prior.native_vs_random.2,exact1000_task_prior,2,native_vs_random,named record,undefined,,,,,,Native bounded-pool rank is undefined
exact1000_task_prior.native_gold_in_first_stage@1000.2,exact1000_task_prior,2,native_gold_in_first_stage@1000,named record,recomputed,,0.37087378640776697,,,,
exact1000_task_prior.native_median_gold_rank_if_retrieved.2,exact1000_task_prior,2,native_median_gold_rank_if_retrieved,named record,recomputed,,4.0,,,,
exact1000_task_prior.native_gold_retrieved_query_count.2,exact1000_task_prior,2,native_gold_retrieved_query_count,named record,recomputed,,573,,,,
exact1000_task_prior.native_candidate_universe_N.2,exact1000_task_prior,2,native_candidate_universe_N,named record,recomputed,,3016439,,,,
exact1000_task_prior.native_rerank_K.2,exact1000_task_prior,2,native_rerank_K,named record,recomputed,,1000,,,,
exact1000_task_prior.native_return_k.2,exact1000_task_prior,2,native_return_k,named record,recomputed,,10,,,,
exact1000_task_prior.native_full_fused_top10_in_dense_top1000.2,exact1000_task_prior,2,native_full_fused_top10_in_dense_top1000,named record,recomputed,,0.9211650485436893,,,,
hnsw1000_task_prior.native_gold@1.2,hnsw1000_task_prior,2,native_gold@1,named record,recomputed,,0.1022653721682848,,,,
hnsw1000_task_prior.native_gold@10.2,hnsw1000_task_prior,2,native_gold@10,named record,recomputed,,0.22135922330097088,,,,
hnsw1000_task_prior.native_top3@10.2,hnsw1000_task_prior,2,native_top3@10,named record,recomputed,,0.2627831715210356,,,,
hnsw1000_task_prior.native_gold-gap@1.2,hnsw1000_task_prior,2,native_gold-gap@1,named record,recomputed,,0.13333333333333333,,,,
hnsw1000_task_prior.native_gold-gap@10.2,hnsw1000_task_prior,2,native_gold-gap@10,named record,recomputed,,0.23106796116504855,,,,
hnsw1000_task_prior.native_root_gold@1.2,hnsw1000_task_prior,2,native_root_gold@1,named record,recomputed,,0.05366128334566873,,,,
hnsw1000_task_prior.native_root_gold@10.2,hnsw1000_task_prior,2,native_root_gold@10,named record,recomputed,,0.2470558234677836,,,,
hnsw1000_task_prior.native_root_top3@10.2,hnsw1000_task_prior,2,native_root_top3@10,named record,recomputed,,0.30218286143535317,,,,
hnsw1000_task_prior.native_root_gold-gap@10.2,hnsw1000_task_prior,2,native_root_gold-gap@10,named record,recomputed,,0.26857856429285,,,,
hnsw1000_task_prior.native_n_queries.2,hnsw1000_task_prior,2,native_n_queries,named record,recomputed,,1545,,,,
hnsw1000_task_prior.native_n_roots.2,hnsw1000_task_prior,2,native_n_roots,named record,recomputed,,473,,,,
hnsw1000_task_prior.native_N.2,hnsw1000_task_prior,2,native_N,named record,recomputed,,1000,,,,
hnsw1000_task_prior.native_median_gold_rank.2,hnsw1000_task_prior,2,native_median_gold_rank,named record,undefined,,,,,,Native bounded-pool rank is undefined
hnsw1000_task_prior.native_median_rank_over_N.2,hnsw1000_task_prior,2,native_median_rank_over_N,named record,undefined,,,,,,Native bounded-pool rank is undefined
hnsw1000_task_prior.native_vs_random.2,hnsw1000_task_prior,2,native_vs_random,named record,undefined,,,,,,Native bounded-pool rank is undefined
hnsw1000_task_prior.native_gold_in_first_stage@1000.2,hnsw1000_task_prior,2,native_gold_in_first_stage@1000,named record,recomputed,,0.37087378640776697,,,,
hnsw1000_task_prior.native_median_gold_rank_if_retrieved.2,hnsw1000_task_prior,2,native_median_gold_rank_if_retrieved,named record,recomputed,,4.0,,,,
hnsw1000_task_prior.native_gold_retrieved_query_count.2,hnsw1000_task_prior,2,native_gold_retrieved_query_count,named record,recomputed,,573,,,,
hnsw1000_task_prior.native_candidate_universe_N.2,hnsw1000_task_prior,2,native_candidate_universe_N,named record,recomputed,,3016439,,,,
hnsw1000_task_prior.native_rerank_K.2,hnsw1000_task_prior,2,native_rerank_K,named record,recomputed,,1000,,,,
hnsw1000_task_prior.native_return_k.2,hnsw1000_task_prior,2,native_return_k,named record,recomputed,,10,,,,
exact_full_lake_task_prior.native_gold@1.2,exact_full_lake_task_prior,2,native_gold@1,named record,recomputed,,0.10485436893203884,,,,
exact_full_lake_task_prior.native_gold@10.2,exact_full_lake_task_prior,2,native_gold@10,named record,recomputed,,0.23754045307443367,,,,
exact_full_lake_task_prior.native_top3@10.2,exact_full_lake_task_prior,2,native_top3@10,named record,recomputed,,0.2796116504854369,,,,
exact_full_lake_task_prior.native_gold-gap@1.2,exact_full_lake_task_prior,2,native_gold-gap@1,named record,recomputed,,0.13656957928802588,,,,
exact_full_lake_task_prior.native_gold-gap@10.2,exact_full_lake_task_prior,2,native_gold-gap@10,named record,recomputed,,0.2504854368932039,,,,
exact_full_lake_task_prior.native_root_gold@1.2,exact_full_lake_task_prior,2,native_root_gold@1,named record,recomputed,,0.056079020647126956,,,,
exact_full_lake_task_prior.native_root_gold@10.2,exact_full_lake_task_prior,2,native_root_gold@10,named record,recomputed,,0.2667041209067787,,,,
exact_full_lake_task_prior.native_root_top3@10.2,exact_full_lake_task_prior,2,native_root_top3@10,named record,recomputed,,0.324351003370937,,,,
exact_full_lake_task_prior.native_root_gold-gap@10.2,exact_full_lake_task_prior,2,native_root_gold-gap@10,named record,recomputed,,0.2890971929510135,,,,
exact_full_lake_task_prior.native_n_queries.2,exact_full_lake_task_prior,2,native_n_queries,named record,recomputed,,1545,,,,
exact_full_lake_task_prior.native_n_roots.2,exact_full_lake_task_prior,2,native_n_roots,named record,recomputed,,473,,,,
exact_full_lake_task_prior.native_N.2,exact_full_lake_task_prior,2,native_N,named record,recomputed,,3016439,,,,
exact_full_lake_task_prior.native_median_gold_rank.2,exact_full_lake_task_prior,2,native_median_gold_rank,named record,recomputed,,2921.0,,,,
exact_full_lake_task_prior.native_median_rank_over_N.2,exact_full_lake_task_prior,2,native_median_rank_over_N,named record,recomputed,,0.0009683603746006466,,,,
exact_full_lake_task_prior.native_vs_random.2,exact_full_lake_task_prior,2,native_vs_random,named record,recomputed,,71652.62867313916,,,,
training_records.native_epoch_contrast.0,training_records,0,native_epoch_contrast,25 epoch records,recomputed,,"[5.483843924952488, 5.3685597531935745, 5.1433680478264305, 4.769770771849389, 4.492325614480412, 4.30907241970885, 4.265067147273643, 4.1904709572885555, 4.116072636024625, 4.063076725193098, 4.0283846621419865, 3.9973127514708278, 3.9719620311961457, 3.9294967230628517, 3.9145564939461504, 3.8778219971002317, 3.8685032339657055, 3.8530162315742644, 3.8344020563013412, 3.8190083877713072, 3.79672656807245, 3.780975341796875, 3.7705609284195245, 3.764905466752894, 3.7487324452867696]",,,,
training_records.native_epoch_contrast.mean,training_records,mean,native_epoch_contrast,25 epoch records,recomputed,,"[5.484124547007681, 5.34209356026136, 5.023890879181984, 4.67954200145432, 4.426184900039365, 4.261363521696797, 4.180650908623814, 4.105818580822295, 4.046175053459096, 3.9832125340513493, 3.9542988362926152, 3.9316500199725257, 3.8925643037347233, 3.8593934988494483, 3.8408355005223087, 3.8163245006459925, 3.81195227233955, 3.7974256624312317, 3.777480390336778, 3.7674662558048007, 3.759991023343339, 3.738574684665568, 3.730028174722286, 3.722474307050485, 3.7082095446319667]",,,,
training_records.native_epoch_global.0,training_records,0,native_epoch_global,25 epoch records,recomputed,,"[16.623089996038697, 15.033534910164628, 13.9128012750663, 13.397321121365417, 12.873485097698136, 12.570555612152697, 12.342730540855259, 12.120197146546607, 11.999142422395593, 11.868562361773323, 11.78486104105033, 11.730684429991479, 11.681970222323548, 11.651985673343434, 11.504906261668486, 11.505418122983446, 11.406626589158002, 11.418125171287388, 11.371916247349159, 11.266831098818312, 11.291801882725135, 11.232941814497405, 11.18609043196136, 11.194195429484049, 11.210791961819519]",,,,
training_records.native_epoch_global.mean,training_records,mean,native_epoch_global,25 epoch records,recomputed,,"[16.782413835517378, 15.409259528793982, 14.125237509620973, 13.481303861514519, 13.013824764115121, 12.703227825414123, 12.483340158080404, 12.293314917787432, 12.144470054678498, 12.03048010270817, 11.93713170555919, 11.81458470210937, 11.866417038200185, 11.755684300287434, 11.67325126870717, 11.615370180905629, 11.608489718007647, 11.557947603265275, 11.552060313575746, 11.45405897819105, 11.42737766598124, 11.394798725699458, 11.367317349167498, 11.386599474991206, 11.371143370197727]",,,,
training_records.native_epoch_rank.0,training_records,0,native_epoch_rank,25 epoch records,recomputed,,"[0.9471790019203635, 0.890787193588182, 0.7775735457738241, 0.7406680560579487, 0.7505860059869056, 0.7356470975221372, 0.6997746229171753, 0.68306085116723, 0.6763605580610388, 0.6673369244033215, 0.6600012323435616, 0.6521966492428499, 0.621024407008115, 0.6423937152413761, 0.6282056698612138, 0.6388117752823175, 0.6177738238783443, 0.609276748755399, 0.6210864028509926, 0.6044807954161775, 0.5931586518007166, 0.5923459757776821, 0.5998419610893025, 0.5816922333894992, 0.5768575048914143]",,,,
training_records.native_epoch_rank.mean,training_records,mean,native_epoch_rank,25 epoch records,recomputed,,"[0.9630666112876067, 0.8614021139952498, 0.7887152720324253, 0.7726499076914672, 0.7344079688805415, 0.7199446090448643, 0.6928694577769617, 0.6840886580026023, 0.6681558496998128, 0.6646952405084972, 0.6439965231855947, 0.6427740385185828, 0.6268891105727399, 0.6310855081666427, 0.6278382170671223, 0.6255456367806638, 0.6205170924867138, 0.6065844116935204, 0.6124206187966265, 0.6046232787950976, 0.5943170047366982, 0.5809485145033879, 0.5878105586303097, 0.5874388002432962, 0.5805886669503114]",,,,
training_records.native_epoch_total.0,training_records,0,native_epoch_total,25 epoch records,recomputed,,"[23.054112901874618, 21.29288194693771, 19.83374292710248, 18.907760096531288, 18.11639669829724, 17.61527510250316, 17.30757215911267, 16.993729161281212, 16.791575674917183, 16.598976097854912, 16.47324696709128, 16.380193803824632, 16.27495677798402, 16.223876242544137, 16.04766828873578, 16.022051904715745, 15.892903701931823, 15.880418122983446, 15.827404714098163, 15.690320145850087, 15.681687130647546, 15.606263179405063, 15.556493291667863, 15.540793082293343, 15.536381814994064]",,,,
training_records.native_epoch_total.mean,training_records,mean,native_epoch_total,25 epoch records,recomputed,,"[23.229604996412647, 21.61275518628202, 19.937843644439443, 18.93349586247246, 18.174417644510488, 17.684535926836194, 17.356860482784185, 17.08322222336479, 16.85880099348332, 16.678387882561125, 16.535427076974422, 16.389008771089305, 16.38587044653279, 16.246163326625492, 16.14192489833783, 16.05724034657631, 16.040959114173354, 15.961957672435679, 15.941961225713984, 15.826148469463673, 15.781685734310079, 15.714321955322845, 15.685156061893906, 15.69651256511414, 15.659941600377872]",,,,
training_records.native_epoch_contrast.1,training_records,1,native_epoch_contrast,25 epoch records,recomputed,,"[5.482948452818627, 5.291289815715715, 4.877833553389007, 4.521643517064113, 4.314055311913584, 4.194382985432942, 4.111161073048909, 4.040256383372288, 3.9858781917422426, 3.9149491646710564, 3.9005399545033774, 3.8854283211277982, 3.8382335550644817, 3.8071918721292533, 3.7929876879149793, 3.773439173604928, 3.785893033532535, 3.7781800242031323, 3.760416138405893, 3.743932326634725, 3.757715851652856, 3.734387107923919, 3.7256081197776045, 3.7144772445454315, 3.711298044990091]",,,,
training_records.native_epoch_global.1,training_records,1,native_epoch_global,25 epoch records,recomputed,,"[16.861732838200588, 15.462947116178626, 14.12415999992221, 13.382257555045333, 12.88875233893301, 12.592610396590887, 12.483441951228123, 12.277355212791294, 12.1064333635218, 12.088375203749713, 11.965283057268929, 11.831177243999406, 11.855391782872816, 11.730520491506539, 11.69429038552677, 11.643713539721919, 11.647798725202971, 11.55811321034151, 11.619057804930444, 11.557874997456869, 11.467398793089624, 11.447949858272777, 11.47139674541997, 11.511101947111243, 11.507290615754968]",,,,
training_records.native_epoch_rank.1,training_records,1,native_epoch_rank,25 epoch records,recomputed,,"[0.98905402655695, 0.8815210075939403, 0.8263457405800912, 0.8150642736285341, 0.747542701515497, 0.7236077808866314, 0.7145564579496196, 0.713580717643102, 0.6765590602276372, 0.6920054940616384, 0.65999163015216, 0.6724538540138918, 0.6534274898323358, 0.655590364746019, 0.664190785557616, 0.6567827533273136, 0.6642758279454475, 0.6326892399320415, 0.6406110729656967, 0.6494543821203942, 0.6211662754124286, 0.6149413673316731, 0.6166302906531914, 0.6179022689660391, 0.6115212855385799]",,,,
training_records.native_epoch_total.1,training_records,1,native_epoch_total,25 epoch records,recomputed,,"[23.33373540990493, 21.635757895076978, 19.828339258829754, 18.71896541819853, 17.950350293926164, 17.510601081100166, 17.309159372367112, 17.031192255955116, 16.768870634191178, 16.695329927930644, 16.525814692179363, 16.389059347264908, 16.347052779852174, 16.193302678126916, 16.151468669666965, 16.073935452629538, 16.097967596615064, 15.968982490838743, 16.020084848590926, 15.9512617447797, 15.846281032936245, 15.797278292038861, 15.813635152928969, 15.843481475231695, 15.830109988941865]",,,,
training_records.native_epoch_contrast.2,training_records,2,native_epoch_contrast,25 epoch records,recomputed,,"[5.485581263251927, 5.366431111874788, 5.050471036330514, 4.747211715449458, 4.4721737737241, 4.280635159948598, 4.165724505548892, 4.0867284018060435, 4.036574332610421, 3.971611712289893, 3.9339718922324804, 3.912208987318951, 3.8674973249435425, 3.841491901356241, 3.8149623197057974, 3.7977123312328174, 3.7814605495204097, 3.761080731516299, 3.7376229763031006, 3.7394580530083696, 3.7255306503047114, 3.7003616042759107, 3.693915475969729, 3.688040209853131, 3.6645981436190396]",,,,
training_records.native_epoch_global.2,training_records,2,native_epoch_global,25 epoch records,recomputed,,"[16.86241867231286, 15.731296560038691, 14.338751253874406, 13.664332908132803, 13.279236855714217, 12.94651746749878, 12.623847982157832, 12.482392394024393, 12.3278343781181, 12.134502742601478, 12.061251018358314, 11.881892432337223, 12.061889109404191, 11.884546736012334, 11.82055715892626, 11.696978880011518, 11.77104383966197, 11.697604428166928, 11.665206888447637, 11.537470838297969, 11.522932322128959, 11.50350450432819, 11.444464870121168, 11.454501048378322, 11.395347533018693]",,,,
training_records.native_epoch_rank.2,training_records,2,native_epoch_rank,25 epoch records,recomputed,,"[0.9529668053855067, 0.8118981408036273, 0.7622265297433605, 0.7622173933879189, 0.7050951991392218, 0.7005789487258248, 0.6642772924640904, 0.6556244051974752, 0.6515479308107625, 0.6347433030605316, 0.6119967070610627, 0.6036716122990069, 0.6062154348777689, 0.5952724445125331, 0.591118195782537, 0.5810423817323602, 0.5795016256363495, 0.5777872463931208, 0.5755643805731898, 0.5599346588487211, 0.5686260869969493, 0.5355582004008086, 0.5469594241484351, 0.5627218983743502, 0.5533872104209402]",,,,
training_records.native_epoch_total.2,training_records,2,native_epoch_total,25 epoch records,recomputed,,"[23.30096667745839, 21.909625716831375, 20.1514487473861, 19.173762072687563, 18.456505941308063, 17.927731596905254, 17.45384991687277, 17.22474525285804, 17.015956671341605, 16.74085762189782, 16.60721957165262, 16.39777316217837, 16.535601781762164, 16.321311059205428, 16.226637736610744, 16.07573368238366, 16.132006043973178, 16.036472403484844, 15.97839411445286, 15.83686351776123, 15.817089039346445, 15.739424394524615, 15.685339741084887, 15.705263137817383, 15.61333299719769]",,,,
