unique_model_id,mappedID,task_raw,source,task,task_id
tomaarsen/span-marker-bert-base-uncased-acronyms,0,token-classification,pipeline_tag,token-classification,7
tomaarsen/span-marker-bert-base-acronyms,1,token-classification,pipeline_tag,token-classification,7
deepset/roberta-base-squad2,2,question-answering,pipeline_tag,question-answering,3
deepset/bert-large-uncased-whole-word-masking-squad2,3,question-answering,pipeline_tag,question-answering,3
deepset/tinyroberta-squad2,4,question-answering,pipeline_tag,question-answering,3
deepset/deberta-v3-large-squad2,5,question-answering,pipeline_tag,question-answering,3
deepset/deberta-v3-base-squad2,6,question-answering,pipeline_tag,question-answering,3
deepset/roberta-base-squad2-distilled,7,question-answering,pipeline_tag,question-answering,3
sjrhuschlee/flan-t5-base-squad2,8,question-answering,pipeline_tag,question-answering,3
deepset/electra-base-squad2,9,question-answering,pipeline_tag,question-answering,3
deepset/roberta-large-squad2,10,question-answering,pipeline_tag,question-answering,3
sjrhuschlee/flan-t5-large-squad2,11,question-answering,pipeline_tag,question-answering,3
sjrhuschlee/deberta-v3-base-squad2-ext-v1,12,question-answering,pipeline_tag,question-answering,3
onnx-community/tinyroberta-squad2-ONNX,13,question-answering,pipeline_tag,question-answering,3
deepset/flan-t5-xl-squad2,14,question-answering,pipeline_tag,question-answering,3
sjrhuschlee/deberta-v3-large-squad2,15,question-answering,pipeline_tag,question-answering,3
sjrhuschlee/deberta-v3-base-squad2,16,question-answering,pipeline_tag,question-answering,3
nbroad/rob-base-gc1,17,question-answering,pipeline_tag,question-answering,3
nbroad/rob-base-superqa2,18,question-answering,pipeline_tag,question-answering,3
nbroad/rob-base-superqa1,19,question-answering,pipeline_tag,question-answering,3
mbartolo/roberta-large-synqa,20,question-answering,pipeline_tag,question-answering,3
mbartolo/roberta-large-synqa-ext,21,question-answering,pipeline_tag,question-answering,3
sergeyzh/rubert-tiny-turbo,22,sentence-similarity,pipeline_tag,sentence-similarity,4
Snowflake/snowflake-arctic-embed-m,23,sentence-similarity,pipeline_tag,sentence-similarity,4
Snowflake/snowflake-arctic-embed-xs,24,sentence-similarity,pipeline_tag,sentence-similarity,4
Snowflake/snowflake-arctic-embed-m-long,25,sentence-similarity,pipeline_tag,sentence-similarity,4
Snowflake/snowflake-arctic-embed-s,26,sentence-similarity,pipeline_tag,sentence-similarity,4
Snowflake/snowflake-arctic-embed-l,27,sentence-similarity,pipeline_tag,sentence-similarity,4
Kaylebor/pf2e-codex-embed-xs,28,sentence-similarity,pipeline_tag,sentence-similarity,4
masked-kunsiquat/snowflake-arctic-embed-xs-2,29,sentence-similarity,pipeline_tag,sentence-similarity,4
fabriceyhc/bert-base-uncased-ag_news,30,text-classification,pipeline_tag,text-classification,5
YuvarajK-g25ait2054/ag-news-distilbert,31,text-classification,pipeline_tag,text-classification,5
mrm8488/bert-mini-finetuned-age_news-classification,32,text-classification,pipeline_tag,text-classification,5
Alfiob12/agnews-bert,33,text-classification,pipeline_tag,text-classification,5
zanesmit29/founder-deberta-agnews-v1,34,text-classification,pipeline_tag,text-classification,5
Akirami/distillbert-uncased-ag-news,35,text-classification,pipeline_tag,text-classification,5
martian786/agnews-roberta-seed42-fulltext-1pct,36,text-classification,pipeline_tag,text-classification,5
nabeelshan/distilbert-finetuned-agnews,37,text-classification,pipeline_tag,text-classification,5
kenhktsui/setfit_test_ag_news_syn,38,text-classification,pipeline_tag,text-classification,5
shed-e/ag_news-Classification,39,text-classification,pipeline_tag,text-classification,5
Alesteba/clasificador-news,40,text-classification,pipeline_tag,text-classification,5
Alesteba/deep_model_09_clasificador-news-2,41,text-classification,pipeline_tag,text-classification,5
JohnHwang/news_classification,42,text-classification,pipeline_tag,text-classification,5
genaibook/classifier-chapter4,43,text-classification,pipeline_tag,text-classification,5
kenhktsui/setfit_test_ag_news,44,text-classification,pipeline_tag,text-classification,5
martian786/agnews-roberta-seed42-fulltext-100pct,45,text-classification,pipeline_tag,text-classification,5
martian786/agnews-roberta-seed42-fulltext-10pct,46,text-classification,pipeline_tag,text-classification,5
martian786/agnews-roberta-seed42-fulltext-50pct,47,text-classification,pipeline_tag,text-classification,5
mosesju/distilbert-base-uncased-finetuned-news,48,text-classification,pipeline_tag,text-classification,5
osanseviero/trainer-chapter3,49,text-classification,pipeline_tag,text-classification,5
HarleyCooper/nanochat561,50,text-generation,pipeline_tag,text-generation,6
amir7d0/distilbert-base-uncased-finetuned-amazon-reviews,51,text-classification,pipeline_tag,text-classification,5
HIT-TMG/KaLM-embedding-multilingual-mini-v1,52,sentence-similarity,pipeline_tag,sentence-similarity,4
HIT-TMG/KaLM-embedding-multilingual-mini-instruct-v1.5,53,sentence-similarity,pipeline_tag,sentence-similarity,4
jinaai/jina-embeddings-v3-hf,54,feature-extraction,pipeline_tag,feature-extraction,1
HIT-TMG/KaLM-embedding-multilingual-mini-instruct-v1,55,sentence-similarity,pipeline_tag,sentence-similarity,4
koble-ai/jina-embeddings-v3,56,feature-extraction,pipeline_tag,feature-extraction,1
vaidehiBhamare/jina1,57,feature-extraction,pipeline_tag,feature-extraction,1
kojeomstudio/jina-embedding-v3-game,58,feature-extraction,pipeline_tag,feature-extraction,1
tomaarsen/jina-embeddings-v3-hf,59,feature-extraction,pipeline_tag,feature-extraction,1
Gidigi/gidigi_79c07173_0003,60,sentence-similarity,pipeline_tag,sentence-similarity,4
ISOISS/jina-embeddings-v3-tei,61,feature-extraction,pipeline_tag,feature-extraction,1
LuminaInc/jina-embeddings-v3,62,feature-extraction,pipeline_tag,feature-extraction,1
intfloat/multilingual-e5-small,63,sentence-similarity,pipeline_tag,sentence-similarity,4
MintplexLabs/multilingual-e5-small,64,sentence-similarity,pipeline_tag,sentence-similarity,4
shannondata/multilingual-e5-small,65,sentence-similarity,pipeline_tag,sentence-similarity,4
mihaylovnikitos/multilingual-e5-small-softenginer,66,sentence-similarity,pipeline_tag,sentence-similarity,4
Malcolmdenis/multilingual-e5-small,67,sentence-similarity,pipeline_tag,sentence-similarity,4
nilay-sam-23/multilingual-e5-small-onnx,68,sentence-similarity,pipeline_tag,sentence-similarity,4
inboxpraveen/multilingual-e5-small,69,sentence-similarity,pipeline_tag,sentence-similarity,4
DLCorso/multilingual-e5-small,70,sentence-similarity,pipeline_tag,sentence-similarity,4
Karmukilan/multilingual-e5-small,71,sentence-similarity,pipeline_tag,sentence-similarity,4
Hisham480/multilingual-e5-small,72,sentence-similarity,pipeline_tag,sentence-similarity,4
mikelalda/multilingual-e5-small,73,sentence-similarity,pipeline_tag,sentence-similarity,4
Marqo/multilingual-e5-small,74,sentence-similarity,pipeline_tag,sentence-similarity,4
deepfile/multilingual-e5-small-openvino,75,sentence-similarity,pipeline_tag,sentence-similarity,4
Hostage928/multilingual-e5-small,76,sentence-similarity,pipeline_tag,sentence-similarity,4
Alibaba-NLP/gte-multilingual-base,77,sentence-similarity,pipeline_tag,sentence-similarity,4
leeloolee/intention,78,sentence-similarity,pipeline_tag,sentence-similarity,4
BAAI/bge-multilingual-gemma2,79,feature-extraction,pipeline_tag,feature-extraction,1
Alibaba-NLP/gte-Qwen2-1.5B-instruct,80,sentence-similarity,pipeline_tag,sentence-similarity,4
Alibaba-NLP/gte-Qwen2-7B-instruct,81,sentence-similarity,pipeline_tag,sentence-similarity,4
beethogedeon/gte-Qwen2-7B-instruct-Q4_K_M-GGUF,82,sentence-similarity,pipeline_tag,sentence-similarity,4
mlx-community/gte-Qwen2-7B-instruct-4bit-DWQ,83,text-generation,pipeline_tag,text-generation,6
mlx-community/gte-Qwen2-1.5B-instruct-4bit-dwq,84,text-generation,pipeline_tag,text-generation,6
starsy/gte-Qwen2-7B-instruct,85,sentence-similarity,pipeline_tag,sentence-similarity,4
OrcaDB/qwen2-1.5b,86,sentence-similarity,pipeline_tag,sentence-similarity,4
joshcd/MNLP_M3_document_encoder,87,sentence-similarity,pipeline_tag,sentence-similarity,4
RedHatAI/gte-Qwen2-7B-instruct,88,sentence-similarity,pipeline_tag,sentence-similarity,4
hudiashudhhhfgwsephu/gte-Qwen2-7B-instruct,89,sentence-similarity,pipeline_tag,sentence-similarity,4
BN7002/gte-Qwen2-7B-instruct-Q4_K_M-GGUF,90,sentence-similarity,pipeline_tag,sentence-similarity,4
BillSYZhang/gte-Qwen2-7B-instruct-Q4-mlx,91,sentence-similarity,pipeline_tag,sentence-similarity,4
sthuck/gte-Qwen2-7B-instruct-bfloat16,92,sentence-similarity,pipeline_tag,sentence-similarity,4
DecisionOptimizationSystemProduction/DeepFeatTextEmbeddingLarge,93,sentence-similarity,pipeline_tag,sentence-similarity,4
intfloat/e5-mistral-7b-instruct,94,feature-extraction,pipeline_tag,feature-extraction,1
izhx/udever-bloom-1b1,95,feature-extraction,pipeline_tag,feature-extraction,1
izhx/udever-bloom-560m,96,feature-extraction,pipeline_tag,feature-extraction,1
Alignment-Lab-AI/e5-mistral-7b-instruct,97,feature-extraction,pipeline_tag,feature-extraction,1
izhx/udever-bloom-7b1,98,feature-extraction,pipeline_tag,feature-extraction,1
izhx/udever-bloom-3b,99,feature-extraction,pipeline_tag,feature-extraction,1
gabor-hosu/e5-mistral-7b-instruct-bnb-4bit,100,feature-extraction,pipeline_tag,feature-extraction,1
Arastun/e5-mistral-7b-instruct,101,feature-extraction,pipeline_tag,feature-extraction,1
arcdev/e5-mistral-7b-instruct,102,feature-extraction,pipeline_tag,feature-extraction,1
krilecy/e5-mistral-7b-instruct,103,feature-extraction,pipeline_tag,feature-extraction,1
Frazic/udever-bloom-3b-sentence,104,feature-extraction,pipeline_tag,feature-extraction,1
Alibaba-NLP/gme-Qwen2-VL-2B-Instruct,105,sentence-similarity,pipeline_tag,sentence-similarity,4
openbmb/MiniCPM-Embedding-Light,106,feature-extraction,pipeline_tag,feature-extraction,1
Alibaba-NLP/gme-Qwen2-VL-7B-Instruct,107,sentence-similarity,pipeline_tag,sentence-similarity,4
sunzx0810/gte-Qwen2-7B-instruct-Q5_K_M-GGUF,108,sentence-similarity,pipeline_tag,sentence-similarity,4
thtang/ALL_862873,109,feature-extraction,pipeline_tag,feature-extraction,1
brandonywl/gme-Qwen2-VL-2B-Instruct,110,sentence-similarity,pipeline_tag,sentence-similarity,4
intfloat/multilingual-e5-large,111,feature-extraction,pipeline_tag,feature-extraction,1
intfloat/multilingual-e5-base,112,sentence-similarity,pipeline_tag,sentence-similarity,4
intfloat/multilingual-e5-large-instruct,113,feature-extraction,pipeline_tag,feature-extraction,1
avsolatorio/GIST-Embedding-v0,114,sentence-similarity,pipeline_tag,sentence-similarity,4
Hiveurban/multilingual-e5-base,115,sentence-similarity,pipeline_tag,sentence-similarity,4
beademiguelperez/sentence-transformers-multilingual-e5-small,116,sentence-similarity,pipeline_tag,sentence-similarity,4
mlx-community/multilingual-e5-small-mlx,117,sentence-similarity,pipeline_tag,sentence-similarity,4
bigscience/sgpt-bloom-7b1-msmarco,118,sentence-similarity,pipeline_tag,sentence-similarity,4
mlx-community/multilingual-e5-large-mlx,119,feature-extraction,pipeline_tag,feature-extraction,1
BookingCare/multilingual-e5-base-similarity-v1-onnx-quantized,120,sentence-similarity,pipeline_tag,sentence-similarity,4
mlx-community/multilingual-e5-large,121,feature-extraction,pipeline_tag,feature-extraction,1
BookingCare/multilingual-e5-base-v3-onnx-quantized,122,sentence-similarity,pipeline_tag,sentence-similarity,4
anuccikpmg/multilingual-e5-large-instruct,123,feature-extraction,pipeline_tag,feature-extraction,1
onelevelstudio/M-E5-BASE,124,sentence-similarity,pipeline_tag,sentence-similarity,4
onelevelstudio/ML-E5-0.6B,125,feature-extraction,pipeline_tag,feature-extraction,1
cocongy/e5-finetuned,126,feature-extraction,pipeline_tag,feature-extraction,1
onelevelstudio/ML-E5-0.3B,127,sentence-similarity,pipeline_tag,sentence-similarity,4
onelevelstudio/ML-E5-0.6B-Instruct,128,feature-extraction,pipeline_tag,feature-extraction,1
sergabrr/tourrf-e5-large-full-v3,129,feature-extraction,pipeline_tag,feature-extraction,1
zeta-alpha-ai/Zeta-Alpha-E5-Mistral,130,feature-extraction,pipeline_tag,feature-extraction,1
santhosh/multilingual-e5-base-int8-ov,131,sentence-similarity,pipeline_tag,sentence-similarity,4
linhha2705/multilingual-e5-nutrition,132,sentence-similarity,pipeline_tag,sentence-similarity,4
hajkis-glami/multilingual-e5-base-embeddings,133,sentence-similarity,pipeline_tag,sentence-similarity,4
OrcaDB/e5-large,134,feature-extraction,pipeline_tag,feature-extraction,1
thuan220401/multilingual-e5-large,135,feature-extraction,pipeline_tag,feature-extraction,1
cern6959/intfloat_multilingual-e5-base,136,sentence-similarity,pipeline_tag,sentence-similarity,4
RedHatAI/multilingual-e5-large,137,feature-extraction,pipeline_tag,feature-extraction,1
Sangyup/multilingual-e5-local-copy,138,feature-extraction,pipeline_tag,feature-extraction,1
Auparima/thaifood-embed,139,sentence-similarity,pipeline_tag,sentence-similarity,4
NaganoJRC/multilingual-e5-base,140,sentence-similarity,pipeline_tag,sentence-similarity,4
nilay-sam-23/multilingual-e5-large-onnx,141,feature-extraction,pipeline_tag,feature-extraction,1
manuelmoreno149/multilingual-e5-base,142,sentence-similarity,pipeline_tag,sentence-similarity,4
nounagnonsavoedo/multilingual-e5-base,143,sentence-similarity,pipeline_tag,sentence-similarity,4
AbdullahMoQH/multilingual-e5-base,144,sentence-similarity,pipeline_tag,sentence-similarity,4
baseten-admin/multilingual-e5-large-instruct-cls,145,feature-extraction,pipeline_tag,feature-extraction,1
qxx1/multilingual-e5-large-instruct,146,feature-extraction,pipeline_tag,feature-extraction,1
Karmukilan/multilingual-e5-base,147,sentence-similarity,pipeline_tag,sentence-similarity,4
baby2008/multilingual-e5-large-instruct,148,feature-extraction,pipeline_tag,feature-extraction,1
mlx-community/multilingual-e5-base-mlx,149,sentence-similarity,pipeline_tag,sentence-similarity,4
nnch/multilingual-e5-large-Q4_K_M-GGUF,150,feature-extraction,pipeline_tag,feature-extraction,1
arkam23/multilingual-e5-base,151,sentence-similarity,pipeline_tag,sentence-similarity,4
onnx-community/multilingual-e5-base-ONNX,152,sentence-similarity,pipeline_tag,sentence-similarity,4
deepfile/multilingual-e5-small-onnx-qint8,153,sentence-similarity,pipeline_tag,sentence-similarity,4
Nextcloud-AI/multilingual-e5-large-instruct,154,feature-extraction,pipeline_tag,feature-extraction,1
vectoriseai/multilingual-e5-large,155,feature-extraction,pipeline_tag,feature-extraction,1
aiacademyvn/multilingual-e5-large-instruct,156,feature-extraction,pipeline_tag,feature-extraction,1
Hiveurban/multilingual-e5-large-pooled,157,feature-extraction,pipeline_tag,feature-extraction,1
mikelalda/multilingual-e5-base,158,sentence-similarity,pipeline_tag,sentence-similarity,4
morgendigital/multilingual-e5-large-quantized,159,feature-extraction,pipeline_tag,feature-extraction,1
maiyad/multilingual-e5-small,160,sentence-similarity,pipeline_tag,sentence-similarity,4
woody72/multilingual-e5-base,161,sentence-similarity,pipeline_tag,sentence-similarity,4
ef-zulla/e5-multi-sml-torch,162,sentence-similarity,pipeline_tag,sentence-similarity,4
goldenrooster/multilingual-e5-large,163,feature-extraction,pipeline_tag,feature-extraction,1
ildodeltaRule/multilingual-e5-large,164,feature-extraction,pipeline_tag,feature-extraction,1
anuccikpmg/multilingual-e5-large-instruct-openvino-int8,165,feature-extraction,pipeline_tag,feature-extraction,1
jinaai/jina-embeddings-v2-base-de,166,feature-extraction,pipeline_tag,feature-extraction,1
Lajavaness/bilingual-embedding-large,167,sentence-similarity,pipeline_tag,sentence-similarity,4
Lajavaness/bilingual-embedding-small,168,sentence-similarity,pipeline_tag,sentence-similarity,4
Lajavaness/bilingual-embedding-base,169,sentence-similarity,pipeline_tag,sentence-similarity,4
Muennighoff/SGPT-125M-weightedmean-nli-bitfit,170,sentence-similarity,pipeline_tag,sentence-similarity,4
Muennighoff/SGPT-5.8B-weightedmean-nli-bitfit,171,sentence-similarity,pipeline_tag,sentence-similarity,4
BAAI/bge-small-en-v1.5,172,feature-extraction,pipeline_tag,feature-extraction,1
nomic-ai/nomic-embed-text-v1.5,173,sentence-similarity,pipeline_tag,sentence-similarity,4
BAAI/bge-large-en-v1.5,174,feature-extraction,pipeline_tag,feature-extraction,1
BAAI/bge-base-en-v1.5,175,feature-extraction,pipeline_tag,feature-extraction,1
mixedbread-ai/mxbai-embed-large-v1,176,feature-extraction,pipeline_tag,feature-extraction,1
nomic-ai/nomic-embed-text-v1,177,sentence-similarity,pipeline_tag,sentence-similarity,4
intfloat/e5-large-v2,178,sentence-similarity,pipeline_tag,sentence-similarity,4
intfloat/e5-base-v2,179,sentence-similarity,pipeline_tag,sentence-similarity,4
WhereIsAI/UAE-Large-V1,180,feature-extraction,pipeline_tag,feature-extraction,1
Alibaba-NLP/gte-large-en-v1.5,181,sentence-similarity,pipeline_tag,sentence-similarity,4
jinaai/jina-embeddings-v2-small-en,182,feature-extraction,pipeline_tag,feature-extraction,1
Salesforce/SFR-Embedding-2_R,183,feature-extraction,pipeline_tag,feature-extraction,1
Snowflake/snowflake-arctic-embed-l-v2.0,184,sentence-similarity,pipeline_tag,sentence-similarity,4
intfloat/e5-base,185,sentence-similarity,pipeline_tag,sentence-similarity,4
BAAI/bge-base-en,186,feature-extraction,pipeline_tag,feature-extraction,1
TaylorAI/bge-micro-v2,187,sentence-similarity,pipeline_tag,sentence-similarity,4
thenlper/gte-large,188,sentence-similarity,pipeline_tag,sentence-similarity,4
intfloat/e5-small-v2,189,sentence-similarity,pipeline_tag,sentence-similarity,4
Alibaba-NLP/gte-base-en-v1.5,190,sentence-similarity,pipeline_tag,sentence-similarity,4
thenlper/gte-base,191,sentence-similarity,pipeline_tag,sentence-similarity,4
BAAI/bge-small-en,192,feature-extraction,pipeline_tag,feature-extraction,1
Snowflake/snowflake-arctic-embed-m-v1.5,193,sentence-similarity,pipeline_tag,sentence-similarity,4
thenlper/gte-small,194,sentence-similarity,pipeline_tag,sentence-similarity,4
hkunlp/instructor-large,195,sentence-similarity,pipeline_tag,sentence-similarity,4
intfloat/e5-small,196,sentence-similarity,pipeline_tag,sentence-similarity,4
mixedbread-ai/mxbai-embed-2d-large-v1,197,feature-extraction,pipeline_tag,feature-extraction,1
Snowflake/snowflake-arctic-embed-m-v2.0,198,sentence-similarity,pipeline_tag,sentence-similarity,4
avsolatorio/GIST-all-MiniLM-L6-v2,199,sentence-similarity,pipeline_tag,sentence-similarity,4
jinaai/jina-embeddings-v2-base-en,200,feature-extraction,pipeline_tag,feature-extraction,1
shibing624/text2vec-base-multilingual,201,sentence-similarity,pipeline_tag,sentence-similarity,4
corto-ai/nomic-embed-text-v1,202,sentence-similarity,pipeline_tag,sentence-similarity,4
OrcaDB/gte-base-en-v1.5,203,sentence-similarity,pipeline_tag,sentence-similarity,4
intfloat/e5-large,204,sentence-similarity,pipeline_tag,sentence-similarity,4
avsolatorio/GIST-small-Embedding-v0,205,sentence-similarity,pipeline_tag,sentence-similarity,4
unsloth/bge-small-en-v1.5,206,feature-extraction,pipeline_tag,feature-extraction,1
BAAI/bge-large-en,207,feature-extraction,pipeline_tag,feature-extraction,1
NovaSearch/stella_en_400M_v5,208,sentence-similarity,pipeline_tag,sentence-similarity,4
ibm-granite/granite-embedding-107m-multilingual,209,sentence-similarity,pipeline_tag,sentence-similarity,4
llmrails/ember-v1,210,feature-extraction,pipeline_tag,feature-extraction,1
parasail-ai/GritLM-7B-vllm,211,text-generation,pipeline_tag,text-generation,6
ibm-granite/granite-embedding-278m-multilingual,212,sentence-similarity,pipeline_tag,sentence-similarity,4
ibm-granite/granite-embedding-125m-english,213,sentence-similarity,pipeline_tag,sentence-similarity,4
NovaSearch/stella_en_1.5B_v5,214,sentence-similarity,pipeline_tag,sentence-similarity,4
optimum-intel-internal-testing/bge-small-en-v1.5,215,feature-extraction,pipeline_tag,feature-extraction,1
nvidia/NV-Embed-v2,216,feature-extraction,pipeline_tag,feature-extraction,1
hkunlp/instructor-base,217,sentence-similarity,pipeline_tag,sentence-similarity,4
Linq-AI-Research/Linq-Embed-Mistral,218,feature-extraction,pipeline_tag,feature-extraction,1
jinaai/jina-embeddings-v2-base-es,219,feature-extraction,pipeline_tag,feature-extraction,1
Salesforce/SFR-Embedding-Mistral,220,feature-extraction,pipeline_tag,feature-extraction,1
abhinand/MedEmbed-small-v0.1,221,sentence-similarity,model_index,sentence-similarity,4
hkunlp/instructor-xl,222,sentence-similarity,pipeline_tag,sentence-similarity,4
GritLM/GritLM-7B,223,text-generation,pipeline_tag,text-generation,6
TaylorAI/bge-micro,224,sentence-similarity,pipeline_tag,sentence-similarity,4
GritLM/GritLM-8x7B,225,text-generation,pipeline_tag,text-generation,6
TaylorAI/gte-tiny,226,sentence-similarity,pipeline_tag,sentence-similarity,4
arkohut/jina-embeddings-v2-base-en,227,feature-extraction,pipeline_tag,feature-extraction,1
avsolatorio/NoInstruct-small-Embedding-v0,228,sentence-similarity,pipeline_tag,sentence-similarity,4
prdev/mini-gte,229,sentence-similarity,pipeline_tag,sentence-similarity,4
it-just-works/stella_en_1.5B_v5_bf16,230,sentence-similarity,pipeline_tag,sentence-similarity,4
jinaai/jina-embedding-b-en-v1,231,sentence-similarity,pipeline_tag,sentence-similarity,4
dwzhu/e5-base-4k,232,sentence-similarity,pipeline_tag,sentence-similarity,4
billatsectorflow/stella_en_400M_v5,233,sentence-similarity,pipeline_tag,sentence-similarity,4
avsolatorio/GIST-large-Embedding-v0,234,sentence-similarity,pipeline_tag,sentence-similarity,4
khoa-klaytn/bge-base-en-v1.5-angle,235,feature-extraction,pipeline_tag,feature-extraction,1
infgrad/stella-base-en-v2,236,feature-extraction,pipeline_tag,feature-extraction,1
BAAI/bge-en-icl,237,feature-extraction,pipeline_tag,feature-extraction,1
mlx-community/bge-small-en-v1.5-bf16,238,feature-extraction,pipeline_tag,feature-extraction,1
jinaai/jina-embedding-s-en-v1,239,sentence-similarity,pipeline_tag,sentence-similarity,4
Muennighoff/SGPT-125M-weightedmean-msmarco-specb-bitfit,240,sentence-similarity,pipeline_tag,sentence-similarity,4
mlx-community/mxbai-embed-large-v1,241,feature-extraction,pipeline_tag,feature-extraction,1
Muennighoff/SGPT-1.3B-weightedmean-msmarco-specb-bitfit,242,feature-extraction,pipeline_tag,feature-extraction,1
nomic-ai/nomic-embed-text-v1-unsupervised,243,sentence-similarity,pipeline_tag,sentence-similarity,4
NovaSearch/jasper_en_vision_language_v1,244,sentence-similarity,model_index,sentence-similarity,4
RedHatAI/nomic-embed-text-v1.5,245,sentence-similarity,pipeline_tag,sentence-similarity,4
cnmoro/snowflake-arctic-embed-m-v2.0-cpu,246,sentence-similarity,pipeline_tag,sentence-similarity,4
dmlls/all-mpnet-base-v2-negation,247,sentence-similarity,pipeline_tag,sentence-similarity,4
jinaai/jina-embedding-l-en-v1,248,sentence-similarity,pipeline_tag,sentence-similarity,4
Mihaiii/Venusaur,249,sentence-similarity,pipeline_tag,sentence-similarity,4
RedHatAI/bge-base-en-v1.5-quant,250,feature-extraction,pipeline_tag,feature-extraction,1
OrcaDB/bge-base,251,feature-extraction,pipeline_tag,feature-extraction,1
Labib11/MUG-B-1.6,252,sentence-similarity,pipeline_tag,sentence-similarity,4
sam-babayev/sf_model_e5,253,feature-extraction,pipeline_tag,feature-extraction,1
aws-neuron/bge-base-en-v1-5-seqlen-384-bs-1,254,feature-extraction,pipeline_tag,feature-extraction,1
Mihaiii/Ivysaur,255,sentence-similarity,pipeline_tag,sentence-similarity,4
RedHatAI/snowflake-arctic-embed-l-v2.0,256,sentence-similarity,pipeline_tag,sentence-similarity,4
nomic-ai/nomic-embed-text-v1-ablated,257,sentence-similarity,pipeline_tag,sentence-similarity,4
brahmairesearch/slx-v0.1,258,sentence-similarity,pipeline_tag,sentence-similarity,4
OrcaDB/mxbai-large,259,feature-extraction,pipeline_tag,feature-extraction,1
Hum-Works/lodestone-base-4096-v1,260,sentence-similarity,pipeline_tag,sentence-similarity,4
Muennighoff/SGPT-5.8B-weightedmean-msmarco-specb-bitfit,261,sentence-similarity,pipeline_tag,sentence-similarity,4
mlx-community/bge-small-en-v1.5-4bit,262,feature-extraction,pipeline_tag,feature-extraction,1
deepfile/embedder-100p,263,sentence-similarity,pipeline_tag,sentence-similarity,4
OrcaDB/gist-large,264,sentence-similarity,pipeline_tag,sentence-similarity,4
Muennighoff/SGPT-2.7B-weightedmean-msmarco-specb-bitfit,265,sentence-similarity,pipeline_tag,sentence-similarity,4
RedHatAI/bge-small-en-v1.5-quant,266,feature-extraction,pipeline_tag,feature-extraction,1
RedHatAI/bge-small-en-v1.5-sparse,267,feature-extraction,pipeline_tag,feature-extraction,1
jspringer/echo-mistral-7b-instruct-lasttoken,268,feature-extraction,pipeline_tag,feature-extraction,1
andersonbcdefg/bge-small-4096,269,feature-extraction,pipeline_tag,feature-extraction,1
RedHatAI/bge-base-en-v1.5-sparse,270,feature-extraction,pipeline_tag,feature-extraction,1
khoa-klaytn/bge-small-en-v1.5-angle,271,feature-extraction,pipeline_tag,feature-extraction,1
consciousAI/cai-stellaris-text-embeddings,272,sentence-similarity,pipeline_tag,sentence-similarity,4
avsolatorio/MixEmbed-base-20240110021715-best,273,feature-extraction,pipeline_tag,feature-extraction,1
w601sxs/b1ade-embed,274,feature-extraction,pipeline_tag,feature-extraction,1
avsolatorio/MixEmbed-base-20240110153733-latest,275,feature-extraction,pipeline_tag,feature-extraction,1
avsolatorio/MixEmbed-base-20240110153733-best,276,feature-extraction,pipeline_tag,feature-extraction,1
avsolatorio/MixEmbed-base-20240110184818-best,277,sentence-similarity,pipeline_tag,sentence-similarity,4
avsolatorio/MixEmbed-base-20240113172018-latest,278,sentence-similarity,pipeline_tag,sentence-similarity,4
avsolatorio/MixEmbed-base-20240113172018-best,279,sentence-similarity,pipeline_tag,sentence-similarity,4
avsolatorio/MixEmbed-base-20240110225225-best,280,feature-extraction,pipeline_tag,feature-extraction,1
djovak/multi-qa-MiniLM-L6-cos-v1,281,feature-extraction,pipeline_tag,feature-extraction,1
avsolatorio/MixEmbedBert-base-20240115112530-latest,282,sentence-similarity,pipeline_tag,sentence-similarity,4
avsolatorio/MixEmbed-base-20240113234012-best,283,sentence-similarity,pipeline_tag,sentence-similarity,4
avsolatorio/MixEmbedMean-base-20240116012638-best,284,sentence-similarity,pipeline_tag,sentence-similarity,4
avsolatorio/MixEmbedFinetune-base-20240122103941-best,285,feature-extraction,pipeline_tag,feature-extraction,1
avsolatorio/MixEmbedBert-base-20240115112530-best,286,sentence-similarity,pipeline_tag,sentence-similarity,4
avsolatorio/MixEmbedBert-base-20240115163419-best,287,sentence-similarity,pipeline_tag,sentence-similarity,4
avsolatorio/MixEmbedFinetune-base-20240122103941-latest,288,feature-extraction,pipeline_tag,feature-extraction,1
avsolatorio/MixEmbedMean-base-20240116021758-best,289,sentence-similarity,pipeline_tag,sentence-similarity,4
Mihaiii/Bulbasaur,290,sentence-similarity,pipeline_tag,sentence-similarity,4
avsolatorio/MixEmbedBert-base-20240115163419-latest,291,sentence-similarity,pipeline_tag,sentence-similarity,4
avsolatorio/MixEmbedMean-base-20240116001529-best,292,sentence-similarity,pipeline_tag,sentence-similarity,4
avsolatorio/MixEmbedFinetune-base-20240122235004-latest,293,sentence-similarity,pipeline_tag,sentence-similarity,4
avsolatorio/MixEmbedMean-base-20240116005519-best,294,sentence-similarity,pipeline_tag,sentence-similarity,4
avsolatorio/00-000-11-1-0-1-0-0-cls-unnormed-768-512_GIST_BAAI_bge-base-en-v1.5-20240128072140-best,295,feature-extraction,pipeline_tag,feature-extraction,1
avsolatorio/MixEmbed-base-20240110225225-latest,296,feature-extraction,pipeline_tag,feature-extraction,1
zeroshot/gte-small-quant,297,feature-extraction,pipeline_tag,feature-extraction,1
mlx-community/snowflake-arctic-embed-l-v2.0-8bit,298,sentence-similarity,pipeline_tag,sentence-similarity,4
avsolatorio/MixEmbedFinetune-base-20240122220746-best,299,sentence-similarity,pipeline_tag,sentence-similarity,4
avsolatorio/MixEmbedFinetune-base-20240122145230-latest,300,feature-extraction,pipeline_tag,feature-extraction,1
avsolatorio/00-000-11-1-0-1-0-0-u_GIST_BAAI_bge-base-en-v1.5-20240127164623-best,301,feature-extraction,pipeline_tag,feature-extraction,1
avsolatorio/MixEmbedFinetune-base-20240122234122-best,302,sentence-similarity,pipeline_tag,sentence-similarity,4
avsolatorio/40-100-11-1-2-2-0-0-mean-normed-384-512_GIST_TaylorAI_gte-tiny-20240201182729-latest,303,sentence-similarity,pipeline_tag,sentence-similarity,4
avsolatorio/MixEmbedFinetune-base-20240122220725-best,304,sentence-similarity,pipeline_tag,sentence-similarity,4
avsolatorio/AVES_BAAI_bge-base-en-v1.5-20240126151540-latest,305,feature-extraction,pipeline_tag,feature-extraction,1
avsolatorio/MixEmbedFinetune-base-20240122220725-latest,306,sentence-similarity,pipeline_tag,sentence-similarity,4
avsolatorio/MixEmbedFinetune-base-20240124231910-latest,307,feature-extraction,pipeline_tag,feature-extraction,1
avsolatorio/MixEmbedFinetune-base-20240124231910-best,308,feature-extraction,pipeline_tag,feature-extraction,1
avsolatorio/AVES_BAAI_bge-base-en-v1.5-20240125221415-best,309,feature-extraction,pipeline_tag,feature-extraction,1
avsolatorio/AVES_BAAI_bge-base-en-v1.5-20240125211517-latest,310,feature-extraction,pipeline_tag,feature-extraction,1
avsolatorio/MixEmbedFinetune-base-20240122212744-best,311,feature-extraction,pipeline_tag,feature-extraction,1
avsolatorio/00-000-10-1-0-1-0-0-u_GIST_BAAI_bge-base-en-v1.5-20240127115244-best,312,feature-extraction,pipeline_tag,feature-extraction,1
avsolatorio/MixEmbedFinetune-base-20240123184551-best,313,feature-extraction,pipeline_tag,feature-extraction,1
avsolatorio/00-400-10-1-0-1-0-0-cls-normed-768-512_GIST_BAAI_bge-base-en-v1.5-20240130184711-latest,314,feature-extraction,pipeline_tag,feature-extraction,1
avsolatorio/01-100-11-1-2-2-0-0-cls-normed-384-512_GIST_BAAI_bge-small-en-v1.5-20240202154404-best,315,feature-extraction,pipeline_tag,feature-extraction,1
avsolatorio/MixEmbedFinetune-base-20240125001833-best,316,feature-extraction,pipeline_tag,feature-extraction,1
avsolatorio/MixEmbedFinetune-base-20240123004625-best,317,feature-extraction,pipeline_tag,feature-extraction,1
avsolatorio/MixEmbedFinetune-base-20240123115509-best,318,feature-extraction,pipeline_tag,feature-extraction,1
avsolatorio/01-000-11-0-0-1-0-0_GIST_BAAI_bge-small-en-v1.5-20240126215547-best,319,feature-extraction,pipeline_tag,feature-extraction,1
avsolatorio/MixEmbedFinetune-base-20240122220746-latest,320,sentence-similarity,pipeline_tag,sentence-similarity,4
avsolatorio/40-100-11-1-2-2-0-0-mean-normed-384-512_GIST_TaylorAI_gte-tiny-20240201182729-best,321,sentence-similarity,pipeline_tag,sentence-similarity,4
avsolatorio/MixEmbedFinetune-base-20240122154850-best,322,feature-extraction,pipeline_tag,feature-extraction,1
avsolatorio/40-100-11-1-2-2-0-0-mean-normed-384-512_GIST_TaylorAI_gte-tiny-20240201161823-best,323,sentence-similarity,pipeline_tag,sentence-similarity,4
avsolatorio/00-000-11-1-0-1-0-0-mean-normed-768-512_GIST_BAAI_bge-base-en-v1.5-20240128084618-best,324,feature-extraction,pipeline_tag,feature-extraction,1
avsolatorio/01-100-11-1-2-2-0-0-cls-normed-384-512_GIST_BAAI_bge-small-en-v1.5-20240208121054-best,325,feature-extraction,pipeline_tag,feature-extraction,1
avsolatorio/MixEmbedFinetune-base-20240122145230-best,326,feature-extraction,pipeline_tag,feature-extraction,1
avsolatorio/01-100-10-1-2-2-0-0-cls-normed-384-512_GIST_BAAI_bge-small-en-v1.5-20240204044729-best,327,feature-extraction,pipeline_tag,feature-extraction,1
avsolatorio/MixEmbedFinetune-base-20240123213810-best,328,feature-extraction,pipeline_tag,feature-extraction,1
avsolatorio/00-000-11-1-0-1-0-0-mean-normed-768-512_GIST_BAAI_bge-base-en-v1.5-20240128084618-latest,329,feature-extraction,pipeline_tag,feature-extraction,1
avsolatorio/MixEmbedFinetune-base-20240122235004-best,330,sentence-similarity,pipeline_tag,sentence-similarity,4
avsolatorio/AVES_BAAI_bge-base-en-v1.5-20240126151540-best,331,feature-extraction,pipeline_tag,feature-extraction,1
avsolatorio/AVES_BAAI_bge-base-en-v1.5-20240125233651-best,332,feature-extraction,pipeline_tag,feature-extraction,1
avsolatorio/MixEmbedFinetune-base-20240125001833-latest,333,feature-extraction,pipeline_tag,feature-extraction,1
avsolatorio/AVES_BAAI_bge-base-en-v1.5-20240125221415-latest,334,feature-extraction,pipeline_tag,feature-extraction,1
avsolatorio/40-100-11-1-2-2-0-0-mean-normed-384-512_GIST_TaylorAI_gte-tiny-20240201161823-latest,335,sentence-similarity,pipeline_tag,sentence-similarity,4
avsolatorio/AVES_BAAI_bge-base-en-v1.5-20240125233651-latest,336,feature-extraction,pipeline_tag,feature-extraction,1
avsolatorio/01-100-31-1-2-2-0-0-cls-normed-384-512_GIST_BAAI_bge-small-en-v1.5-20240207015601-best,337,feature-extraction,pipeline_tag,feature-extraction,1
avsolatorio/00-400-10-1-0-1-0-0-cls-normed-768-512_GIST_BAAI_bge-base-en-v1.5-20240130201355-best,338,feature-extraction,pipeline_tag,feature-extraction,1
avsolatorio/01-100-31-1-2-2-0-0-cls-normed-384-512_GIST_BAAI_bge-small-en-v1.5-20240207015601-latest,339,feature-extraction,pipeline_tag,feature-extraction,1
Mihaiii/Squirtle,340,sentence-similarity,pipeline_tag,sentence-similarity,4
avsolatorio/AVES_BAAI_bge-base-en-v1.5-20240125211517-best,341,feature-extraction,pipeline_tag,feature-extraction,1
avsolatorio/MixEmbedFinetune-base-20240123004641-best,342,feature-extraction,pipeline_tag,feature-extraction,1
avsolatorio/MixEmbedFinetune-base-20240123173844-best,343,feature-extraction,pipeline_tag,feature-extraction,1
avsolatorio/00-400-10-1-0-1-0-0-cls-normed-768-512_GIST_BAAI_bge-base-en-v1.5-20240130210931-best,344,feature-extraction,pipeline_tag,feature-extraction,1
avsolatorio/00-400-10-1-0-1-0-0-cls-normed-768-512_GIST_BAAI_bge-base-en-v1.5-20240130184711-best,345,feature-extraction,pipeline_tag,feature-extraction,1
avsolatorio/00-400-10-1-0-1-0-0-cls-normed-768-512_GIST_BAAI_bge-base-en-v1.5-20240130210931-latest,346,feature-extraction,pipeline_tag,feature-extraction,1
mgoin/all-MiniLM-L6-v2-ds,347,feature-extraction,pipeline_tag,feature-extraction,1
avsolatorio/01-000-10-1-0-1-0-0-u_GIST_BAAI_bge-small-en-v1.5-20240126235053-best,348,feature-extraction,pipeline_tag,feature-extraction,1
avsolatorio/01-100-11-1-2-2-0-0-cls-normed-384-512_GIST_BAAI_bge-small-en-v1.5-20240209145252-best,349,feature-extraction,pipeline_tag,feature-extraction,1
avsolatorio/01-100-11-1-2-2-0-0-cls-normed-384-512_GIST_BAAI_bge-small-en-v1.5-20240202160129-best,350,feature-extraction,pipeline_tag,feature-extraction,1
avsolatorio/00-400-10-1-0-1-0-0-cls-normed-768-512_GIST_BAAI_bge-base-en-v1.5-20240130211808-best,351,feature-extraction,pipeline_tag,feature-extraction,1
avsolatorio/01-100-11-1-2-2-0-0-cls-normed-384-512_GIST_BAAI_bge-small-en-v1.5-20240216212814-best,352,feature-extraction,pipeline_tag,feature-extraction,1
avsolatorio/01-100-31-1-2-2-0-0-cls-normed-384-512_GIST_BAAI_bge-small-en-v1.5-20240207031328-best,353,feature-extraction,pipeline_tag,feature-extraction,1
avsolatorio/00-400-11-1-0-1-0-0-cls-normed-768-512_GIST_BAAI_bge-base-en-v1.5-20240130201404-best,354,feature-extraction,pipeline_tag,feature-extraction,1
avsolatorio/00-000-11-1-0-1-0-0-cls-normed-1024-512_GIST_BAAI_bge-base-en-v1.5-20240128091053-best,355,feature-extraction,pipeline_tag,feature-extraction,1
avsolatorio/01-100-11-1-2-2-0-0-cls-normed-384-512_GIST_BAAI_bge-small-en-v1.5-20240202154404-latest,356,feature-extraction,pipeline_tag,feature-extraction,1
avsolatorio/00-400-10-1-0-1-0-0-cls-normed-768-512_GIST_BAAI_bge-base-en-v1.5-20240130211808-latest,357,feature-extraction,pipeline_tag,feature-extraction,1
avsolatorio/00-100-11-1-0-1-0-0-cls-normed-768-512-hard_GIST_BAAI_bge-base-en-v1.5-20240128213417-best,358,feature-extraction,pipeline_tag,feature-extraction,1
avsolatorio/01-100-11-1-2-2-0-0-cls-normed-384-512_GIST_BAAI_bge-small-en-v1.5-20240210215734-best,359,feature-extraction,pipeline_tag,feature-extraction,1
avsolatorio/01-100-11-2-2-2-0-0-cls-normed-384-512_GIST_BAAI_bge-small-en-v1.5-20240214001106-best,360,feature-extraction,pipeline_tag,feature-extraction,1
Mihaiii/Wartortle,361,sentence-similarity,pipeline_tag,sentence-similarity,4
avsolatorio/00-600-11-1-2-2-0-0-cls-normed-768-512_GIST_BAAI_bge-base-en-v1.5-20240221194439-best,362,feature-extraction,pipeline_tag,feature-extraction,1
avsolatorio/01-500-11-1-2-2-0-0-cls-normed-384-512_GIST_BAAI_bge-small-en-v1.5-20240217184109-best,363,feature-extraction,pipeline_tag,feature-extraction,1
avsolatorio/01-600-11-1-2-2-0-0-cls-qli_6-normed-384-512_ASYM_BAAI_bge-small-en-v1.5-20240417105647-best,364,feature-extraction,pipeline_tag,feature-extraction,1
avsolatorio/01-600-11-1-2-2-0-0-cls-normed-384-512_GIST_BAAI_bge-small-en-v1.5-20240221220048-best,365,feature-extraction,pipeline_tag,feature-extraction,1
avsolatorio/01-600-11-1-2-2-0-0-cls-normed-384-512_GIST_BAAI_bge-small-en-v1.5-20240221220048-latest,366,feature-extraction,pipeline_tag,feature-extraction,1
w601sxs/b1ade-embed-kd,367,sentence-similarity,pipeline_tag,sentence-similarity,4
avsolatorio/01-600-11-1-4-2-0-0-cls-qli_0-normed-384-512_ASYM_BAAI_bge-small-en-v1.5-20240424004605-best,368,feature-extraction,pipeline_tag,feature-extraction,1
avsolatorio/01-600-11-1-2-2-0-0-cls-normed-384-512_ASYM_BAAI_bge-small-en-v1.5-20240412205533-best,369,feature-extraction,pipeline_tag,feature-extraction,1
avsolatorio/01-600-11-1-2-2-0-0-cls-normed-384-512_ASYM_BAAI_bge-small-en-v1.5-20240412205533-latest,370,feature-extraction,pipeline_tag,feature-extraction,1
avsolatorio/00-600-11-1-2-2-0-0-cls-normed-768-512_GIST_BAAI_bge-base-en-v1.5-20240221181530-best,371,feature-extraction,pipeline_tag,feature-extraction,1
avsolatorio/01-600-11-1-3-2-0-0-cls-qli_0-normed-384-512_ASYM_BAAI_bge-small-en-v1.5-20240423213707-best,372,feature-extraction,pipeline_tag,feature-extraction,1
avsolatorio/01-600-11-1-3-2-0-0-cls-qli_0-normed-384-512_ASYM_BAAI_bge-small-en-v1.5-20240424001745-best,373,feature-extraction,pipeline_tag,feature-extraction,1
avsolatorio/01-600-11-1-3-2-0-0-cls-qli_0-normed-384-512_ASYM_BAAI_bge-small-en-v1.5-20240424001745-latest,374,feature-extraction,pipeline_tag,feature-extraction,1
avsolatorio/01-600-11-1-2-2-0-0-cls-normed-384-512_ASYM_BAAI_bge-small-en-v1.5-20240415163943-best,375,feature-extraction,pipeline_tag,feature-extraction,1
Mihaiii/test25,376,sentence-similarity,pipeline_tag,sentence-similarity,4
avsolatorio/01-600-11-1-3-2-0-0-cls-qli_0-normed-384-512_ASYM_BAAI_bge-small-en-v1.5-20240423213707-latest,377,feature-extraction,pipeline_tag,feature-extraction,1
avsolatorio/01-600-11-1-4-2-0-0-cls-qli_0-normed-384-512_ASYM_BAAI_bge-small-en-v1.5-20240424004605-latest,378,feature-extraction,pipeline_tag,feature-extraction,1
avsolatorio/01-600-11-1-2-2-0-0-cls-qli_6-normed-384-512_ASYM_BAAI_bge-small-en-v1.5-20240417105647-latest,379,feature-extraction,pipeline_tag,feature-extraction,1
Mihaiii/test24,380,sentence-similarity,pipeline_tag,sentence-similarity,4
liddlefish/privacy_embedding_rag_10k_base_15_final,381,feature-extraction,pipeline_tag,feature-extraction,1
avsolatorio/01-600-11-1-2-2-0-0-cls-qli_0-normed-384-512_ASYM_BAAI_bge-small-en-v1.5-20240416141927-latest,382,feature-extraction,pipeline_tag,feature-extraction,1
Mihaiii/gte-micro,383,sentence-similarity,pipeline_tag,sentence-similarity,4
Mihaiii/gte-micro-v4,384,sentence-similarity,pipeline_tag,sentence-similarity,4
avsolatorio/60-600-13-1-4-2-0-0-384-512-cm_NOI_avsolatorio_GIST-all-MiniLM-L6-v2-20240511173541-latest,385,sentence-similarity,pipeline_tag,sentence-similarity,4
avsolatorio/01-600-11-1-2-2-0-0-cls-qli_0-normed-384-512_ASYM_BAAI_bge-small-en-v1.5-20240416141927-best,386,feature-extraction,pipeline_tag,feature-extraction,1
avsolatorio/60-600-13-1-4-2-0-0-384-512-cm_NOI_avsolatorio_GIST-all-MiniLM-L6-v2-20240511173541-best,387,sentence-similarity,pipeline_tag,sentence-similarity,4
avsolatorio/60-600-13-1-4-2-0-0-384-512-cm_NOI_avsolatorio_GIST-all-MiniLM-L6-v2-20240511003225-best,388,sentence-similarity,pipeline_tag,sentence-similarity,4
w601sxs/b1ade-embed-kd_3,389,feature-extraction,pipeline_tag,feature-extraction,1
Mihaiii/gte-micro-v3,390,sentence-similarity,pipeline_tag,sentence-similarity,4
Mihaiii/gte-micro-v2,391,sentence-similarity,pipeline_tag,sentence-similarity,4
technicolor/Angle_BERT,392,feature-extraction,pipeline_tag,feature-extraction,1
mlx-community/bge-small-en-v1.5-8bit,393,feature-extraction,pipeline_tag,feature-extraction,1
katanemo/bge-large-en-v1.5,394,feature-extraction,pipeline_tag,feature-extraction,1
avsolatorio/00-600-11-1-5.5-2-0-0-768-512-cm_NOI_BAAI_bge-base-en-v1.5-20240704034006-latest,395,feature-extraction,pipeline_tag,feature-extraction,1
avsolatorio/00-600-11-1-6-2-0-0-768-512-cm_NOI_BAAI_bge-base-en-v1.5-20240704035539-best,396,feature-extraction,pipeline_tag,feature-extraction,1
avsolatorio/00-600-11-1-5.5-2-0-0-768-512-cm_NOI_BAAI_bge-base-en-v1.5-20240704034006-best,397,feature-extraction,pipeline_tag,feature-extraction,1
avsolatorio/00-600-11-1-4-2-0-0-768-512-cm_NOI_BAAI_bge-base-en-v1.5-20240710071110-latest,398,feature-extraction,pipeline_tag,feature-extraction,1
avsolatorio/00-600-11-1-6-2-0-0-768-512-cm_NOI_BAAI_bge-base-en-v1.5-20240704035539-latest,399,feature-extraction,pipeline_tag,feature-extraction,1
avsolatorio/00-600-11-1-4-2-0-0-768-512-cm_NOI_BAAI_bge-base-en-v1.5-20240710071110-best,400,feature-extraction,pipeline_tag,feature-extraction,1
minishlab/M2V_base_glove,401,sentence-similarity,model_index,sentence-similarity,4
minishlab/M2V_base_glove_subword,402,sentence-similarity,model_index,sentence-similarity,4
Haon-Chen/speed-embedding-7b-instruct,403,feature-extraction,pipeline_tag,feature-extraction,1
mlx-community/snowflake-arctic-embed-l-v2.0-bf16,404,sentence-similarity,pipeline_tag,sentence-similarity,4
vectoriseai/bge-small-en-v1.5,405,feature-extraction,pipeline_tag,feature-extraction,1
yibinlei/LENS-d8000,406,feature-extraction,pipeline_tag,feature-extraction,1
yibinlei/LENS-d4000,407,feature-extraction,pipeline_tag,feature-extraction,1
BASF-AI/nomic-embed-text-v1.5,408,sentence-similarity,pipeline_tag,sentence-similarity,4
rounit786757/e5-large-v2,409,sentence-similarity,pipeline_tag,sentence-similarity,4
mlx-community/snowflake-arctic-embed-l-v2.0-4bit,410,sentence-similarity,pipeline_tag,sentence-similarity,4
mlx-community/bge-small-en-v1.5-6bit,411,feature-extraction,pipeline_tag,feature-extraction,1
bhavnicksm/brown-beetle-tiny-v1,412,sentence-similarity,model_index,sentence-similarity,4
bhavnicksm/brown-beetle-tiny-v1.1,413,sentence-similarity,model_index,sentence-similarity,4
bhavnicksm/brown-beetle-base-v1,414,sentence-similarity,model_index,sentence-similarity,4
willalexm/potion-base-8M-stf,415,sentence-similarity,model_index,sentence-similarity,4
bhavnicksm/brown-beetle-small-v1,416,sentence-similarity,model_index,sentence-similarity,4
bhavnicksm/red-beetle-base-v1.1,417,sentence-similarity,model_index,sentence-similarity,4
Teradata/gte-base-en-v1.5,418,sentence-similarity,pipeline_tag,sentence-similarity,4
aajonaa/bge-small-en-v1.5,419,feature-extraction,pipeline_tag,feature-extraction,1
nitsuai/bge-large-en-v1.5,420,feature-extraction,pipeline_tag,feature-extraction,1
gety-ai/granite-embedding-107m-multilingual-onnx,421,sentence-similarity,pipeline_tag,sentence-similarity,4
Teradata/jina-embeddings-v2-base-en,422,feature-extraction,pipeline_tag,feature-extraction,1
Teradata/bge-small-en-v1.5,423,feature-extraction,pipeline_tag,feature-extraction,1
Teradata/bge-base-en-v1.5,424,feature-extraction,pipeline_tag,feature-extraction,1
Teradata/jina-embeddings-v2-small-en,425,feature-extraction,pipeline_tag,feature-extraction,1
Abhikhade/stella_en_400M_v5_aquabotica,426,sentence-similarity,pipeline_tag,sentence-similarity,4
Teradata/bge-large-en-v1.5,427,feature-extraction,pipeline_tag,feature-extraction,1
bhavnicksm/brown-fairy-base-v0,428,sentence-similarity,model_index,sentence-similarity,4
mlx-community/snowflake-arctic-embed-l-v2.0-6bit,429,sentence-similarity,pipeline_tag,sentence-similarity,4
SmartComponents/bge-micro-v2,430,sentence-similarity,pipeline_tag,sentence-similarity,4
PatrickHaller/snowflake-arctic-embed-m-v2.0,431,sentence-similarity,pipeline_tag,sentence-similarity,4
aynetdia/snowflake-arctic-embed-m-v2.0,432,sentence-similarity,pipeline_tag,sentence-similarity,4
terran-tech-ai/gte-small-s2orc-1mx,433,sentence-similarity,pipeline_tag,sentence-similarity,4
tvergho/logos-retriever-v1,434,sentence-similarity,pipeline_tag,sentence-similarity,4
unsloth/snowflake-arctic-embed-l-v2.0,435,sentence-similarity,pipeline_tag,sentence-similarity,4
inesaltemir/MNLP_M2_document_encoder,436,sentence-similarity,pipeline_tag,sentence-similarity,4
MagicalAlchemist/granite-embedding-107m-id-en-v6.2,437,sentence-similarity,pipeline_tag,sentence-similarity,4
Marqo/dunzhang-stella_en_400M_v5,438,sentence-similarity,pipeline_tag,sentence-similarity,4
krytonguard/stella_en_1.5B_v5,439,sentence-similarity,pipeline_tag,sentence-similarity,4
jiwonyou0420/MNLP_M2_document_encoder,440,feature-extraction,pipeline_tag,feature-extraction,1
flaviawallen/MNLP_M2_document_encoder,441,sentence-similarity,pipeline_tag,sentence-similarity,4
ashercn97/SFR-Embedding-2_R-bnb-4bit,442,feature-extraction,pipeline_tag,feature-extraction,1
mchambrec/embedding-model,443,sentence-similarity,pipeline_tag,sentence-similarity,4
nililba/MNLP_M3_document_encoder,444,feature-extraction,pipeline_tag,feature-extraction,1
MidnightPhreaker/nomic-embed-text-v1.5,445,sentence-similarity,pipeline_tag,sentence-similarity,4
Youssefbou62/MNLP_M2_document_encoder,446,sentence-similarity,pipeline_tag,sentence-similarity,4
Ruthvikkk/MNLP_M2_document_encoder,447,sentence-similarity,pipeline_tag,sentence-similarity,4
Jenjamin3000/MNLP_M2_document_encoder,448,feature-extraction,pipeline_tag,feature-extraction,1
borgcollectivegmbh/testing-jina-stuff,449,feature-extraction,pipeline_tag,feature-extraction,1
terran-tech-ai/gte-small-s2orc-1m,450,sentence-similarity,pipeline_tag,sentence-similarity,4
ashercn97/Linq-Embed-Mistral-bnb-4bit,451,feature-extraction,pipeline_tag,feature-extraction,1
hyperalpha/transferzai-bge,452,feature-extraction,pipeline_tag,feature-extraction,1
emilecornamusaz/MNLP_M2_document_encoder,453,feature-extraction,pipeline_tag,feature-extraction,1
SethBurkart/potion-base-8m,454,sentence-similarity,model_index,sentence-similarity,4
badmadrad/granite-embedding-125m-english-mlx,455,sentence-similarity,pipeline_tag,sentence-similarity,4
sucharush/gte_hard,456,sentence-similarity,pipeline_tag,sentence-similarity,4
Surbhipatil/gte-small,457,sentence-similarity,pipeline_tag,sentence-similarity,4
julpiro/MNLP_M3_document_encoder,458,sentence-similarity,pipeline_tag,sentence-similarity,4
Oussama1209/MNLP_M3_document_encoder,459,feature-extraction,pipeline_tag,feature-extraction,1
emilecornamusaz/MNLP_M3_document_encoder,460,feature-extraction,pipeline_tag,feature-extraction,1
raphassaraf/MNLP_M2_document_encoder,461,feature-extraction,pipeline_tag,feature-extraction,1
Alexhuou/MNLP_M2_document_encoder,462,sentence-similarity,pipeline_tag,sentence-similarity,4
viols/MNLP_M3_document_encoder,463,sentence-similarity,pipeline_tag,sentence-similarity,4
igzi/MNLP_M2_document_encoder,464,feature-extraction,pipeline_tag,feature-extraction,1
ramprasad571/U4_MH2_RAM,465,feature-extraction,pipeline_tag,feature-extraction,1
emiliensilly/MNLP_M3_document_encoder,466,sentence-similarity,pipeline_tag,sentence-similarity,4
imaneb942/MNLP_M2_document_encoder,467,sentence-similarity,pipeline_tag,sentence-similarity,4
biggunnyso4/stella_en_400M_v5_cpu,468,sentence-similarity,pipeline_tag,sentence-similarity,4
MusYW/MNLP_M3_document_encoder,469,sentence-similarity,pipeline_tag,sentence-similarity,4
Mass-14/MNLP_M3_document_encoder,470,sentence-similarity,pipeline_tag,sentence-similarity,4
adamezzaim/MNLP_M3_document_encoder,471,feature-extraction,pipeline_tag,feature-extraction,1
chakatoptisol/nomic-embed-text-for-asset-management,472,sentence-similarity,pipeline_tag,sentence-similarity,4
mitanshu-reckonsys/mxbai-embed-large-v1,473,feature-extraction,pipeline_tag,feature-extraction,1
igzi/MNLP_M3_document_encoder,474,feature-extraction,pipeline_tag,feature-extraction,1
Stergios-Konstantinidis/MNLP_M3_tokenizer,475,sentence-similarity,pipeline_tag,sentence-similarity,4
pmdlt/MNLP_M3_document_encoder,476,feature-extraction,pipeline_tag,feature-extraction,1
Ruthvikkk/MNLP_M3_document_encoder,477,sentence-similarity,pipeline_tag,sentence-similarity,4
sucharush/e5_stem_finetuned,478,sentence-similarity,pipeline_tag,sentence-similarity,4
Alexhuou/MNLP_M3_document_encoder,479,sentence-similarity,pipeline_tag,sentence-similarity,4
yodayo-ai/jina-embeddings-v2-small-en-st,480,feature-extraction,pipeline_tag,feature-extraction,1
matyaydin/MNLP_M2_document_encoder,481,feature-extraction,pipeline_tag,feature-extraction,1
Kapturz0ny/wiki-retriver,482,feature-extraction,pipeline_tag,feature-extraction,1
arnaultsta/MNLP_M3_document_encoder,483,feature-extraction,pipeline_tag,feature-extraction,1
anlanwang925/MNLP_M3_document_encoder_test5,484,feature-extraction,pipeline_tag,feature-extraction,1
adriencleme/MNLP_M2_document_encoder,485,sentence-similarity,pipeline_tag,sentence-similarity,4
arnaultsta/MNLP_M2_document_encoder,486,feature-extraction,pipeline_tag,feature-extraction,1
novelcore/model15,487,sentence-similarity,pipeline_tag,sentence-similarity,4
adriencleme/MNLP_M3_document_encoder,488,sentence-similarity,pipeline_tag,sentence-similarity,4
michaelfeil/ct2fast-e5-small-v2,489,sentence-similarity,pipeline_tag,sentence-similarity,4
matyaydin/MNLP_M3_document_encoder,490,feature-extraction,pipeline_tag,feature-extraction,1
Yunziyou/mxbai-embed-large-v1,491,feature-extraction,pipeline_tag,feature-extraction,1
novelcore/model13,492,feature-extraction,pipeline_tag,feature-extraction,1
FuturoEdu/embed,493,sentence-similarity,pipeline_tag,sentence-similarity,4
williammasdon/snowflake-arctic-embed-m-v2,494,sentence-similarity,pipeline_tag,sentence-similarity,4
MidnightPhreaker/nomic-embed-text-v1.5-onnx,495,sentence-similarity,pipeline_tag,sentence-similarity,4
Youssefbou62/test_encoder,496,sentence-similarity,pipeline_tag,sentence-similarity,4
nskeatts/bge-large-en-v1.5-openvino-8bit,497,feature-extraction,pipeline_tag,feature-extraction,1
OmarIDK/MNLP_M3_document_encoder,498,sentence-similarity,pipeline_tag,sentence-similarity,4
novelcore/model17,499,sentence-similarity,pipeline_tag,sentence-similarity,4
madmaxldg/test-bge-small-en-v1.5,500,feature-extraction,pipeline_tag,feature-extraction,1
dansporici/NoInstruct-small-Embedding-v0-doc-cls,501,sentence-similarity,pipeline_tag,sentence-similarity,4
arthurxx0101/snowflake-arctic-embed-l-v2.0,502,sentence-similarity,pipeline_tag,sentence-similarity,4
siliconblade/nomic-embed-text-v1.5,503,sentence-similarity,pipeline_tag,sentence-similarity,4
SRA25/e5basev2,504,sentence-similarity,pipeline_tag,sentence-similarity,4
Aksml123/snowflake-arctic-embed-l-v2.0,505,sentence-similarity,pipeline_tag,sentence-similarity,4
dansporici/NoInstruct-small-Embedding-v0-query-mean,506,sentence-similarity,pipeline_tag,sentence-similarity,4
novelcore/model16,507,feature-extraction,pipeline_tag,feature-extraction,1
AlisherAmirbek/fine-tuned-bge-small,508,feature-extraction,pipeline_tag,feature-extraction,1
MidnightPhreaker/Text_Embedder-ONNX-INT8,509,sentence-similarity,pipeline_tag,sentence-similarity,4
beaupi/nomic-embed-text-v1.5-oQ8,510,sentence-similarity,pipeline_tag,sentence-similarity,4
yjoonjang/e5-large-sparseq,511,sentence-similarity,pipeline_tag,sentence-similarity,4
beaupi/nomic-embed-text-v1.5-oQ6,512,sentence-similarity,pipeline_tag,sentence-similarity,4
Gem-Software/stella-v5.2-boost15,513,sentence-similarity,pipeline_tag,sentence-similarity,4
Traii/predictindustryforcallcenter,514,sentence-similarity,pipeline_tag,sentence-similarity,4
NeuralTrustBank/jina-embeddings-v2-base-en,515,feature-extraction,pipeline_tag,feature-extraction,1
Ashokreddy6/CounselAssistant-RetrieverV1,516,sentence-similarity,pipeline_tag,sentence-similarity,4
test-ksaw/nomic-embed-text-v1,517,sentence-similarity,pipeline_tag,sentence-similarity,4
Ashokreddy6/CounselAssistantV2-retriever,518,sentence-similarity,pipeline_tag,sentence-similarity,4
Ashokreddy6/CounselAssistant-Retriever,519,sentence-similarity,pipeline_tag,sentence-similarity,4
Fuurkan/chatbot-instructor-model,520,sentence-similarity,pipeline_tag,sentence-similarity,4
mchatton/bge-base-en-v1.5-openvino,521,feature-extraction,pipeline_tag,feature-extraction,1
beaupi/mxbai-embed-large-v1-oQ6,522,feature-extraction,pipeline_tag,feature-extraction,1
kshitijpandey3h/bge-large-agri-fused-8,523,feature-extraction,pipeline_tag,feature-extraction,1
onnx-community/b1ade-embed-kd-ONNX,524,sentence-similarity,pipeline_tag,sentence-similarity,4
pashaa/bge-base-en-v1.5,525,feature-extraction,pipeline_tag,feature-extraction,1
nightowl521/gte-large-en-v1.5,526,sentence-similarity,pipeline_tag,sentence-similarity,4
jaluma/mxbai-embed-large-v1,527,feature-extraction,pipeline_tag,feature-extraction,1
Gidigi/gidigi_616da35f_0003,528,feature-extraction,pipeline_tag,feature-extraction,1
Karmukilan/nomic-embed-text-v1,529,sentence-similarity,pipeline_tag,sentence-similarity,4
gabor-hosu/GritLM-7B-bnb-4bit,530,text-generation,pipeline_tag,text-generation,6
luciferMorningstarOmega/e5-base-v2,531,sentence-similarity,pipeline_tag,sentence-similarity,4
beaupi/mxbai-embed-large-v1-oQ8,532,feature-extraction,pipeline_tag,feature-extraction,1
tokiers/M2V_base_glove_subword,533,sentence-similarity,model_index,sentence-similarity,4
kiranbeethoju/MedVectors-base-v0.1,534,feature-extraction,pipeline_tag,feature-extraction,1
Long0409/bge-small-en-v1.5,535,feature-extraction,pipeline_tag,feature-extraction,1
Karmukilan/e5-base-v2,536,sentence-similarity,pipeline_tag,sentence-similarity,4
Amirktk0312/resume-screener-bge-finetuned,537,feature-extraction,pipeline_tag,feature-extraction,1
PrimusPartners/BGE_tuned,538,retrieval,model_index,Other,0
nilay-sam-23/bge-small-en-v1.5-onnx,539,feature-extraction,pipeline_tag,feature-extraction,1
Karmukilan/e5-small-v2,540,sentence-similarity,pipeline_tag,sentence-similarity,4
LuckyJason/bge-small-en-v1.5,541,feature-extraction,pipeline_tag,feature-extraction,1
cherishlh/bge-large-en-v1.5,542,feature-extraction,pipeline_tag,feature-extraction,1
KirinWong/bge-large-en-v1.5,543,feature-extraction,pipeline_tag,feature-extraction,1
joelnishanthreddy/clipper-bge-base-en,544,feature-extraction,pipeline_tag,feature-extraction,1
star-moon/bge-small-en-v1.5,545,feature-extraction,pipeline_tag,feature-extraction,1
kshitijpandey3h/bge-large-agri-fused-10,546,feature-extraction,pipeline_tag,feature-extraction,1
JSCreatorPro/offline-cpu-e5-large-v2,547,sentence-similarity,pipeline_tag,sentence-similarity,4
harsh-cisco/bge-small-en-v1.5,548,feature-extraction,pipeline_tag,feature-extraction,1
JSCreatorPro/offline-cpu-bge-base-en,549,feature-extraction,pipeline_tag,feature-extraction,1
SkyeTeam/stella_en_400m,550,sentence-similarity,pipeline_tag,sentence-similarity,4
JSCreatorPro/offline-cpu-bge-small-en,551,feature-extraction,pipeline_tag,feature-extraction,1
rafa04/instructor-base,552,sentence-similarity,pipeline_tag,sentence-similarity,4
kshitijpandey3h/bge-large-agri-fused-5,553,feature-extraction,pipeline_tag,feature-extraction,1
ohnokayden/bge-large-en-v1.5,554,feature-extraction,pipeline_tag,feature-extraction,1
pingkeest/learning2_model,555,sentence-similarity,pipeline_tag,sentence-similarity,4
kshitijpandey3h/bge-large-agri-fused-2,556,feature-extraction,pipeline_tag,feature-extraction,1
barisaydin/gte-large,557,sentence-similarity,pipeline_tag,sentence-similarity,4
shubham-bgi/UAE-Large,558,feature-extraction,pipeline_tag,feature-extraction,1
bijaygurung/stella_en_400M_v5,559,sentence-similarity,pipeline_tag,sentence-similarity,4
barisaydin/gte-base,560,sentence-similarity,pipeline_tag,sentence-similarity,4
starsy/bge-en-icl,561,feature-extraction,pipeline_tag,feature-extraction,1
OysterHR/gte-base-en-v1.5,562,sentence-similarity,pipeline_tag,sentence-similarity,4
jburmeister/stella_en_400M_v5,563,sentence-similarity,pipeline_tag,sentence-similarity,4
davidpeer/gte-small,564,sentence-similarity,pipeline_tag,sentence-similarity,4
sigridjineth/stella_en_1.5B_v5_sigrid,565,sentence-similarity,pipeline_tag,sentence-similarity,4
blevlabs/stella_en_v5,566,sentence-similarity,pipeline_tag,sentence-similarity,4
tomaarsen/mxbai-embed-large-v1-test,567,feature-extraction,pipeline_tag,feature-extraction,1
bennegeek/stella_en_1.5B_v5,568,sentence-similarity,pipeline_tag,sentence-similarity,4
lgbird/stella_1.5B_custom,569,sentence-similarity,pipeline_tag,sentence-similarity,4
linhphanff/stella_en_1.5B_v5_clone,570,sentence-similarity,pipeline_tag,sentence-similarity,4
CAiRE/UniVaR-lambda-5,571,sentence-similarity,pipeline_tag,sentence-similarity,4
onnx-community/NoInstruct-small-Embedding-v0-ONNX,572,sentence-similarity,pipeline_tag,sentence-similarity,4
CAiRE/UniVaR-lambda-20,573,sentence-similarity,pipeline_tag,sentence-similarity,4
delwinn/stella_en_1.5B_v5,574,feature-extraction,pipeline_tag,feature-extraction,1
vectoriseai/gte-base,575,sentence-similarity,pipeline_tag,sentence-similarity,4
billatsectorflow/stella_en_1.5B_v5,576,sentence-similarity,pipeline_tag,sentence-similarity,4
CAiRE/UniVaR-lambda-80,577,sentence-similarity,pipeline_tag,sentence-similarity,4
michaelfeil/ct2fast-e5-large,578,sentence-similarity,pipeline_tag,sentence-similarity,4
CAiRE/UniVaR-lambda-1,579,sentence-similarity,pipeline_tag,sentence-similarity,4
recipe/embeddings,580,sentence-similarity,pipeline_tag,sentence-similarity,4
markaw/NV-Embed-v2,581,feature-extraction,pipeline_tag,feature-extraction,1
compressa-ai/Compressa-Embeddings,582,feature-extraction,pipeline_tag,feature-extraction,1
tomaarsen/bge-base-en-v1.5,583,feature-extraction,pipeline_tag,feature-extraction,1
Narsil/bge-base-en,584,sentence-similarity,pipeline_tag,sentence-similarity,4
arcdev/SFR-Embedding-Mistral,585,feature-extraction,pipeline_tag,feature-extraction,1
PotatoOff/mxbai-embed-large-safetensors,586,feature-extraction,pipeline_tag,feature-extraction,1
barisaydin/text2vec-base-multilingual,587,sentence-similarity,pipeline_tag,sentence-similarity,4
Severian/nomic,588,feature-extraction,pipeline_tag,feature-extraction,1
suhaan7988/bge-large-en-v1.5-int8-onnx,589,feature-extraction,pipeline_tag,feature-extraction,1
atian-chapters/Chapters-SFR-Embedding-Mistral,590,feature-extraction,pipeline_tag,feature-extraction,1
ekorman-strive/bge-large-en-v1.5,591,feature-extraction,pipeline_tag,feature-extraction,1
liddlefish/privacy_embedding_rag_10k_base_final,592,feature-extraction,pipeline_tag,feature-extraction,1
rlsChapters/Chapters-SFR-Embedding-Mistral,593,feature-extraction,pipeline_tag,feature-extraction,1
vectoriseai/bge-small-en,594,sentence-similarity,pipeline_tag,sentence-similarity,4
michaelfeil/ct2fast-e5-large-v2,595,sentence-similarity,pipeline_tag,sentence-similarity,4
vectoriseai/bge-large-en-v1.5,596,feature-extraction,pipeline_tag,feature-extraction,1
liddlefish/privacy_embedding_rag_10k_base_checkpoint_2,597,feature-extraction,pipeline_tag,feature-extraction,1
liddlefish/privacy_embedding_rag_10k_base_12_final,598,feature-extraction,pipeline_tag,feature-extraction,1
alexlimh/jasper_en_vision_language_v1,599,sentence-similarity,model_index,sentence-similarity,4
vectoriseai/e5-base,600,sentence-similarity,pipeline_tag,sentence-similarity,4
tomaarsen/mxbai-embed-large-v1-exported,601,feature-extraction,pipeline_tag,feature-extraction,1
vectoriseai/bge-base-en-v1.5,602,feature-extraction,pipeline_tag,feature-extraction,1
lightbird-ai/nomic,603,sentence-similarity,pipeline_tag,sentence-similarity,4
binqiangliu/EmbeddingModlebgelargeENv1.5,604,feature-extraction,pipeline_tag,feature-extraction,1
onnx-community/GIST-all-MiniLM-L6-v2-ONNX,605,sentence-similarity,pipeline_tag,sentence-similarity,4
hsikchi/dump,606,feature-extraction,pipeline_tag,feature-extraction,1
liddlefish/privacy_embedding_bge_small_synthetic,607,feature-extraction,pipeline_tag,feature-extraction,1
odunola/UAE-Large-VI,608,feature-extraction,pipeline_tag,feature-extraction,1
liddlefish/privacy_embedding_rag_10k_tmp,609,feature-extraction,pipeline_tag,feature-extraction,1
joteqwork/new_gsev0,610,sentence-similarity,pipeline_tag,sentence-similarity,4
vectoriseai/ember-v1,611,feature-extraction,pipeline_tag,feature-extraction,1
michaelfeil/ct2fast-bge-base-en-v1.5,612,feature-extraction,pipeline_tag,feature-extraction,1
michaelfeil/ct2fast-e5-small,613,sentence-similarity,pipeline_tag,sentence-similarity,4
liddlefish/privacyembeddingv2_bge_small,614,feature-extraction,pipeline_tag,feature-extraction,1
cgldo/semanticClone,615,sentence-similarity,pipeline_tag,sentence-similarity,4
michaelfeil/ct2fast-gte-base,616,sentence-similarity,pipeline_tag,sentence-similarity,4
daemonicai/bge-micro-v2,617,sentence-similarity,pipeline_tag,sentence-similarity,4
michaelfeil/ct2fast-bge-large-en-v1.5,618,feature-extraction,pipeline_tag,feature-extraction,1
michaelfeil/ct2fast-gte-large,619,sentence-similarity,pipeline_tag,sentence-similarity,4
TitanML/jina-v2-base-en-embed,620,feature-extraction,pipeline_tag,feature-extraction,1
tomaarsen/bge-small-en-v1.5-copy,621,feature-extraction,pipeline_tag,feature-extraction,1
ggrn/e5-small-v2,622,feature-extraction,pipeline_tag,feature-extraction,1
vectoriseai/e5-base-v2,623,sentence-similarity,pipeline_tag,sentence-similarity,4
vectoriseai/e5-large,624,sentence-similarity,pipeline_tag,sentence-similarity,4
retrainai/instructor-xl,625,sentence-similarity,pipeline_tag,sentence-similarity,4
jamesdborin/jina-v2-base-en-embed,626,feature-extraction,pipeline_tag,feature-extraction,1
weakit-v/bge-base-en-v1.5-onnx,627,feature-extraction,pipeline_tag,feature-extraction,1
Geolumina/instructor-xl,628,sentence-similarity,pipeline_tag,sentence-similarity,4
dhairya0907/thenlper-get-large,629,sentence-similarity,pipeline_tag,sentence-similarity,4
barisaydin/bge-large-en,630,feature-extraction,pipeline_tag,feature-extraction,1
vectoriseai/e5-small-v2,631,sentence-similarity,pipeline_tag,sentence-similarity,4
liddlefish/privacy_embedding_rag,632,feature-extraction,pipeline_tag,feature-extraction,1
Consensus/instructor-base,633,sentence-similarity,pipeline_tag,sentence-similarity,4
newsrx/instructor-xl-newsrx,634,sentence-similarity,pipeline_tag,sentence-similarity,4
mixamrepijey/instructor-models,635,sentence-similarity,pipeline_tag,sentence-similarity,4
Koat/gte-tiny,636,sentence-similarity,pipeline_tag,sentence-similarity,4
vectoriseai/gte-large,637,sentence-similarity,pipeline_tag,sentence-similarity,4
odunola/e5-base-v2,638,feature-extraction,pipeline_tag,feature-extraction,1
vectoriseai/e5-large-v2,639,sentence-similarity,pipeline_tag,sentence-similarity,4
onnx-community/bge-large-en-ONNX,640,feature-extraction,pipeline_tag,feature-extraction,1
newsrx/instructor-large,641,sentence-similarity,pipeline_tag,sentence-similarity,4
vectoriseai/gte-small,642,sentence-similarity,pipeline_tag,sentence-similarity,4
barisaydin/gte-small,643,sentence-similarity,pipeline_tag,sentence-similarity,4
srikanthmalla/hkunlp-instructor-xl,644,sentence-similarity,pipeline_tag,sentence-similarity,4
t12e/instructor-base,645,sentence-similarity,pipeline_tag,sentence-similarity,4
michaelfeil/ct2fast-bge-small-en-v1.5,646,feature-extraction,pipeline_tag,feature-extraction,1
fresha/e5-large-v2-endpoint,647,feature-extraction,pipeline_tag,feature-extraction,1
newsrx/instructor-large-newsrx,648,sentence-similarity,pipeline_tag,sentence-similarity,4
bhavnicksm/brown-beetle-small-v1.1,649,retrieval,model_index,Other,0
bhavnicksm/brown-beetle-base-v1.1,650,retrieval,model_index,Other,0
retrieva-jp/amber-base,651,feature-extraction,pipeline_tag,feature-extraction,1
retrieva-jp/amber-large,652,feature-extraction,pipeline_tag,feature-extraction,1
aari1995/German_Semantic_STS_V2,653,sentence-similarity,pipeline_tag,sentence-similarity,4
Jaume/gemma-2b-embeddings,654,sentence-similarity,pipeline_tag,sentence-similarity,4
RedHatAI/bge-large-en-v1.5-quant,655,feature-extraction,pipeline_tag,feature-extraction,1
sergabrr/tourrf-e5-large-en-ru-v3-tuned,656,sentence-similarity,pipeline_tag,sentence-similarity,4
sergabrr/tourrf-e5-large-en-ru-v5-tuned,657,sentence-similarity,pipeline_tag,sentence-similarity,4
d0rj/e5-large-en-ru,658,sentence-similarity,pipeline_tag,sentence-similarity,4
ai-forever/ru-en-RoSBERTa,659,feature-extraction,pipeline_tag,feature-extraction,1
ai-forever/FRIDA,660,feature-extraction,pipeline_tag,feature-extraction,1
ViktorZver/FRIDA,661,feature-extraction,pipeline_tag,feature-extraction,1
LeoCristt/hackathon-embedding-model,662,feature-extraction,pipeline_tag,feature-extraction,1
dqubit/FRIDA-F16,663,feature-extraction,pipeline_tag,feature-extraction,1
thunderbasil/ru-en-RoSBERTa,664,feature-extraction,pipeline_tag,feature-extraction,1
Gotoro/FRIDA-onnx,665,feature-extraction,pipeline_tag,feature-extraction,1
TencentBAC/Conan-embedding-v1,666,sentence-similarity,model_index,sentence-similarity,4
dunzhang/stella-mrl-large-zh-v3.5-1792d,667,sentence-similarity,pipeline_tag,sentence-similarity,4
jinaai/jina-embeddings-v2-base-zh,668,feature-extraction,pipeline_tag,feature-extraction,1
thenlper/gte-large-zh,669,sentence-similarity,pipeline_tag,sentence-similarity,4
infgrad/stella-large-zh-v2,670,sentence-similarity,pipeline_tag,sentence-similarity,4
thenlper/gte-base-zh,671,sentence-similarity,pipeline_tag,sentence-similarity,4
thenlper/gte-small-zh,672,sentence-similarity,pipeline_tag,sentence-similarity,4
infgrad/stella-base-zh-v3-1792d,673,sentence-similarity,pipeline_tag,sentence-similarity,4
aspire/acge_text_embedding,674,sentence-similarity,pipeline_tag,sentence-similarity,4
DMetaSoul/Dmeta-embedding-zh,675,feature-extraction,pipeline_tag,feature-extraction,1
iampanda/zpoint_large_embedding_zh,676,sentence-similarity,model_index,sentence-similarity,4
malenia1/ternary-weight-embedding,677,text-classification,model_index,text-classification,5
dunzhang/stella-large-zh-v3-1792d,678,sentence-similarity,pipeline_tag,sentence-similarity,4
lier007/xiaobu-embedding-v2,679,sentence-similarity,model_index,sentence-similarity,4
IEITYuan/Yuan-embedding-1.0,680,sentence-similarity,model_index,sentence-similarity,4
sensenova/piccolo-base-zh,681,feature-extraction,pipeline_tag,feature-extraction,1
infgrad/stella-base-zh-v2,682,sentence-similarity,pipeline_tag,sentence-similarity,4
Classical/Yinka,683,feature-extraction,pipeline_tag,feature-extraction,1
DMetaSoul/Dmeta-embedding-zh-small,684,feature-extraction,pipeline_tag,feature-extraction,1
lier007/xiaobu-embedding,685,feature-extraction,pipeline_tag,feature-extraction,1
sensenova/piccolo-large-zh,686,feature-extraction,pipeline_tag,feature-extraction,1
infgrad/stella-base-zh,687,feature-extraction,pipeline_tag,feature-extraction,1
sensenova/piccolo-large-zh-v2,688,sentence-similarity,model_index,sentence-similarity,4
towing/gte-small-zh,689,sentence-similarity,pipeline_tag,sentence-similarity,4
Amu/tao,690,sentence-similarity,pipeline_tag,sentence-similarity,4
silverjam/jina-embeddings-v2-base-zh,691,feature-extraction,pipeline_tag,feature-extraction,1
Pristinenlp/alime-embedding-large-zh,692,feature-extraction,pipeline_tag,feature-extraction,1
infgrad/stella-large-zh,693,feature-extraction,pipeline_tag,feature-extraction,1
sentosa/ZNV-Embedding,694,text-generation,pipeline_tag,text-generation,6
Erin/mist-zh,695,feature-extraction,pipeline_tag,feature-extraction,1
andrewstone/tao-8k,696,sentence-similarity,pipeline_tag,sentence-similarity,4
liujiarik/lim_base_zh,697,feature-extraction,pipeline_tag,feature-extraction,1
Lucky94629/gte-small-zh-onnx,698,sentence-similarity,pipeline_tag,sentence-similarity,4
zihaojing/piccolo-large-zh-v2,699,sentence-similarity,model_index,sentence-similarity,4
Lucky94629/piccolo-base-zh-onnx,700,sentence-similarity,model_index,sentence-similarity,4
T3LS/stella-mrl-large-zh-v3.5-1792d-1024,701,sentence-similarity,pipeline_tag,sentence-similarity,4
Research2NLP/electrical_stella,702,sentence-similarity,pipeline_tag,sentence-similarity,4
shanghung/stella-base-zh-v3-1792d,703,sentence-similarity,pipeline_tag,sentence-similarity,4
arkohut/jina-embeddings-v2-base-zh,704,feature-extraction,pipeline_tag,feature-extraction,1
karsar/gte-multilingual-base-hu,705,sentence-similarity,model_index,sentence-similarity,4
karsar/paraphrase-multilingual-MiniLM-L12-hu_v1,706,sentence-similarity,model_index,sentence-similarity,4
karsar/paraphrase-multilingual-MiniLM-L12-hu-v2,707,sentence-similarity,model_index,sentence-similarity,4
sdadas/mmlw-roberta-large,708,sentence-similarity,pipeline_tag,sentence-similarity,4
OrdalieTech/Solon-embeddings-large-0.1,709,feature-extraction,pipeline_tag,feature-extraction,1
sdadas/mmlw-roberta-base,710,sentence-similarity,pipeline_tag,sentence-similarity,4
sdadas/mmlw-e5-large,711,sentence-similarity,pipeline_tag,sentence-similarity,4
sdadas/mmlw-e5-base,712,sentence-similarity,pipeline_tag,sentence-similarity,4
sdadas/mmlw-e5-small,713,sentence-similarity,pipeline_tag,sentence-similarity,4
manu/sentence_croissant_alpha_v0.1,714,sentence-similarity,pipeline_tag,sentence-similarity,4
ILKT/2024-06-19_08-22-22,715,sentence-similarity,pipeline_tag,sentence-similarity,4
ILKT/2024-06-19_21-12-17,716,sentence-similarity,pipeline_tag,sentence-similarity,4
ILKT/2024-06-19_22-23-38,717,sentence-similarity,pipeline_tag,sentence-similarity,4
ILKT/2024-06-19_10-03-38,718,sentence-similarity,pipeline_tag,sentence-similarity,4
ILKT/2024-06-15_10-09-42,719,feature-extraction,pipeline_tag,feature-extraction,1
ILKT/2024-06-17_21-37-12,720,feature-extraction,pipeline_tag,feature-extraction,1
lbourdoispro/Solon-embeddings-large-0.1,721,sentence-similarity,model_index,sentence-similarity,4
ILKT/2024-06-19_22-27-15,722,sentence-similarity,pipeline_tag,sentence-similarity,4
ILKT/2024-06-24_22-31-18_epoch_11,723,sentence-similarity,pipeline_tag,sentence-similarity,4
ILKT/2024-06-24_22-31-18_epoch_28,724,sentence-similarity,pipeline_tag,sentence-similarity,4
ILKT/2024-06-24_22-31-18_epoch_30,725,sentence-similarity,pipeline_tag,sentence-similarity,4
ILKT/2024-06-24_22-31-28_epoch_40,726,sentence-similarity,pipeline_tag,sentence-similarity,4
ILKT/2024-06-24_22-31-28_epoch_2,727,sentence-similarity,pipeline_tag,sentence-similarity,4
ILKT/2024-06-24_22-31-28_epoch_32,728,sentence-similarity,pipeline_tag,sentence-similarity,4
ILKT/2024-06-24_22-31-18_epoch_7,729,sentence-similarity,pipeline_tag,sentence-similarity,4
ILKT/2024-06-24_22-31-18_epoch_10,730,sentence-similarity,pipeline_tag,sentence-similarity,4
ILKT/2024-06-24_00-11-56_epoch_7,731,sentence-similarity,pipeline_tag,sentence-similarity,4
ILKT/2024-06-24_22-31-18_epoch_6,732,sentence-similarity,pipeline_tag,sentence-similarity,4
ILKT/2024-06-24_22-31-28_epoch_3,733,sentence-similarity,pipeline_tag,sentence-similarity,4
ILKT/2024-06-24_22-31-18_epoch_50,734,sentence-similarity,pipeline_tag,sentence-similarity,4
ILKT/2024-06-24_22-31-18_epoch_32,735,sentence-similarity,pipeline_tag,sentence-similarity,4
ILKT/2024-06-22_12-37-29_epoch_9,736,sentence-similarity,pipeline_tag,sentence-similarity,4
ILKT/2024-06-24_22-31-18_epoch_2,737,sentence-similarity,pipeline_tag,sentence-similarity,4
ILKT/2024-06-24_22-31-28_epoch_9,738,sentence-similarity,pipeline_tag,sentence-similarity,4
ILKT/2024-06-24_22-31-28_epoch_21,739,sentence-similarity,pipeline_tag,sentence-similarity,4
ILKT/2024-06-24_22-31-18_epoch_64,740,sentence-similarity,pipeline_tag,sentence-similarity,4
ILKT/2024-06-24_22-31-18_epoch_4,741,sentence-similarity,pipeline_tag,sentence-similarity,4
ILKT/2024-06-23_09-09-07_epoch_12,742,sentence-similarity,pipeline_tag,sentence-similarity,4
ILKT/2024-06-24_22-31-28_epoch_22,743,sentence-similarity,pipeline_tag,sentence-similarity,4
ILKT/2024-06-24_22-31-18_epoch_1,744,sentence-similarity,pipeline_tag,sentence-similarity,4
ILKT/2024-06-24_22-31-18_epoch_40,745,sentence-similarity,pipeline_tag,sentence-similarity,4
ILKT/2024-06-24_22-31-18_epoch_31,746,sentence-similarity,pipeline_tag,sentence-similarity,4
ILKT/2024-06-23_09-09-07_epoch_9,747,sentence-similarity,pipeline_tag,sentence-similarity,4
ILKT/2024-06-24_00-11-56_epoch_5,748,sentence-similarity,pipeline_tag,sentence-similarity,4
ILKT/2024-06-24_22-31-18_epoch_55,749,sentence-similarity,pipeline_tag,sentence-similarity,4
ILKT/2024-06-24_22-31-18_epoch_42,750,sentence-similarity,pipeline_tag,sentence-similarity,4
ILKT/2024-06-24_22-31-28_epoch_55,751,sentence-similarity,pipeline_tag,sentence-similarity,4
ILKT/2024-06-24_22-31-28_epoch_62,752,sentence-similarity,pipeline_tag,sentence-similarity,4
ILKT/2024-06-24_22-31-28_epoch_47,753,sentence-similarity,pipeline_tag,sentence-similarity,4
ILKT/2024-06-24_22-31-28_epoch_6,754,sentence-similarity,pipeline_tag,sentence-similarity,4
ILKT/2024-06-24_22-31-28_epoch_1,755,sentence-similarity,pipeline_tag,sentence-similarity,4
ILKT/2024-06-24_22-31-28_epoch_10,756,sentence-similarity,pipeline_tag,sentence-similarity,4
ILKT/2024-06-24_22-31-28_epoch_30,757,sentence-similarity,pipeline_tag,sentence-similarity,4
ILKT/2024-06-24_22-31-18_epoch_51,758,sentence-similarity,pipeline_tag,sentence-similarity,4
ILKT/2024-06-24_22-31-18_epoch_66,759,sentence-similarity,pipeline_tag,sentence-similarity,4
ILKT/2024-06-24_22-31-18_epoch_8,760,sentence-similarity,pipeline_tag,sentence-similarity,4
ILKT/2024-06-24_22-31-18_epoch_18,761,sentence-similarity,pipeline_tag,sentence-similarity,4
ILKT/2024-06-24_22-31-18_epoch_29,762,sentence-similarity,pipeline_tag,sentence-similarity,4
ILKT/2024-06-24_22-31-28_epoch_20,763,sentence-similarity,pipeline_tag,sentence-similarity,4
ILKT/2024-06-23_09-09-07_epoch_3,764,sentence-similarity,pipeline_tag,sentence-similarity,4
ILKT/2024-06-22_12-37-29_epoch_10,765,sentence-similarity,pipeline_tag,sentence-similarity,4
ILKT/2024-06-24_22-31-18_epoch_35,766,sentence-similarity,pipeline_tag,sentence-similarity,4
ILKT/2024-06-24_22-31-18_epoch_3,767,sentence-similarity,pipeline_tag,sentence-similarity,4
ILKT/2024-06-24_22-31-18_epoch_41,768,sentence-similarity,pipeline_tag,sentence-similarity,4
ILKT/2024-06-23_09-09-07_epoch_11,769,sentence-similarity,pipeline_tag,sentence-similarity,4
ILKT/2024-06-24_22-31-18_epoch_65,770,sentence-similarity,pipeline_tag,sentence-similarity,4
ILKT/2024-06-24_22-31-28_epoch_5,771,sentence-similarity,pipeline_tag,sentence-similarity,4
ILKT/2024-06-24_22-31-18_epoch_26,772,sentence-similarity,pipeline_tag,sentence-similarity,4
ILKT/2024-06-24_22-31-28_epoch_46,773,sentence-similarity,pipeline_tag,sentence-similarity,4
ILKT/2024-06-24_22-31-28_epoch_60,774,sentence-similarity,pipeline_tag,sentence-similarity,4
ILKT/2024-06-24_22-31-28_epoch_23,775,sentence-similarity,pipeline_tag,sentence-similarity,4
ILKT/2024-06-23_09-09-07_epoch_1,776,sentence-similarity,pipeline_tag,sentence-similarity,4
ILKT/2024-06-24_22-31-28_epoch_41,777,sentence-similarity,pipeline_tag,sentence-similarity,4
ILKT/2024-06-24_22-31-28_epoch_19,778,sentence-similarity,pipeline_tag,sentence-similarity,4
ILKT/2024-06-24_22-31-28_epoch_12,779,sentence-similarity,pipeline_tag,sentence-similarity,4
ILKT/2024-06-24_00-11-56_epoch_1,780,sentence-similarity,pipeline_tag,sentence-similarity,4
ILKT/2024-06-24_22-31-18_epoch_68,781,sentence-similarity,pipeline_tag,sentence-similarity,4
ILKT/2024-06-23_09-09-07_epoch_4,782,sentence-similarity,pipeline_tag,sentence-similarity,4
ILKT/2024-06-24_22-31-28_epoch_25,783,sentence-similarity,pipeline_tag,sentence-similarity,4
ILKT/2024-06-24_22-31-18_epoch_22,784,sentence-similarity,pipeline_tag,sentence-similarity,4
ILKT/2024-06-24_22-31-18_epoch_46,785,sentence-similarity,pipeline_tag,sentence-similarity,4
ILKT/2024-06-24_22-31-18_epoch_5,786,sentence-similarity,pipeline_tag,sentence-similarity,4
ILKT/2024-06-24_22-31-28_epoch_58,787,sentence-similarity,pipeline_tag,sentence-similarity,4
ILKT/2024-06-24_22-31-28_epoch_4,788,sentence-similarity,pipeline_tag,sentence-similarity,4
ILKT/2024-06-24_22-31-28_epoch_16,789,sentence-similarity,pipeline_tag,sentence-similarity,4
ILKT/2024-06-24_22-31-28_epoch_24,790,sentence-similarity,pipeline_tag,sentence-similarity,4
ILKT/2024-06-24_00-11-56_epoch_3,791,sentence-similarity,pipeline_tag,sentence-similarity,4
ILKT/2024-06-24_22-31-28_epoch_65,792,sentence-similarity,pipeline_tag,sentence-similarity,4
ILKT/2024-06-24_22-31-28_epoch_37,793,sentence-similarity,pipeline_tag,sentence-similarity,4
ILKT/2024-06-24_22-31-28_epoch_33,794,sentence-similarity,pipeline_tag,sentence-similarity,4
ILKT/2024-06-24_22-31-18_epoch_23,795,sentence-similarity,pipeline_tag,sentence-similarity,4
ILKT/2024-06-24_22-31-28_epoch_66,796,sentence-similarity,pipeline_tag,sentence-similarity,4
ILKT/2024-06-24_22-31-28_epoch_14,797,sentence-similarity,pipeline_tag,sentence-similarity,4
ILKT/2024-06-23_09-09-07_epoch_10,798,sentence-similarity,pipeline_tag,sentence-similarity,4
ILKT/2024-06-24_22-31-28_epoch_39,799,sentence-similarity,pipeline_tag,sentence-similarity,4
ILKT/2024-06-23_09-09-07_epoch_13,800,sentence-similarity,pipeline_tag,sentence-similarity,4
ILKT/2024-06-24_22-31-28_epoch_18,801,sentence-similarity,pipeline_tag,sentence-similarity,4
ILKT/2024-06-24_22-31-18_epoch_21,802,sentence-similarity,pipeline_tag,sentence-similarity,4
ILKT/2024-06-24_22-31-28_epoch_8,803,sentence-similarity,pipeline_tag,sentence-similarity,4
ILKT/2024-06-23_09-09-07_epoch_6,804,sentence-similarity,pipeline_tag,sentence-similarity,4
ILKT/2024-06-24_22-31-18_epoch_19,805,sentence-similarity,pipeline_tag,sentence-similarity,4
ILKT/2024-06-24_22-31-28_epoch_68,806,sentence-similarity,pipeline_tag,sentence-similarity,4
ILKT/2024-06-23_09-09-07_epoch_2,807,sentence-similarity,pipeline_tag,sentence-similarity,4
ILKT/2024-06-24_22-31-28_epoch_48,808,sentence-similarity,pipeline_tag,sentence-similarity,4
ILKT/2024-06-24_22-31-28_epoch_31,809,sentence-similarity,pipeline_tag,sentence-similarity,4
ILKT/2024-06-24_22-31-28_epoch_51,810,sentence-similarity,pipeline_tag,sentence-similarity,4
ILKT/2024-06-24_22-31-28_epoch_17,811,sentence-similarity,pipeline_tag,sentence-similarity,4
ILKT/2024-06-22_12-37-29_epoch_12,812,sentence-similarity,pipeline_tag,sentence-similarity,4
ILKT/2024-06-22_12-37-29_epoch_6,813,sentence-similarity,pipeline_tag,sentence-similarity,4
ILKT/2024-06-24_22-31-18_epoch_62,814,sentence-similarity,pipeline_tag,sentence-similarity,4
ILKT/2024-06-24_22-31-18_epoch_56,815,sentence-similarity,pipeline_tag,sentence-similarity,4
ILKT/2024-06-24_22-31-28_epoch_73,816,sentence-similarity,pipeline_tag,sentence-similarity,4
ILKT/2024-06-24_22-31-28_epoch_27,817,sentence-similarity,pipeline_tag,sentence-similarity,4
ILKT/2024-06-22_12-37-29_epoch_5,818,sentence-similarity,pipeline_tag,sentence-similarity,4
ILKT/2024-06-22_12-37-29_epoch_8,819,sentence-similarity,pipeline_tag,sentence-similarity,4
ILKT/2024-06-23_09-09-07_epoch_5,820,sentence-similarity,pipeline_tag,sentence-similarity,4
ILKT/2024-06-24_22-31-18_epoch_36,821,sentence-similarity,pipeline_tag,sentence-similarity,4
ILKT/2024-06-24_22-31-28_epoch_70,822,sentence-similarity,pipeline_tag,sentence-similarity,4
ILKT/2024-06-24_22-31-28_epoch_7,823,sentence-similarity,pipeline_tag,sentence-similarity,4
ILKT/2024-06-22_12-37-29_epoch_13,824,sentence-similarity,pipeline_tag,sentence-similarity,4
ILKT/2024-06-24_22-31-28_epoch_59,825,sentence-similarity,pipeline_tag,sentence-similarity,4
ILKT/2024-06-24_22-31-28_epoch_13,826,sentence-similarity,pipeline_tag,sentence-similarity,4
ILKT/2024-06-24_22-31-28_epoch_11,827,sentence-similarity,pipeline_tag,sentence-similarity,4
ILKT/2024-06-22_12-37-29_epoch_7,828,sentence-similarity,pipeline_tag,sentence-similarity,4
ILKT/2024-06-24_22-31-28_epoch_50,829,sentence-similarity,pipeline_tag,sentence-similarity,4
ILKT/2024-06-24_22-31-18_epoch_38,830,sentence-similarity,pipeline_tag,sentence-similarity,4
ILKT/2024-06-24_22-31-18_epoch_39,831,sentence-similarity,pipeline_tag,sentence-similarity,4
ILKT/2024-06-24_22-31-18_epoch_27,832,sentence-similarity,pipeline_tag,sentence-similarity,4
ILKT/2024-06-24_22-31-18_epoch_48,833,sentence-similarity,pipeline_tag,sentence-similarity,4
ILKT/2024-06-24_22-31-18_epoch_17,834,sentence-similarity,pipeline_tag,sentence-similarity,4
ILKT/2024-06-24_22-31-18_epoch_15,835,sentence-similarity,pipeline_tag,sentence-similarity,4
ILKT/2024-06-24_22-31-28_epoch_63,836,sentence-similarity,pipeline_tag,sentence-similarity,4
ILKT/2024-06-24_22-31-28_epoch_29,837,sentence-similarity,pipeline_tag,sentence-similarity,4
ILKT/2024-06-24_22-31-28_epoch_69,838,sentence-similarity,pipeline_tag,sentence-similarity,4
ILKT/2024-06-24_22-31-18_epoch_44,839,sentence-similarity,pipeline_tag,sentence-similarity,4
ILKT/2024-06-24_22-31-28_epoch_42,840,sentence-similarity,pipeline_tag,sentence-similarity,4
ILKT/2024-06-24_22-31-28_epoch_52,841,sentence-similarity,pipeline_tag,sentence-similarity,4
ILKT/2024-06-24_00-11-56_epoch_6,842,sentence-similarity,pipeline_tag,sentence-similarity,4
ILKT/2024-06-24_22-31-28_epoch_35,843,sentence-similarity,pipeline_tag,sentence-similarity,4
ILKT/2024-06-24_22-31-18_epoch_20,844,sentence-similarity,pipeline_tag,sentence-similarity,4
ILKT/2024-06-23_09-09-07_epoch_7,845,sentence-similarity,pipeline_tag,sentence-similarity,4
ILKT/2024-06-24_22-31-28_epoch_43,846,sentence-similarity,pipeline_tag,sentence-similarity,4
ILKT/2024-06-22_12-37-29_epoch_11,847,sentence-similarity,pipeline_tag,sentence-similarity,4
ILKT/2024-06-24_22-31-18_epoch_58,848,sentence-similarity,pipeline_tag,sentence-similarity,4
ILKT/2024-06-24_22-31-18_epoch_14,849,sentence-similarity,pipeline_tag,sentence-similarity,4
ILKT/2024-06-23_09-09-07_epoch_8,850,sentence-similarity,pipeline_tag,sentence-similarity,4
ILKT/2024-06-24_22-31-28_epoch_74,851,sentence-similarity,pipeline_tag,sentence-similarity,4
ILKT/2024-06-24_22-31-18_epoch_34,852,sentence-similarity,pipeline_tag,sentence-similarity,4
ILKT/2024-06-24_22-31-28_epoch_44,853,sentence-similarity,pipeline_tag,sentence-similarity,4
ILKT/2024-06-24_22-31-28_epoch_71,854,sentence-similarity,pipeline_tag,sentence-similarity,4
ILKT/2024-06-24_22-31-28_epoch_61,855,sentence-similarity,pipeline_tag,sentence-similarity,4
ILKT/2024-06-24_22-31-18_epoch_74,856,sentence-similarity,pipeline_tag,sentence-similarity,4
ILKT/2024-06-24_22-31-28_epoch_36,857,sentence-similarity,pipeline_tag,sentence-similarity,4
ILKT/2024-06-24_22-31-18_epoch_71,858,sentence-similarity,pipeline_tag,sentence-similarity,4
ILKT/2024-06-24_22-31-18_epoch_63,859,sentence-similarity,pipeline_tag,sentence-similarity,4
ILKT/2024-06-24_22-31-28_epoch_15,860,sentence-similarity,pipeline_tag,sentence-similarity,4
ILKT/2024-06-24_22-31-18_epoch_9,861,sentence-similarity,pipeline_tag,sentence-similarity,4
ILKT/2024-06-24_22-31-18_epoch_25,862,sentence-similarity,pipeline_tag,sentence-similarity,4
ILKT/2024-06-24_00-11-56_epoch_4,863,sentence-similarity,pipeline_tag,sentence-similarity,4
ILKT/2024-06-22_12-37-29_epoch_1,864,sentence-similarity,pipeline_tag,sentence-similarity,4
ILKT/2024-06-24_22-31-28_epoch_64,865,sentence-similarity,pipeline_tag,sentence-similarity,4
ILKT/2024-06-22_12-37-29_epoch_3,866,sentence-similarity,pipeline_tag,sentence-similarity,4
ILKT/2024-06-24_22-31-28_epoch_34,867,sentence-similarity,pipeline_tag,sentence-similarity,4
ILKT/2024-06-24_00-11-56_epoch_2,868,sentence-similarity,pipeline_tag,sentence-similarity,4
ILKT/2024-06-24_22-31-18_epoch_57,869,sentence-similarity,pipeline_tag,sentence-similarity,4
ILKT/2024-06-24_22-31-18_epoch_67,870,sentence-similarity,pipeline_tag,sentence-similarity,4
ILKT/2024-06-24_22-31-18_epoch_33,871,sentence-similarity,pipeline_tag,sentence-similarity,4
ILKT/2024-06-24_22-31-18_epoch_60,872,sentence-similarity,pipeline_tag,sentence-similarity,4
ILKT/2024-06-24_22-31-18_epoch_59,873,sentence-similarity,pipeline_tag,sentence-similarity,4
ILKT/2024-06-24_22-31-18_epoch_16,874,sentence-similarity,pipeline_tag,sentence-similarity,4
ILKT/2024-06-24_22-31-18_epoch_52,875,sentence-similarity,pipeline_tag,sentence-similarity,4
ILKT/2024-06-24_22-31-18_epoch_43,876,sentence-similarity,pipeline_tag,sentence-similarity,4
ILKT/2024-06-24_22-31-18_epoch_53,877,sentence-similarity,pipeline_tag,sentence-similarity,4
ILKT/2024-06-24_22-31-18_epoch_69,878,sentence-similarity,pipeline_tag,sentence-similarity,4
ILKT/2024-06-24_22-31-18_epoch_70,879,sentence-similarity,pipeline_tag,sentence-similarity,4
ILKT/2024-06-24_22-31-18_epoch_45,880,sentence-similarity,pipeline_tag,sentence-similarity,4
ILKT/2024-06-24_22-31-28_epoch_72,881,sentence-similarity,pipeline_tag,sentence-similarity,4
ILKT/2024-06-24_22-31-18_epoch_24,882,sentence-similarity,pipeline_tag,sentence-similarity,4
ILKT/2024-06-24_22-31-18_epoch_72,883,sentence-similarity,pipeline_tag,sentence-similarity,4
ILKT/2024-06-24_22-31-18_epoch_73,884,sentence-similarity,pipeline_tag,sentence-similarity,4
ILKT/2024-06-24_22-31-28_epoch_53,885,sentence-similarity,pipeline_tag,sentence-similarity,4
ILKT/2024-06-22_12-37-29_epoch_14,886,sentence-similarity,pipeline_tag,sentence-similarity,4
ILKT/2024-06-24_22-31-18_epoch_12,887,sentence-similarity,pipeline_tag,sentence-similarity,4
ILKT/2024-06-24_22-31-28_epoch_26,888,sentence-similarity,pipeline_tag,sentence-similarity,4
ILKT/2024-06-24_22-31-28_epoch_28,889,sentence-similarity,pipeline_tag,sentence-similarity,4
ILKT/2024-06-22_12-37-29_epoch_2,890,sentence-similarity,pipeline_tag,sentence-similarity,4
ILKT/2024-06-24_22-31-28_epoch_56,891,sentence-similarity,pipeline_tag,sentence-similarity,4
ILKT/2024-06-24_22-31-18_epoch_75,892,sentence-similarity,pipeline_tag,sentence-similarity,4
ILKT/2024-06-24_22-31-28_epoch_45,893,sentence-similarity,pipeline_tag,sentence-similarity,4
ILKT/2024-06-24_22-31-28_epoch_49,894,sentence-similarity,pipeline_tag,sentence-similarity,4
ILKT/2024-06-24_22-31-18_epoch_61,895,sentence-similarity,pipeline_tag,sentence-similarity,4
ILKT/2024-06-24_22-31-18_epoch_13,896,sentence-similarity,pipeline_tag,sentence-similarity,4
ILKT/2024-06-24_22-31-28_epoch_57,897,sentence-similarity,pipeline_tag,sentence-similarity,4
ILKT/2024-06-24_22-31-28_epoch_54,898,sentence-similarity,pipeline_tag,sentence-similarity,4
ILKT/2024-06-24_22-31-28_epoch_38,899,sentence-similarity,pipeline_tag,sentence-similarity,4
ILKT/2024-06-24_22-31-18_epoch_49,900,sentence-similarity,pipeline_tag,sentence-similarity,4
ILKT/2024-06-24_22-31-18_epoch_47,901,sentence-similarity,pipeline_tag,sentence-similarity,4
ILKT/2024-06-24_22-31-18_epoch_37,902,sentence-similarity,pipeline_tag,sentence-similarity,4
ILKT/2024-06-24_22-31-18_epoch_54,903,sentence-similarity,pipeline_tag,sentence-similarity,4
ILKT/2024-06-22_12-37-29_epoch_15,904,sentence-similarity,pipeline_tag,sentence-similarity,4
ILKT/2024-06-24_22-31-28_epoch_67,905,sentence-similarity,pipeline_tag,sentence-similarity,4
ILKT/2024-06-22_12-37-29_epoch_4,906,sentence-similarity,pipeline_tag,sentence-similarity,4
dangvantuan/french-document-embedding,907,sentence-similarity,pipeline_tag,sentence-similarity,4
manu/bge-fr-en,908,sentence-similarity,pipeline_tag,sentence-similarity,4
manu/sentence_croissant_alpha_v0.4,909,sentence-similarity,pipeline_tag,sentence-similarity,4
manu/sentence_croissant_alpha_v0.3,910,sentence-similarity,pipeline_tag,sentence-similarity,4
manu/sentence_croissant_alpha_v0.2,911,sentence-similarity,pipeline_tag,sentence-similarity,4
AdrienB134/llm2vec-croissant-mntp,912,sentence-similarity,model_index,sentence-similarity,4
Lajavaness/bilingual-document-embedding,913,sentence-similarity,pipeline_tag,sentence-similarity,4
yco/bilingual-embedding-base,914,sentence-similarity,pipeline_tag,sentence-similarity,4
yco/bilingual-embedding-base-onnx,915,sentence-similarity,pipeline_tag,sentence-similarity,4
bigscience-data/sgpt-bloom-1b7-nli,916,sentence-similarity,pipeline_tag,sentence-similarity,4
nickprock/mmarco-bert-base-italian-uncased,917,sentence-similarity,pipeline_tag,sentence-similarity,4
silma-ai/silma-embedding-matryoshka-v0.1,918,sentence-similarity,pipeline_tag,sentence-similarity,4
silma-ai/silma-embedding-sts-v0.1,919,sentence-similarity,pipeline_tag,sentence-similarity,4
nickprock/mmarco-sentence-flare-it,920,sentence-similarity,pipeline_tag,sentence-similarity,4
nickprock/stsbm-sentence-flare-it,921,sentence-similarity,pipeline_tag,sentence-similarity,4
fabriceyhc/bert-base-uncased-amazon_polarity,922,text-classification,pipeline_tag,text-classification,5
axiotic/ogma-base,923,sentence-similarity,pipeline_tag,sentence-similarity,4
axiotic/ogma-small,924,sentence-similarity,pipeline_tag,sentence-similarity,4
Etelis/amazonPolarity_roBERTa_5E,925,text-classification,pipeline_tag,text-classification,5
axiotic/ogma-micro,926,sentence-similarity,pipeline_tag,sentence-similarity,4
axiotic/ogma-mini,927,sentence-similarity,pipeline_tag,sentence-similarity,4
Etelis/amazonPolarity_XLNET_5E,928,text-classification,pipeline_tag,text-classification,5
Etelis/amazonPolarity_DistilBERT_5E,929,text-classification,pipeline_tag,text-classification,5
Etelis/amazonPolarity_ALBERT_5E,930,text-classification,pipeline_tag,text-classification,5
Etelis/amazonPolarity_ELECTRA_5E,931,text-classification,pipeline_tag,text-classification,5
dumyy/sft-bge-small,932,feature-extraction,pipeline_tag,feature-extraction,1
mukaj/fin-mpnet-base,933,sentence-similarity,pipeline_tag,sentence-similarity,4
philschmid/distilbert-base-multilingual-cased-sentiment,934,text-classification,pipeline_tag,text-classification,5
andrescastro-itm/khipu-finetuned-amazon_reviews_multi,935,text-classification,pipeline_tag,text-classification,5
milyiyo/electra-base-gen-finetuned-amazon-review,936,text-classification,pipeline_tag,text-classification,5
csalamea/roberta-base-bne-finetuned-amazon_reviews_multi,937,text-classification,pipeline_tag,text-classification,5
milyiyo/distilbert-base-uncased-finetuned-amazon-review,938,text-classification,pipeline_tag,text-classification,5
milyiyo/electra-small-finetuned-amazon-review,939,text-classification,pipeline_tag,text-classification,5
mrm8488/electricidad-small-finetuned-amazon-review-classification,940,text-classification,pipeline_tag,text-classification,5
santiviquez/amazon-reviews-finetuning-distilbert-base-uncased,941,text-classification,pipeline_tag,text-classification,5
JoelVIU/roberta-base-bne-jou-amazon_reviews_multi,942,text-classification,pipeline_tag,text-classification,5
dmjimenezbravo/electra-small-discriminator-text-classification-en-finetuned-amazon_reviews_multi-en,943,text-classification,pipeline_tag,text-classification,5
gcapde/gcapde-finetuned-amazon_reviews_multi,944,text-classification,pipeline_tag,text-classification,5
rscales/nli-roberta-base-finetuned-for-amazon-review-ratings,945,text-classification,pipeline_tag,text-classification,5
santiviquez/amazon_reviews_finetuning-sentiment-model-3000-samples,946,text-classification,pipeline_tag,text-classification,5
milyiyo/multi-minilm-finetuned-amazon-review,947,text-classification,pipeline_tag,text-classification,5
milyiyo/selectra-small-finetuned-amazon-review,948,text-classification,pipeline_tag,text-classification,5
polodealvarado/distilbert-review_classification,949,text-classification,pipeline_tag,text-classification,5
Jhandry/roberta-base-bne-finetuned-amazon_practica,950,text-classification,pipeline_tag,text-classification,5
oskrmiguel/roberta-base-bne-clasificacion-de-texto-supervisado,951,text-classification,pipeline_tag,text-classification,5
santiviquez/amazon-reviews-sentiment-distilbert-base-uncased-6000-samples,952,text-classification,pipeline_tag,text-classification,5
axiotic/ogma-large,953,retrieval,model_index,Other,0
Jechto/e5-dansk-test-0.1,954,sentence-similarity,pipeline_tag,sentence-similarity,4
MoritzLaurer/DeBERTa-v3-base-mnli-fever-anli,955,text-classification,pipeline_tag,text-classification,5
kamalchaurasia-iitj/mlops-anli-classifier-roberta,956,text-classification,pipeline_tag,text-classification,5
Orange/orange-nomic-v1.5-1536,957,sentence-similarity,pipeline_tag,sentence-similarity,4
optimum/distilbert-base-uncased-finetuned-banking77,958,text-classification,pipeline_tag,text-classification,5
philschmid/DistilBERT-Banking77,959,text-classification,pipeline_tag,text-classification,5
philschmid/BERT-Banking77,960,text-classification,pipeline_tag,text-classification,5
sukhrobnurali/modernbert-base-banking77,961,text-classification,pipeline_tag,text-classification,5
Y-Research-Group/CSR-NV_Embed_v2-Classification-Banking77,962,text-classification,pipeline_tag,text-classification,5
nickprock/distilbert-base-uncased-banking77-classification,963,text-classification,pipeline_tag,text-classification,5
YUCHUL/bert-base-enth77-banking-pt2,964,text-classification,pipeline_tag,text-classification,5
ngeg2015/bert-base-banking77-pt2,965,text-classification,pipeline_tag,text-classification,5
happytree09/distilbert-base-banking77-pt2,966,text-classification,pipeline_tag,text-classification,5
pedroplanel/bert-base-banking77,967,text-classification,pipeline_tag,text-classification,5
hyeonddu/11,968,text-classification,pipeline_tag,text-classification,5
nickprock/xlm-roberta-base-banking77-classification,969,text-classification,pipeline_tag,text-classification,5
kennethge123/bigbench_entailedpolarity-t5-base,970,text-classification,pipeline_tag,text-classification,5
kennethge123/entailed_after_rte-gpt2,971,text-classification,pipeline_tag,text-classification,5
kennethge123/bigbench_entailedpolarity-gpt2,972,text-classification,pipeline_tag,text-classification,5
kennethge123/entailed_after_rte-t5-base,973,text-classification,pipeline_tag,text-classification,5
weathermanj/Menda-3B-250,974,text-generation,pipeline_tag,text-generation,6
weathermanj/Menda-3b-Optim-200,975,text-generation,pipeline_tag,text-generation,6
nfliu/deberta-v3-large_boolq,976,text-classification,pipeline_tag,text-classification,5
nfliu/MiniLMv2-L6-H768-distilled-from-RoBERTa-Large_boolq,977,text-classification,pipeline_tag,text-classification,5
zhou-xl/bi-cse,978,feature-extraction,pipeline_tag,feature-extraction,1
jinwoo1126/distlbert-base-uncased-finetuned-clinc,979,text-classification,pipeline_tag,text-classification,5
mariatveen/distilbert-base-uncased-finetuned-clinc,980,text-classification,model_index,text-classification,5
transformersbook/distilbert-base-uncased-distilled-clinc,981,text-classification,pipeline_tag,text-classification,5
ysige/ditilbert-base-uncased-finetuned-clinc,982,text-classification,pipeline_tag,text-classification,5
jsh0551/distillbert-base-uncased-finetuned-clinc,983,text-classification,pipeline_tag,text-classification,5
dhruvil237/userutterance_classification_ver1,984,text-classification,pipeline_tag,text-classification,5
optimum/neuron-MiniLMv2-L12-H384-distilled-finetuned-clinc,985,text-classification,pipeline_tag,text-classification,5
davidaponte/kd-distilBERT-clinc,986,text-classification,pipeline_tag,text-classification,5
optimum/MiniLMv2-L12-H384-finetuned-clinc,987,text-classification,pipeline_tag,text-classification,5
optimum/roberta-large-finetuned-clinc,988,text-classification,pipeline_tag,text-classification,5
philschmid/MiniLMv2-L12-H384-distilled-finetuned-clinc,989,text-classification,pipeline_tag,text-classification,5
roscoyoon/distilbert-base-uncased-finetuned,990,text-classification,pipeline_tag,text-classification,5
dslim/bert-base-NER,991,token-classification,pipeline_tag,token-classification,7
dslim/bert-large-NER,992,token-classification,pipeline_tag,token-classification,7
elastic/distilbert-base-uncased-finetuned-conll03-english,993,token-classification,pipeline_tag,token-classification,7
philschmid/distilroberta-base-ner-conll2003,994,token-classification,pipeline_tag,token-classification,7
gagan3012/bert-tiny-finetuned-ner,995,token-classification,pipeline_tag,token-classification,7
elastic/distilbert-base-cased-finetuned-conll03-english,996,token-classification,pipeline_tag,token-classification,7
geckos/deberta-base-fine-tuned-ner,997,token-classification,pipeline_tag,token-classification,7
tomaarsen/span-marker-bert-tiny-conll03,998,token-classification,pipeline_tag,token-classification,7
Gladiator/roberta-large_ner_conll2003,999,token-classification,pipeline_tag,token-classification,7
Gladiator/microsoft-deberta-v3-large_ner_conll2003,1000,token-classification,pipeline_tag,token-classification,7
IsmaelMousa/modernbert-ner-conll2003,1001,token-classification,pipeline_tag,token-classification,7
lunesco/bert-german-ner,1002,token-classification,pipeline_tag,token-classification,7
huggingface-course/bert-finetuned-ner,1003,token-classification,pipeline_tag,token-classification,7
ArBert/albert-base-v2-finetuned-ner,1004,token-classification,pipeline_tag,token-classification,7
joe-xhedi/ModernBERT-NER,1005,token-classification,pipeline_tag,token-classification,7
kamalkraj/bert-base-cased-ner-conll2003,1006,token-classification,pipeline_tag,token-classification,7
issifuamajeed/distilbert-base-uncased-finetuned-ner,1007,token-classification,pipeline_tag,token-classification,7
onnx-community/bert-base-NER-ONNX,1008,token-classification,pipeline_tag,token-classification,7
Jorgeutd/bert-large-uncased-finetuned-ner,1009,token-classification,pipeline_tag,token-classification,7
protectai/bert-large-NER-onnx,1010,token-classification,pipeline_tag,token-classification,7
lambdavi/span-marker-luke-base-conll2003,1011,token-classification,pipeline_tag,token-classification,7
JakubbBlaszczykk/bert-base-cased-conll2003-ner,1012,token-classification,pipeline_tag,token-classification,7
ArBert/roberta-base-finetuned-ner-kmeans,1013,token-classification,pipeline_tag,token-classification,7
jordyvl/bert-base-cased_conll2003-sm-first-ner,1014,token-classification,pipeline_tag,token-classification,7
cahya/NusaBert-ner,1015,token-classification,pipeline_tag,token-classification,7
onnx-community/modernbert-ner-conll2003-ONNX,1016,token-classification,pipeline_tag,token-classification,7
bhadauriaupendra062/span-marker-roberta-base-conll03,1017,token-classification,pipeline_tag,token-classification,7
HYM/test_ner-finetuned-ner,1018,token-classification,pipeline_tag,token-classification,7
autoevaluate/entity-extraction,1019,token-classification,pipeline_tag,token-classification,7
Wende/bert-finetuned-ner1,1020,token-classification,pipeline_tag,token-classification,7
adel-cybral/TinyBERT-finetuned-NER,1021,token-classification,pipeline_tag,token-classification,7
ish97/bert-finetuned-chunking,1022,token-classification,pipeline_tag,token-classification,7
tomaarsen/span-marker-xlm-roberta-large-conll03,1023,token-classification,pipeline_tag,token-classification,7
sanketrai/modernbert-base-conll2003-english-ner,1024,token-classification,pipeline_tag,token-classification,7
Ikram11/bert-finetuned-ner4,1025,token-classification,pipeline_tag,token-classification,7
gkteco/bert-fineturned-ner,1026,token-classification,pipeline_tag,token-classification,7
mariolinml/roberta_large-unbalanced_simple-ner-conll2003_0908_v0,1027,token-classification,pipeline_tag,token-classification,7
tiennguyenbnbk/ModernBERT-base-finetuned-pos,1028,token-classification,pipeline_tag,token-classification,7
Sharpaxis/BERT-NER-CoNLL,1029,token-classification,pipeline_tag,token-classification,7
Evolett/rubert-tiny2-finetuned-ner,1030,token-classification,pipeline_tag,token-classification,7
tlapusan/bert-finetuned-ner_tmp,1031,token-classification,pipeline_tag,token-classification,7
SergioSJ23/ner,1032,token-classification,pipeline_tag,token-classification,7
Tahsin/BERT-finetuned-conll2003-POS,1033,token-classification,pipeline_tag,token-classification,7
tomaarsen/span-marker-xlm-roberta-large-conll03-doc-context,1034,token-classification,pipeline_tag,token-classification,7
worknick/bert-base-cased-finetuned-conll2003,1035,token-classification,pipeline_tag,token-classification,7
emilys/hmBERT-CoNLL-cp1,1036,token-classification,pipeline_tag,token-classification,7
Yaxin/xlm-roberta-base-conll2003-ner,1037,token-classification,pipeline_tag,token-classification,7
yashparalkar0/bert-finetuned-pos,1038,token-classification,pipeline_tag,token-classification,7
amanpatkar/distilbert-finetuned-ner,1039,token-classification,pipeline_tag,token-classification,7
jimypbr/test-ner,1040,token-classification,pipeline_tag,token-classification,7
JohnLei/bert-large-200-ner,1041,token-classification,pipeline_tag,token-classification,7
bileldh/bert-finetuned-ner_offres,1042,token-classification,pipeline_tag,token-classification,7
mulinski/bert-finetuned-chunk,1043,token-classification,pipeline_tag,token-classification,7
ShkalikovOleh/mdeberta-v3-base-conll2003-en,1044,token-classification,pipeline_tag,token-classification,7
fromthesky/PLDR-LLM-v52-81M-FT-TC-1,1045,token-classification,pipeline_tag,token-classification,7
vegetable/test,1046,token-classification,pipeline_tag,token-classification,7
ICT2214Team7/RoBERTa_Test_Training,1047,token-classification,pipeline_tag,token-classification,7
tony4194/distilBERT-infoExtract,1048,token-classification,pipeline_tag,token-classification,7
sarahmiller137/distilbert-base-uncased-ft-conll2003,1049,token-classification,pipeline_tag,token-classification,7
arygx/distilbert-base-uncased-finetuned-pos,1050,token-classification,pipeline_tag,token-classification,7
DidulaThavisha/distilroberta,1051,token-classification,pipeline_tag,token-classification,7
vesteinn/XLMR-ENIS-finetuned-ner,1052,token-classification,pipeline_tag,token-classification,7
baptiste/deberta-finetuned-ner,1053,token-classification,pipeline_tag,token-classification,7
GustawB/albert-finetuned-ner,1054,token-classification,pipeline_tag,token-classification,7
fabriceyhc/bert-base-uncased-dbpedia_14,1055,text-classification,pipeline_tag,text-classification,5
bhadresh-savani/distilbert-base-uncased-emotion,1056,text-classification,pipeline_tag,text-classification,5
AdamCodd/tinybert-emotion-balanced,1057,text-classification,pipeline_tag,text-classification,5
bhadresh-savani/bert-base-uncased-emotion,1058,text-classification,pipeline_tag,text-classification,5
bhadresh-savani/roberta-base-emotion,1059,text-classification,pipeline_tag,text-classification,5
Toshifumi/bert-base-multilingual-cased-finetuned-emotion,1060,text-classification,pipeline_tag,text-classification,5
transformersbook/distilbert-base-uncased-finetuned-emotion,1061,text-classification,pipeline_tag,text-classification,5
linlin336/distilbert-finetuned-emotion,1062,text-classification,pipeline_tag,text-classification,5
LaelaZ/distilbert-emotion,1063,text-classification,pipeline_tag,text-classification,5
bhadresh-savani/electra-base-emotion,1064,text-classification,pipeline_tag,text-classification,5
Mickey-yy/my-emotion-model,1065,text-classification,pipeline_tag,text-classification,5
Emanuel/bertweet-emotion-base,1066,text-classification,pipeline_tag,text-classification,5
znmor9365/Twitter_DistilBERT,1067,text-classification,pipeline_tag,text-classification,5
Toshifumi/distilbert-base-multilingual-cased-finetuned-emotion,1068,text-classification,pipeline_tag,text-classification,5
Jorgeutd/sagemaker-roberta-base-emotion,1069,text-classification,pipeline_tag,text-classification,5
Emanuel/twitter-emotion-deberta-v3-base,1070,text-classification,pipeline_tag,text-classification,5
Luciferio/MiniLLM-finetuned,1071,text-classification,pipeline_tag,text-classification,5
morenolq/distilbert-base-cased-emotion,1072,text-classification,pipeline_tag,text-classification,5
maxsagt/distilbert-base-uncased-finetuned-emotions,1073,text-classification,pipeline_tag,text-classification,5
nickmuchi/minilm-finetuned-emotion_nm,1074,text-classification,pipeline_tag,text-classification,5
MuntasirHossain/RoBERTa-base-finetuned-emotion,1075,text-classification,pipeline_tag,text-classification,5
Ioanaaaaaaa/bert-large-uncased-with-preprocess-finetuned-emotion-5-epochs-5e-05-lr,1076,text-classification,pipeline_tag,text-classification,5
TieIncred/distilbert-base-uncased-finetuned-emotional,1077,text-classification,pipeline_tag,text-classification,5
guishe/span-marker-generic-ner-v1-fewnerd-fine-super,1078,token-classification,pipeline_tag,token-classification,7
tomaarsen/span-marker-bert-base-fewnerd-fine-super,1079,token-classification,pipeline_tag,token-classification,7
tomaarsen/span-marker-bert-tiny-fewnerd-coarse-super,1080,token-classification,pipeline_tag,token-classification,7
guishe/nuner-v2_fewnerd_fine_super,1081,token-classification,pipeline_tag,token-classification,7
tomaarsen/span-marker-roberta-large-fewnerd-fine-super,1082,token-classification,pipeline_tag,token-classification,7
tomaarsen/span-marker-xlm-roberta-base-fewnerd-fine-super,1083,token-classification,pipeline_tag,token-classification,7
tomaarsen/span-marker-mbert-base-fewnerd-fine-super,1084,token-classification,pipeline_tag,token-classification,7
guishe/nuner-v1_fewnerd_coarse_super,1085,token-classification,pipeline_tag,token-classification,7
guishe/nuner-v1_fewnerd_fine_super,1086,token-classification,pipeline_tag,token-classification,7
guishe/span-marker-bge-base-en-v1.5-fewnerd-fine-super,1087,token-classification,pipeline_tag,token-classification,7
eek/span-marker-muppet-roberta-large-fewnerd-fine-super,1088,token-classification,pipeline_tag,token-classification,7
nickmuchi/finbert-tone-finetuned-fintwitter-classification,1089,text-classification,pipeline_tag,text-classification,5
nickmuchi/distilroberta-finetuned-financial-text-classification,1090,text-classification,pipeline_tag,text-classification,5
nickmuchi/sec-bert-finetuned-finance-classification,1091,text-classification,pipeline_tag,text-classification,5
JeremiahZ/bert-base-uncased-mnli,1092,text-classification,pipeline_tag,text-classification,5
GCopoulos/deberta-finetuned-answer-polarity-5e,1093,text-classification,pipeline_tag,text-classification,5
pszemraj/electra-small-discriminator-CoLA,1094,text-classification,pipeline_tag,text-classification,5
abdulmatinomotoso/English_Grammar_Checker,1095,text-classification,pipeline_tag,text-classification,5
rambodazimi/bert-base-uncased-finetuned-FFT-CoLA,1096,text-classification,model_index,text-classification,5
JeremiahZ/roberta-base-cola,1097,text-classification,pipeline_tag,text-classification,5
muhtasham/bert-tiny-target-cola,1098,text-classification,pipeline_tag,text-classification,5
mrm8488/deberta-v3-small-finetuned-cola,1099,text-classification,pipeline_tag,text-classification,5
shokiokita/distilbert-base-uncased-finetuned-cola,1100,text-classification,pipeline_tag,text-classification,5
gchhablani/bert-base-cased-finetuned-cola,1101,text-classification,pipeline_tag,text-classification,5
JeremiahZ/bert-base-uncased-cola,1102,text-classification,pipeline_tag,text-classification,5
Alireza1044/mobilebert_cola,1103,text-classification,pipeline_tag,text-classification,5
yiiino/deberta-v3-large-cola,1104,text-classification,pipeline_tag,text-classification,5
anilbayramg/bert-base-uncased-finetuned-cola,1105,text-classification,pipeline_tag,text-classification,5
PavanNeerudu/t5-base-finetuned-cola,1106,text-classification,model_index,text-classification,5
D3xter1922/electra-base-discriminator-finetuned-cola,1107,text-classification,pipeline_tag,text-classification,5
yiiino/deberta-v3-base-cola,1108,text-classification,pipeline_tag,text-classification,5
mohammedbriman/distilroberta-base-finetuned-cola,1109,text-classification,pipeline_tag,text-classification,5
nikuznetsov/roberta-base-finetuned-cola,1110,text-classification,pipeline_tag,text-classification,5
sciarrilli/distilbert-base-uncased-cola,1111,text-classification,pipeline_tag,text-classification,5
sgugger/bert-fine-tuned-cola,1112,text-classification,pipeline_tag,text-classification,5
andeskyl/bert-base-cased-cola,1113,text-classification,model_index,text-classification,5
sepehrbakhshi/bert-base-uncased-finetuned-cola_HW2_sepehr_bakhshi_dropout_05_16,1114,text-classification,pipeline_tag,text-classification,5
younes9/AI-DAY-distilbert-base-uncased-finetuned-cola,1115,text-classification,pipeline_tag,text-classification,5
mmorr7son/bert-fine-turned-cola,1116,text-classification,pipeline_tag,text-classification,5
gchhablani/fnet-base-finetuned-cola,1117,text-classification,pipeline_tag,text-classification,5
gokulsrinivasagan/distilbert_base_lda_train_book_cola,1118,text-classification,pipeline_tag,text-classification,5
vesteinn/XLMR-ENIS-finetuned-cola,1119,text-classification,pipeline_tag,text-classification,5
Alireza1044/mobilebert_mnli,1120,text-classification,pipeline_tag,text-classification,5
SEISHIN/distilbert-base-uncased-finetuned-mnli,1121,text-classification,pipeline_tag,text-classification,5
nbhimte/tiny-bert-mnli-distilled,1122,text-classification,pipeline_tag,text-classification,5
PavanNeerudu/t5-base-finetuned-mnli,1123,text-classification,model_index,text-classification,5
glamprou/switch-base-8-mnli,1124,text-classification,pipeline_tag,text-classification,5
Jiva/xlm-roberta-large-it-mnli,1125,text-classification,pipeline_tag,text-classification,5
gchhablani/bert-base-cased-finetuned-mnli,1126,text-classification,pipeline_tag,text-classification,5
mrm8488/deberta-v3-small-finetuned-mnli,1127,text-classification,pipeline_tag,text-classification,5
gokulsrinivasagan/bert_tiny_lda_5_v1_book_mnli,1128,text-classification,pipeline_tag,text-classification,5
Hartunka/bert_base_rand_10_v2_mnli,1129,text-classification,pipeline_tag,text-classification,5
gchhablani/fnet-base-finetuned-mnli,1130,text-classification,pipeline_tag,text-classification,5
PavanNeerudu/gpt2-finetuned-mnli,1131,text-classification,pipeline_tag,text-classification,5
mrm8488/deberta-v3-large-finetuned-mnli,1132,text-classification,pipeline_tag,text-classification,5
gokulsrinivasagan/bert_train_book_ent_15p_mid_mnli,1133,text-classification,pipeline_tag,text-classification,5
gokulsrinivasagan/distilbert_base_lda_mnli,1134,text-classification,pipeline_tag,text-classification,5
mujeensung/roberta-base_mnli_bc,1135,text-classification,pipeline_tag,text-classification,5
Intel/bert-base-uncased-mrpc,1136,text-classification,pipeline_tag,text-classification,5
Alireza1044/mobilebert_mrpc,1137,text-classification,pipeline_tag,text-classification,5
gchhablani/bert-base-cased-finetuned-mrpc,1138,text-classification,pipeline_tag,text-classification,5
VitaliiVrublevskyi/albert-base-v2-finetuned-mrpc,1139,text-classification,pipeline_tag,text-classification,5
Intel/roberta-base-mrpc,1140,text-classification,pipeline_tag,text-classification,5
Intel/electra-small-discriminator-mrpc,1141,text-classification,pipeline_tag,text-classification,5
PavanNeerudu/t5-base-finetuned-mrpc,1142,text-classification,model_index,text-classification,5
anirudh21/distilbert-base-uncased-finetuned-mrpc,1143,text-classification,pipeline_tag,text-classification,5
mattchurgin/distilbert-mrpc,1144,text-classification,pipeline_tag,text-classification,5
Hartunka/tiny_bert_km_50_v2_mrpc,1145,text-classification,pipeline_tag,text-classification,5
VitaliiVrublevskyi/squeezebert-uncased-finetuned-mrpc,1146,text-classification,pipeline_tag,text-classification,5
gchhablani/bert-large-cased-finetuned-mrpc,1147,text-classification,pipeline_tag,text-classification,5
gokuls/distilbert_sa_GLUE_Experiment_data_aug_mrpc_192,1148,text-classification,pipeline_tag,text-classification,5
PavanNeerudu/gpt2-finetuned-mrpc,1149,text-classification,pipeline_tag,text-classification,5
edbeeching/test-trainer-to-hub,1150,text-classification,pipeline_tag,text-classification,5
Intel/camembert-base-mrpc,1151,text-classification,pipeline_tag,text-classification,5
gokuls/mobilebert_sa_GLUE_Experiment_logit_kd_data_aug_mrpc_128,1152,text-classification,pipeline_tag,text-classification,5
xysmalobia/sequence_classification,1153,text-classification,pipeline_tag,text-classification,5
Hartunka/distilbert_rand_5_v2_mrpc,1154,text-classification,pipeline_tag,text-classification,5
gchhablani/fnet-large-finetuned-mrpc,1155,text-classification,pipeline_tag,text-classification,5
LysandreJik/testing,1156,text-classification,pipeline_tag,text-classification,5
gchhablani/fnet-base-finetuned-mrpc,1157,text-classification,pipeline_tag,text-classification,5
mrm8488/deberta-v3-small-finetuned-mrpc,1158,text-classification,pipeline_tag,text-classification,5
Intel/bart-large-mrpc,1159,text-classification,pipeline_tag,text-classification,5
sgugger/glue-mrpc,1160,text-classification,pipeline_tag,text-classification,5
gokuls/mobilebert_add_GLUE_Experiment_mrpc_128,1161,text-classification,pipeline_tag,text-classification,5
Intel/xlnet-base-cased-mrpc,1162,text-classification,pipeline_tag,text-classification,5
junzai/demo,1163,text-classification,pipeline_tag,text-classification,5
junzai/demotest,1164,text-classification,pipeline_tag,text-classification,5
ricardotalavera/platzi-distilroberta-base-mrpc-glue-ricardo-talavera,1165,text-classification,pipeline_tag,text-classification,5
vicl/canine-c-finetuned-mrpc,1166,text-classification,pipeline_tag,text-classification,5
sgugger/bert-finetuned-mrpc,1167,text-classification,pipeline_tag,text-classification,5
Alireza1044/mobilebert_QNLI,1168,text-classification,pipeline_tag,text-classification,5
gchhablani/bert-base-cased-finetuned-qnli,1169,text-classification,pipeline_tag,text-classification,5
andeskyl/bert-base-cased-qnli,1170,text-classification,model_index,text-classification,5
PavanNeerudu/t5-base-finetuned-qnli,1171,text-classification,model_index,text-classification,5
anirudh21/albert-base-v2-finetuned-qnli,1172,text-classification,pipeline_tag,text-classification,5
JeremiahZ/roberta-base-qnli,1173,text-classification,pipeline_tag,text-classification,5
rambodazimi/deberta-v3-base-finetuned-FFT-QNLI,1174,text-classification,model_index,text-classification,5
JeremiahZ/bert-base-uncased-qnli,1175,text-classification,pipeline_tag,text-classification,5
anirudh21/bert-base-uncased-finetuned-qnli,1176,text-classification,pipeline_tag,text-classification,5
Hartunka/bert_base_km_20_v1_qnli,1177,text-classification,pipeline_tag,text-classification,5
gchhablani/fnet-base-finetuned-qnli,1178,text-classification,pipeline_tag,text-classification,5
Hartunka/bert_base_km_5_v2_qnli,1179,text-classification,pipeline_tag,text-classification,5
mrm8488/deberta-v3-small-finetuned-qnli,1180,text-classification,pipeline_tag,text-classification,5
gokulsrinivasagan/distilbert_base_train_qnli,1181,text-classification,pipeline_tag,text-classification,5
gokuls/mobilebert_add_GLUE_Experiment_logit_kd_qnli,1182,text-classification,pipeline_tag,text-classification,5
gokuls/mobilebert_sa_GLUE_Experiment_qnli,1183,text-classification,pipeline_tag,text-classification,5
gchhablani/bert-base-cased-finetuned-qqp,1184,text-classification,pipeline_tag,text-classification,5
JeremiahZ/roberta-base-qqp,1185,text-classification,pipeline_tag,text-classification,5
Alireza1044/mobilebert_qqp,1186,text-classification,pipeline_tag,text-classification,5
PavanNeerudu/t5-base-finetuned-qqp,1187,text-classification,model_index,text-classification,5
JeremiahZ/bert-base-uncased-qqp,1188,text-classification,pipeline_tag,text-classification,5
rajiv003/ernie-finetuned-qqp,1189,text-classification,pipeline_tag,text-classification,5
gchhablani/fnet-base-finetuned-qqp,1190,text-classification,pipeline_tag,text-classification,5
0xb1/distilbert-base-uncased-finetuned-qqp,1191,text-classification,pipeline_tag,text-classification,5
gokulsrinivasagan/distilbert-base-uncased_qqp,1192,text-classification,pipeline_tag,text-classification,5
gchhablani/fnet-large-finetuned-qqp,1193,text-classification,pipeline_tag,text-classification,5
gokuls/distilbert_sa_GLUE_Experiment_logit_kd_qqp_256,1194,text-classification,pipeline_tag,text-classification,5
gokulsrinivasagan/bert_base_train_book_ent_2_inv_qqp,1195,text-classification,pipeline_tag,text-classification,5
Tomor0720/deberta-base-finetuned-qqp,1196,text-classification,pipeline_tag,text-classification,5
gokuls/hBERTv1_no_pretrain_qqp,1197,text-classification,pipeline_tag,text-classification,5
Hartunka/distilbert_km_5_v1_qqp,1198,text-classification,pipeline_tag,text-classification,5
gokulsrinivasagan/bert_tiny_lda_5_v1_book_qqp,1199,text-classification,pipeline_tag,text-classification,5
sileod/deberta-v3-base-tasksource-nli,1200,text-classification,pipeline_tag,text-classification,5
gchhablani/bert-base-cased-finetuned-rte,1201,text-classification,pipeline_tag,text-classification,5
muhtasham/bert-tiny-finetuned-glue-rte,1202,text-classification,pipeline_tag,text-classification,5
anirudh21/albert-base-v2-finetuned-rte,1203,text-classification,pipeline_tag,text-classification,5
PavanNeerudu/t5-base-finetuned-rte,1204,text-classification,model_index,text-classification,5
Alireza1044/mobilebert_rte,1205,text-classification,pipeline_tag,text-classification,5
anirudh21/bert-base-uncased-finetuned-rte,1206,text-classification,pipeline_tag,text-classification,5
JeremiahZ/bert-base-uncased-rte,1207,text-classification,pipeline_tag,text-classification,5
muhtasham/bert-small-finetuned-glue-rte,1208,text-classification,pipeline_tag,text-classification,5
gokulsrinivasagan/bert-base-uncased_rte,1209,text-classification,pipeline_tag,text-classification,5
gchhablani/fnet-base-finetuned-rte,1210,text-classification,pipeline_tag,text-classification,5
gchhablani/bert-large-cased-finetuned-rte,1211,text-classification,pipeline_tag,text-classification,5
gokulsrinivasagan/bert_base_train_book_ent_40p_inv_rte,1212,text-classification,pipeline_tag,text-classification,5
gokulsrinivasagan/bert_base_train_book_ent_2_inv_rte,1213,text-classification,pipeline_tag,text-classification,5
Tomor0720/deberta-base-finetuned-rte,1214,text-classification,pipeline_tag,text-classification,5
PavanNeerudu/gpt2-finetuned-rte,1215,text-classification,pipeline_tag,text-classification,5
kennethge123/superglue_rte-t5-base,1216,text-classification,pipeline_tag,text-classification,5
kennethge123/superglue_rte-bert-base-uncased,1217,text-classification,pipeline_tag,text-classification,5
kennethge123/superglue_rte-gpt2,1218,text-classification,pipeline_tag,text-classification,5
abhilash88/roberta-sentimentic,1219,text-classification,pipeline_tag,text-classification,5
distilbert/distilbert-base-uncased-finetuned-sst-2-english,1220,text-classification,pipeline_tag,text-classification,5
philschmid/tiny-bert-sst2-distilled,1221,text-classification,pipeline_tag,text-classification,5
Alireza1044/mobilebert_sst2,1222,text-classification,pipeline_tag,text-classification,5
gchhablani/bert-base-cased-finetuned-sst2,1223,text-classification,pipeline_tag,text-classification,5
JeremiahZ/roberta-base-sst2,1224,text-classification,pipeline_tag,text-classification,5
JeremiahZ/bert-base-uncased-sst2,1225,text-classification,pipeline_tag,text-classification,5
andeskyl/bert-base-cased-sst2,1226,text-classification,model_index,text-classification,5
nikitakapitan/distilbert-base-uncased-finetuned-glue_sst2,1227,text-classification,pipeline_tag,text-classification,5
philschmid/roberta-large-sst2,1228,text-classification,pipeline_tag,text-classification,5
Intel/distilbert-base-uncased-finetuned-sst-2-english-int8-static-inc,1229,text-classification,pipeline_tag,text-classification,5
mrm8488/deberta-v3-small-finetuned-sst2,1230,text-classification,pipeline_tag,text-classification,5
autoevaluate/binary-classification,1231,text-classification,pipeline_tag,text-classification,5
PavanNeerudu/gpt2-finetuned-sst2,1232,text-classification,pipeline_tag,text-classification,5
philschmid/bert-mini-sst2-distilled,1233,text-classification,pipeline_tag,text-classification,5
Tomor0720/deberta-large-finetuned-sst2,1234,text-classification,pipeline_tag,text-classification,5
Bhumika/roberta-base-finetuned-sst2,1235,text-classification,pipeline_tag,text-classification,5
gchhablani/fnet-base-finetuned-sst2,1236,text-classification,pipeline_tag,text-classification,5
VincentWei1021/model,1237,text-classification,pipeline_tag,text-classification,5
Akash7897/distilbert-base-uncased-finetuned-sst2,1238,text-classification,pipeline_tag,text-classification,5
glamprou/switch-base-8-sst2,1239,text-classification,pipeline_tag,text-classification,5
tomaarsen/setfit-all-MiniLM-L6-v2-sst2-32-shot,1240,text-classification,pipeline_tag,text-classification,5
thewiz/roberta-sst2-distilled,1241,text-classification,pipeline_tag,text-classification,5
PavanNeerudu/t5-base-finetuned-sst2,1242,text-classification,model_index,text-classification,5
gokuls/BERT-tiny-sst2,1243,text-classification,pipeline_tag,text-classification,5
rambodazimi/roberta-base-finetuned-FFT-SST2,1244,text-classification,model_index,text-classification,5
Tomor0720/deberta-base-finetuned-sst2,1245,text-classification,pipeline_tag,text-classification,5
OpenVINO/bert-base-uncased-sst2-unstructured80-int8-ov,1246,text-classification,model_index,text-classification,5
gokuls/bert-tiny-sst2-KD-distilBERT,1247,text-classification,pipeline_tag,text-classification,5
vesteinn/XLMR-ENIS-finetuned-sst2,1248,text-classification,pipeline_tag,text-classification,5
celine98/canine-c-finetuned-sst2,1249,text-classification,pipeline_tag,text-classification,5
Caroline-Vandyck/glue_sst_classifier,1250,text-classification,pipeline_tag,text-classification,5
songyi-ng/SST2_finetune,1251,text-classification,pipeline_tag,text-classification,5
gokulsrinivasagan/bert_base_lda_5_sst2,1252,text-classification,pipeline_tag,text-classification,5
gchhablani/fnet-large-finetuned-sst2,1253,text-classification,pipeline_tag,text-classification,5
gokulsrinivasagan/bert_base_lda_100_sst2,1254,text-classification,pipeline_tag,text-classification,5
du33169/roberta-large-finetuned-GLUE-SST2,1255,text-classification,model_index,text-classification,5
Ibrahim-Alam/finetuning-bert-base-uncased-on-sst2,1256,text-classification,pipeline_tag,text-classification,5
Vishnou/TinyBERT_SST2,1257,text-classification,pipeline_tag,text-classification,5
Gyaneshere/distilbert-base-uncased-finetuned-sst-2-english-ONNX,1258,text-classification,model_index,text-classification,5
Ibrahim-Alam/finetuning-distilbert-base-uncased-on-sst2,1259,text-classification,pipeline_tag,text-classification,5
Ibrahim-Alam/finetuning-roberta-base-on-sst2_1epoch,1260,text-classification,pipeline_tag,text-classification,5
Ibrahim-Alam/finetuning-xlm-roberta-base-on-sst2,1261,text-classification,pipeline_tag,text-classification,5
Ibrahim-Alam/finetuning-xlnet-base-cased-on-sst2,1262,text-classification,pipeline_tag,text-classification,5
Ibrahim-Alam/finetuning-xlm-mlm-en-2048-on-sst2,1263,text-classification,pipeline_tag,text-classification,5
tomaarsen/setfit-paraphrase-mpnet-base-v2-sst2-8-shot,1264,text-classification,pipeline_tag,text-classification,5
gokulsrinivasagan/tinybert_base_train_book_ent_15p_s_init_kd_complete_wnli,1265,text-classification,pipeline_tag,text-classification,5
gokuls/mobilebert_sa_GLUE_Experiment_logit_kd_data_aug_wnli_256,1266,text-classification,pipeline_tag,text-classification,5
gchhablani/fnet-base-finetuned-wnli,1267,text-classification,pipeline_tag,text-classification,5
gchhablani/bert-base-cased-finetuned-wnli,1268,text-classification,pipeline_tag,text-classification,5
gokulsrinivasagan/bert_base_train_book_ent_1_inv_wnli,1269,text-classification,pipeline_tag,text-classification,5
anirudh21/albert-base-v2-finetuned-wnli,1270,text-classification,pipeline_tag,text-classification,5
gokulsrinivasagan/bert_base_train_book_ent_15p_s_init_wnli,1271,text-classification,pipeline_tag,text-classification,5
anirudh21/albert-xlarge-v2-finetuned-wnli,1272,text-classification,pipeline_tag,text-classification,5
JeremiahZ/bert-base-uncased-wnli,1273,text-classification,pipeline_tag,text-classification,5
gokuls/distilbert_sa_GLUE_Experiment_logit_kd_wnli,1274,text-classification,pipeline_tag,text-classification,5
jinghan/deberta-base-finetuned-wnli,1275,text-classification,pipeline_tag,text-classification,5
aemami1/distilbert-base-uncased-finetuned-wnli,1276,text-classification,pipeline_tag,text-classification,5
gokulsrinivasagan/bert_base_lda_100_wnli,1277,text-classification,pipeline_tag,text-classification,5
Fynman-stack/raven-emotion-distilbert,1278,text-classification,pipeline_tag,text-classification,5
IsaacZhy/bert-base-goemotions,1279,text-classification,pipeline_tag,text-classification,5
Amirhossein75/multi-label-emotion-classification-reddit-comments-roberta,1280,text-classification,pipeline_tag,text-classification,5
yezdata/EmCoder,1281,text-classification,pipeline_tag,text-classification,5
IsaacZhy/roberta-large-goemotions,1282,text-classification,pipeline_tag,text-classification,5
jungealexander/distilbert-base-uncased-finetuned-go_emotions_20220608_1,1283,text-classification,pipeline_tag,text-classification,5
tasinhoque/distilbert-go-emotions,1284,text-classification,pipeline_tag,text-classification,5
Frankhihi/fast-emotion-classifier,1285,text-classification,pipeline_tag,text-classification,5
mrm8488/roberta-large-bne-finetuned-go_emotions-es,1286,text-classification,pipeline_tag,text-classification,5
mrovejaxd/goemotions_bertmultilingual,1287,text-classification,pipeline_tag,text-classification,5
mrm8488/electricidad-base-finetuned-go_emotions-es-2,1288,text-classification,pipeline_tag,text-classification,5
mrovejaxd/goemotions_distilbertbase,1289,text-classification,pipeline_tag,text-classification,5
reiiham/moodpulse-emotion,1290,text-classification,pipeline_tag,text-classification,5
tingtone/go_emo_gpt,1291,text-classification,pipeline_tag,text-classification,5
igmarco/clasificador-hate_speech_offensive,1292,text-classification,pipeline_tag,text-classification,5
igmarco/clasificador-hate_speech_offensive-BERTweet,1293,text-classification,pipeline_tag,text-classification,5
lvwerra/distilbert-imdb,1294,text-classification,pipeline_tag,text-classification,5
fabriceyhc/bert-base-uncased-imdb,1295,text-classification,pipeline_tag,text-classification,5
mnoukhov/gpt2-imdb-sentiment-classifier,1296,text-classification,pipeline_tag,text-classification,5
federicopascual/finetuning-sentiment-model-3000-samples,1297,text-classification,pipeline_tag,text-classification,5
omidroshani/imdb-sentiment-analysis,1298,text-classification,pipeline_tag,text-classification,5
Pujaniitj/MLOPS_GROUP_PROJECT,1299,text-classification,pipeline_tag,text-classification,5
asadullahrehmann/imdb-distilbert-sentimentops,1300,text-classification,pipeline_tag,text-classification,5
zanesmit29/founder-distilbert-imdb-v12,1301,text-classification,pipeline_tag,text-classification,5
0xMaka/finetuning-sentiment-model-3k-samples,1302,text-classification,pipeline_tag,text-classification,5
federicopascual/finetune-sentiment-analysis-model-3000-samples,1303,text-classification,pipeline_tag,text-classification,5
JS21/finetuning-sentiment-model-10000-samples,1304,text-classification,pipeline_tag,text-classification,5
LYTinn/lstm-finetuning-sentiment-model-3000-samples,1305,text-classification,pipeline_tag,text-classification,5
tonystark0/distilbert-imdb-sentiment-classifier,1306,text-classification,pipeline_tag,text-classification,5
Zhaohui/finetuning-sentiment-model-imdb,1307,text-classification,pipeline_tag,text-classification,5
touch20032003/try-sentiment-model-3000-samples,1308,text-classification,pipeline_tag,text-classification,5
Remicm/sentiment-analysis-model-for-socialmedia,1309,text-classification,pipeline_tag,text-classification,5
jmunoz/finetuning-sentiment-model-3000-samples_jmnew,1310,text-classification,pipeline_tag,text-classification,5
federicopascual/finetuning-sentiment-model-3000-samples-testcopy,1311,text-classification,pipeline_tag,text-classification,5
fmesa/mi-modelo-bacan-test,1312,text-classification,pipeline_tag,text-classification,5
federicopascual/finetuned-sentiment-analysis-model,1313,text-classification,pipeline_tag,text-classification,5
federicopascual/finetuning-sentiment-analysis-model-3000-samples,1314,text-classification,pipeline_tag,text-classification,5
kurianbenoy/distilbert-base-uncased-finetuned-imdb,1315,text-classification,pipeline_tag,text-classification,5
kurianbenoy/distilbert-base-uncased-finetuned-sst-2-english-finetuned-imdb,1316,text-classification,pipeline_tag,text-classification,5
kwy0828/my_awesome_model,1317,text-classification,pipeline_tag,text-classification,5
LYTinn/gpt2-finetuning-sentiment-model-3000-samples,1318,text-classification,pipeline_tag,text-classification,5
Neha988/finetuning-movie-roberta,1319,text-classification,pipeline_tag,text-classification,5
XSY/albert-base-v2-imdb-calssification,1320,text-classification,pipeline_tag,text-classification,5
eugenecamus/distilbert-imdb-demo,1321,text-classification,pipeline_tag,text-classification,5
iammartian0/sentiment_analysis_model,1322,text-classification,pipeline_tag,text-classification,5
mccaffary/finetuning-sentiment-model-3000-samples-DM,1323,text-classification,pipeline_tag,text-classification,5
muhtasham/finetuned-base_mini,1324,text-classification,pipeline_tag,text-classification,5
mwinterhalter/my-sentiment-model,1325,text-classification,pipeline_tag,text-classification,5
vsmolyakov/distilbert_imdb,1326,text-classification,pipeline_tag,text-classification,5
fromthesky/PLDR-LLM-v52-81M-FT-SC-1,1327,text-classification,pipeline_tag,text-classification,5
kenhktsui/anyclassifier_setfit_demo,1328,text-classification,pipeline_tag,text-classification,5
ilos-vigil/bigbird-small-indonesian-nli,1329,text-classification,pipeline_tag,text-classification,5
vmaca123/korean-pii-ner-v3,1330,token-classification,pipeline_tag,token-classification,7
soddokayo/koelectra-base-klue-ner,1331,token-classification,pipeline_tag,token-classification,7
soddokayo/klue-roberta-large-klue-ner,1332,token-classification,pipeline_tag,token-classification,7
soddokayo/klue-roberta-base-ner,1333,token-classification,pipeline_tag,token-classification,7
chunwoolee0/klue_ner_roberta_model,1334,token-classification,pipeline_tag,token-classification,7
jjing0123/kobert-finetuned-klue-ner,1335,token-classification,pipeline_tag,token-classification,7
kkoba/kogpt2-base-v2-finetuned-klue-ner,1336,token-classification,pipeline_tag,token-classification,7
kkoba/bert-base-multilingual-cased-finetuned-klue-ner,1337,token-classification,pipeline_tag,token-classification,7
eliza-dukim/bert-base-finetuned-sts,1338,text-classification,pipeline_tag,text-classification,5
Hyeonseo/ko_roberta_small_model,1339,token-classification,pipeline_tag,token-classification,7
MingMingBang98/kogpt2-base-v2,1340,token-classification,pipeline_tag,token-classification,7
JoonJoon/koelectra-base-v3-discriminator-finetuned-ner,1341,token-classification,pipeline_tag,token-classification,7
dominguesm/xlm-roberta-base-lora-language-detection,1342,text-classification,model_index,text-classification,5
SashaSk/xlm-roberta-language-id,1343,text-classification,pipeline_tag,text-classification,5
Ferox-AI/Phi-4-multimodal-instruct-mlx-bf16,1344,vision,pipeline_tag,Other,0
Ferox-AI/Phi-4-multimodal-instruct-mlx-4bit,1345,vision,pipeline_tag,Other,0
niansong1996/lever-mbpp-codex,1346,code-generation,model_index,Other,0
Meddies/meddies-pii,1347,text-generation,pipeline_tag,text-generation,6
FlameF0X/Qwen2-0.2B-it,1348,text-generation,pipeline_tag,text-generation,6
VMware/electra-small-mrqa,1349,question-answering,pipeline_tag,question-answering,3
VMware/roberta-base-mrqa,1350,question-answering,pipeline_tag,question-answering,3
VMware/roberta-large-mrqa,1351,question-answering,pipeline_tag,question-answering,3
VMware/bert-base-mrqa,1352,question-answering,pipeline_tag,question-answering,3
VMware/bert-tiny-mrqa,1353,question-answering,pipeline_tag,question-answering,3
VMware/deberta-v3-base-mrqa,1354,question-answering,pipeline_tag,question-answering,3
VMware/electra-large-mrqa,1355,question-answering,pipeline_tag,question-answering,3
VMware/deberta-v3-large-mrqa,1356,question-answering,pipeline_tag,question-answering,3
VMware/bert-large-mrqa,1357,question-answering,pipeline_tag,question-answering,3
VMware/tinyroberta-quantized-mrqa,1358,question-answering,pipeline_tag,question-answering,3
VMware/minilmv2-l6-h384-from-bert-large-mrqa,1359,question-answering,pipeline_tag,question-answering,3
VMware/minilmv2-l6-h384-from-roberta-large-mrqa,1360,question-answering,pipeline_tag,question-answering,3
VMware/minilmv2-l6-h768-from-roberta-large-mrqa,1361,question-answering,pipeline_tag,question-answering,3
VMware/deberta-v3-xsmall-mrqa,1362,question-answering,pipeline_tag,question-answering,3
VMware/minilmv2-l12-h384-from-roberta-large-mrqa,1363,question-answering,pipeline_tag,question-answering,3
VMware/electra-base-mrqa,1364,question-answering,pipeline_tag,question-answering,3
Y-Research-Group/CSR-NV_Embed_v2-Classification-MTOPIntent,1365,text-classification,pipeline_tag,text-classification,5
BalaRajesh1/mmbert-small-nli,1366,text-classification,pipeline_tag,text-classification,5
AntoineBlanot/flan-t5-xxl-classif-3way,1367,text-classification,pipeline_tag,text-classification,5
sjrhuschlee/flan-t5-base-mnli,1368,text-classification,pipeline_tag,text-classification,5
tomaarsen/span-marker-mbert-base-multinerd,1369,token-classification,pipeline_tag,token-classification,7
lxyuan/span-marker-bert-base-multilingual-cased-multinerd,1370,token-classification,pipeline_tag,token-classification,7
lxyuan/span-marker-bert-base-multilingual-uncased-multinerd,1371,token-classification,pipeline_tag,token-classification,7
tomaarsen/span-marker-xlm-roberta-base-multinerd,1372,token-classification,pipeline_tag,token-classification,7
jayant-yadav/roberta-base-multinerd,1373,token-classification,pipeline_tag,token-classification,7
ai-forever/bert-base-NER-reptile-5-datasets,1374,token-classification,pipeline_tag,token-classification,7
OpenMed/OpenMed-PII-SuperClinical-Large-434M-v1,1375,token-classification,pipeline_tag,token-classification,7
OpenMed/OpenMed-PII-SuperClinical-Small-44M-v1,1376,token-classification,pipeline_tag,token-classification,7
OpenMed/OpenMed-PII-BioClinicalModern-Large-395M-v1,1377,token-classification,pipeline_tag,token-classification,7
OpenMed/OpenMed-PII-NomicMed-Large-395M-v1,1378,token-classification,pipeline_tag,token-classification,7
OpenMed/OpenMed-PII-ClinicalLongformer-Base-149M-v1,1379,token-classification,pipeline_tag,token-classification,7
OpenMed/OpenMed-PII-ClinicalE5-Small-33M-v1,1380,token-classification,pipeline_tag,token-classification,7
OpenMed/OpenMed-PII-BiomedBERT-Base-110M-v1,1381,token-classification,pipeline_tag,token-classification,7
OpenMed/OpenMed-PII-SuperMedical-Base-125M-v1,1382,token-classification,pipeline_tag,token-classification,7
OpenMed/OpenMed-PII-ModernMed-Base-149M-v1,1383,token-classification,pipeline_tag,token-classification,7
OpenMed/OpenMed-PII-ModernMed-Large-395M-v1,1384,token-classification,pipeline_tag,token-classification,7
OpenMed/OpenMed-PII-mSuperClinical-Large-279M-v1,1385,token-classification,pipeline_tag,token-classification,7
OpenMed/OpenMed-PII-ClinicalBGE-Large-335M-v1,1386,token-classification,pipeline_tag,token-classification,7
OpenMed/OpenMed-PII-BigMed-Large-560M-v1,1387,token-classification,pipeline_tag,token-classification,7
OpenMed/OpenMed-PII-ClinicDischarge-Base-110M-v1,1388,token-classification,pipeline_tag,token-classification,7
OpenMed/OpenMed-PII-SuperClinical-Base-184M-v1,1389,token-classification,pipeline_tag,token-classification,7
OpenMed/OpenMed-PII-mClinicalE5-Large-560M-v1,1390,token-classification,pipeline_tag,token-classification,7
OpenMed/OpenMed-PII-BiomedELECTRA-Base-110M-v1,1391,token-classification,pipeline_tag,token-classification,7
OpenMed/OpenMed-PII-BioClinicalBERT-Base-110M-v1,1392,token-classification,pipeline_tag,token-classification,7
OpenMed/OpenMed-PII-SnowflakeMed-Large-568M-v1,1393,token-classification,pipeline_tag,token-classification,7
OpenMed/OpenMed-PII-EuroMed-Large-210M-v1,1394,token-classification,pipeline_tag,token-classification,7
OpenMed/OpenMed-PII-SuperMedical-Large-355M-v1,1395,token-classification,pipeline_tag,token-classification,7
OpenMed/OpenMed-PII-BiomedBERT-Large-340M-v1,1396,token-classification,pipeline_tag,token-classification,7
OpenMed/OpenMed-PII-BigMed-Large-278M-v1,1397,token-classification,pipeline_tag,token-classification,7
OpenMed/OpenMed-PII-BioClinicalModern-Base-149M-v1,1398,token-classification,pipeline_tag,token-classification,7
OpenMed/OpenMed-PII-QwenMed-XLarge-600M-v1,1399,token-classification,pipeline_tag,token-classification,7
OpenMed/OpenMed-PII-ClinicalBGE-Large-568M-v1,1400,token-classification,pipeline_tag,token-classification,7
OpenMed/OpenMed-PII-GTEMed-Base-149M-v1,1401,token-classification,pipeline_tag,token-classification,7
OpenMed/OpenMed-PII-ClinicalE5-Large-335M-v1,1402,token-classification,pipeline_tag,token-classification,7
OpenMed/OpenMed-PII-BiomedELECTRA-Large-335M-v1,1403,token-classification,pipeline_tag,token-classification,7
kalyan-ks/ettin-68m-nemotron-pii,1404,token-classification,pipeline_tag,token-classification,7
kalyan-ks/ettin-17m-nemotron-pii,1405,token-classification,pipeline_tag,token-classification,7
OpenMed/OpenMed-PII-FastClinical-Small-82M-v1,1406,token-classification,pipeline_tag,token-classification,7
kalyan-ks/ettin-32m-nemotron-pii,1407,token-classification,pipeline_tag,token-classification,7
antoniogr7/pii-identifier-v0.1,1408,token-classification,pipeline_tag,token-classification,7
OpenMed/OpenMed-PII-LiteClinical-Small-66M-v1,1409,token-classification,pipeline_tag,token-classification,7
OpenMed/OpenMed-PII-ClinicalE5-Base-109M-v1,1410,token-classification,pipeline_tag,token-classification,7
OpenMed/OpenMed-PII-mLiteClinical-Base-135M-v1,1411,token-classification,pipeline_tag,token-classification,7
domenicrosati/deberta-v3-large-finetuned-paws-paraphrase-detector,1412,text-classification,pipeline_tag,text-classification,5
semindan/paws_x_xlm_r_only_es,1413,text-classification,pipeline_tag,text-classification,5
semindan/paws_x_xlm_r_only_ja,1414,text-classification,pipeline_tag,text-classification,5
semindan/paws_x_xlm_r_only_de,1415,text-classification,pipeline_tag,text-classification,5
semindan/paws_x_xlm_r_only_en,1416,text-classification,pipeline_tag,text-classification,5
semindan/paws_x_xlm_r_only_fr,1417,text-classification,pipeline_tag,text-classification,5
semindan/paws_x_xlm_r_only_ko,1418,text-classification,pipeline_tag,text-classification,5
semindan/paws_x_xlm_r_only_zh,1419,text-classification,pipeline_tag,text-classification,5
OpenMed/OpenMed-PII-German-SuperClinical-Small-44M-v1,1420,token-classification,pipeline_tag,token-classification,7
igmarco/clasificador-poem-sentiment,1421,text-classification,pipeline_tag,text-classification,5
MEscriva/ECE-PRYMMAL-0.5B-FT-V4-MUSR-Mathis,1422,question-answering,pipeline_tag,question-answering,3
AhmedOthman/Llama-3B-QA-Enhanced,1423,question-answering,pipeline_tag,question-answering,3
keerthi1515/roberta-sentiment-rotten-tomatoes,1424,text-classification,pipeline_tag,text-classification,5
keerthi1515/distilbert-sentiment-rotten-tomatoes,1425,text-classification,pipeline_tag,text-classification,5
aj-data/rotten_tomatoes_dataset,1426,text-classification,pipeline_tag,text-classification,5
flowfree/bert-finetuned-rottentomatoes,1427,text-classification,pipeline_tag,text-classification,5
Ignaciobfp/clasificador-rotten-tomatoes,1428,text-classification,pipeline_tag,text-classification,5
Etelis/rtm_DistilBERT_5E,1429,text-classification,pipeline_tag,text-classification,5
mariagrandury/roberta-base-finetuned-sms-spam-detection,1430,text-classification,pipeline_tag,text-classification,5
mariagrandury/distilbert-base-uncased-finetuned-sms-spam-detection,1431,text-classification,pipeline_tag,text-classification,5
SharpWoofer/distilroberta-sms-spam-detector-onnx-quantized,1432,text-classification,pipeline_tag,text-classification,5
JavicR22/SpamVision,1433,text-classification,pipeline_tag,text-classification,5
SharpWoofer/distilroberta-sms-spam-detector,1434,text-classification,pipeline_tag,text-classification,5
MFrazz/distilbert-base-uncased-finetuned-spam,1435,text-classification,pipeline_tag,text-classification,5
varun-v-rao/bart-base-snli-model1,1436,text-classification,pipeline_tag,text-classification,5
varun-v-rao/gpt2-large-snli-model3,1437,text-classification,pipeline_tag,text-classification,5
varun-v-rao/gpt2-large-snli-model1,1438,text-classification,pipeline_tag,text-classification,5
varun-v-rao/gpt2-large-snli-model2,1439,text-classification,pipeline_tag,text-classification,5
varun-v-rao/bart-large-snli-model1,1440,text-classification,pipeline_tag,text-classification,5
varun-v-rao/bart-base-lora-885K-snli-model3,1441,text-classification,pipeline_tag,text-classification,5
varun-v-rao/bart-base-snli-model3,1442,text-classification,pipeline_tag,text-classification,5
varun-v-rao/bart-large-lora-2.36M-snli-model1,1443,text-classification,pipeline_tag,text-classification,5
varun-v-rao/bart-large-snli-model3,1444,text-classification,pipeline_tag,text-classification,5
varun-v-rao/gpt2-large-lora-2.95M-snli-model1,1445,text-classification,pipeline_tag,text-classification,5
varun-v-rao/gpt2-lora-592K-snli-model1,1446,text-classification,pipeline_tag,text-classification,5
varun-v-rao/gpt2-lora-592K-snli-model2,1447,text-classification,pipeline_tag,text-classification,5
varun-v-rao/gpt2-snli-model3,1448,text-classification,pipeline_tag,text-classification,5
varun-v-rao/bart-base-lora-885K-snli-model1,1449,text-classification,pipeline_tag,text-classification,5
varun-v-rao/bart-base-snli-model2,1450,text-classification,pipeline_tag,text-classification,5
varun-v-rao/bart-large-lora-2.36M-snli-model3,1451,text-classification,pipeline_tag,text-classification,5
varun-v-rao/gpt2-large-lora-2.95M-snli-model2,1452,text-classification,pipeline_tag,text-classification,5
varun-v-rao/gpt2-large-lora-2.95M-snli-model3,1453,text-classification,pipeline_tag,text-classification,5
varun-v-rao/gpt2-lora-592K-snli-model3,1454,text-classification,pipeline_tag,text-classification,5
varun-v-rao/bart-base-lora-885K-snli-model2,1455,text-classification,pipeline_tag,text-classification,5
varun-v-rao/bart-large-lora-2.36M-snli-model2,1456,text-classification,pipeline_tag,text-classification,5
varun-v-rao/bart-large-snli-model2,1457,text-classification,pipeline_tag,text-classification,5
varun-v-rao/gpt2-snli-model1,1458,text-classification,pipeline_tag,text-classification,5
varun-v-rao/gpt2-snli-model2,1459,text-classification,pipeline_tag,text-classification,5
nbroad/deberta-v3-xsmall-squad2,1460,question-answering,pipeline_tag,question-answering,3
nlpconnect/roberta-base-squad2-nq,1461,question-answering,pipeline_tag,question-answering,3
sjrhuschlee/bart-base-squad2,1462,question-answering,pipeline_tag,question-answering,3
kxx-kkk/FYP_qa_final,1463,question-answering,pipeline_tag,question-answering,3
sjrhuschlee/mdeberta-v3-base-squad2,1464,question-answering,pipeline_tag,question-answering,3
nbroad/xdistil-l12-h384-squad2,1465,question-answering,pipeline_tag,question-answering,3
distilbert/distilbert-base-cased-distilled-squad,1466,question-answering,pipeline_tag,question-answering,3
csarron/bert-base-uncased-squad-v1,1467,question-answering,pipeline_tag,question-answering,3
pierreguillou/t5-base-qa-squad-v1.1-portuguese,1468,text2text-generation,model_index,Other,0
medelharchaoui/gpt2-large-squad,1469,text-generation,pipeline_tag,text-generation,6
medelharchaoui/t5-large-xa-only-squad,1470,text-generation,pipeline_tag,text-generation,6
mbartolo/electra-large-synqa,1471,question-answering,pipeline_tag,question-answering,3
medelharchaoui/t5-small-xa-only-squad,1472,text-generation,pipeline_tag,text-generation,6
abdalrahmanshahrour/questionanswering-v1,1473,question-answering,pipeline_tag,question-answering,3
fromthesky/PLDR-LLM-v52-81M-FT-QA-1,1474,question-answering,pipeline_tag,question-answering,3
mrm8488/t5-small-finetuned-squad-qgen,1475,text2text-generation,model_index,Other,0
deepset/bert-medium-squad2-distilled,1476,question-answering,pipeline_tag,question-answering,3
deepset/xlm-roberta-large-squad2,1477,question-answering,pipeline_tag,question-answering,3
deepset/bert-base-cased-squad2,1478,question-answering,pipeline_tag,question-answering,3
deepset/xlm-roberta-base-squad2,1479,question-answering,pipeline_tag,question-answering,3
deepset/minilm-uncased-squad2,1480,question-answering,pipeline_tag,question-answering,3
deepset/bert-base-uncased-squad2,1481,question-answering,pipeline_tag,question-answering,3
deepset/tinybert-6l-768d-squad2,1482,question-answering,pipeline_tag,question-answering,3
mrm8488/longformer-base-4096-finetuned-squadv2,1483,question-answering,pipeline_tag,question-answering,3
Vu74269/bert-squadv2-base,1484,question-answering,pipeline_tag,question-answering,3
kiddothe2b/ModernBERT-base-squad2,1485,question-answering,pipeline_tag,question-answering,3
abhilash1910/albert-squad-v2,1486,question-answering,pipeline_tag,question-answering,3
Shobhank-iiitdwd/DistBERT-squad2-QA,1487,question-answering,pipeline_tag,question-answering,3
ahotrod/deberta-v3-large-finetuned-squadv2,1488,question-answering,pipeline_tag,question-answering,3
zohaib99k/roberta-base-squadv2,1489,question-answering,pipeline_tag,question-answering,3
Shobhank-iiitdwd/RoBERTA-rrQA,1490,question-answering,pipeline_tag,question-answering,3
thrunlab/t5-large_boolq_dense_epochs-5,1491,text-classification,pipeline_tag,text-classification,5
Areepatw/roberta-multirc,1492,text-classification,pipeline_tag,text-classification,5
Areepatw/xlmroberta-multirc,1493,text-classification,pipeline_tag,text-classification,5
thrunlab/t5-base_boolq_dense_epochs-1,1494,text-classification,pipeline_tag,text-classification,5
thrunlab/t5-large_wic_dense_epochs-5,1495,text-classification,pipeline_tag,text-classification,5
paulovsantanas/llm-mdeberta-v3-swag,1496,multiple-choice,pipeline_tag,Other,0
kenhktsui/setfit_test_toxic_chat,1497,text-classification,pipeline_tag,text-classification,5
bardsai/twitter-sentiment-pl-base,1498,text-classification,pipeline_tag,text-classification,5
bardsai/twitter-sentiment-pl-fast,1499,text-classification,pipeline_tag,text-classification,5
bardsai/twitter-emotion-pl-base,1500,text-classification,pipeline_tag,text-classification,5
philschmid/DistilBERT-tweet-eval-emotion,1501,text-classification,pipeline_tag,text-classification,5
philschmid/BERT-tweet-eval-emotion,1502,text-classification,pipeline_tag,text-classification,5
bardsai/twitter-emotion-pl-fast,1503,text-classification,pipeline_tag,text-classification,5
deepgai/tweet_eval-sentiment-finetuned,1504,text-classification,pipeline_tag,text-classification,5
qilin1/distilbert-base-uncased-finetuned-emoji,1505,text-classification,pipeline_tag,text-classification,5
aXhyra/demo_emotion_42,1506,text-classification,pipeline_tag,text-classification,5
aXhyra/emotion_trained_1234567,1507,text-classification,pipeline_tag,text-classification,5
aXhyra/presentation_emotion_31415,1508,text-classification,pipeline_tag,text-classification,5
muhtasham/medium-mlm-tweet-target-tweet,1509,text-classification,pipeline_tag,text-classification,5
Tomas23/twitter-roberta-base-mar2022-finetuned-emotion,1510,text-classification,pipeline_tag,text-classification,5
aXhyra/emotion_trained_final,1511,text-classification,pipeline_tag,text-classification,5
aXhyra/test_emotion_trained_test,1512,text-classification,pipeline_tag,text-classification,5
muhtasham/medium-mlm-imdb-target-tweet,1513,text-classification,pipeline_tag,text-classification,5
aXhyra/hate_trained_1234567,1514,text-classification,pipeline_tag,text-classification,5
aXhyra/hate_trained_final,1515,text-classification,pipeline_tag,text-classification,5
aXhyra/test_hate_trained_test,1516,text-classification,pipeline_tag,text-classification,5
aXhyra/presentation_hate_31415,1517,text-classification,pipeline_tag,text-classification,5
aXhyra/demo_hate_1234567,1518,text-classification,pipeline_tag,text-classification,5
marcolatella/irony_trained,1519,text-classification,pipeline_tag,text-classification,5
aXhyra/demo_irony_42,1520,text-classification,pipeline_tag,text-classification,5
aXhyra/presentation_irony_42,1521,text-classification,pipeline_tag,text-classification,5
aXhyra/test_irony_trained_test,1522,text-classification,pipeline_tag,text-classification,5
charlieoneill/distilbert-base-uncased-finetuned-tweet_eval-offensive,1523,text-classification,pipeline_tag,text-classification,5
austinmw/distilbert-base-uncased-finetuned-tweets-sentiment,1524,text-classification,pipeline_tag,text-classification,5
marcolatella/tweet_eval_bench,1525,text-classification,pipeline_tag,text-classification,5
Etelis/TweetEval_ALBERT_5E,1526,text-classification,pipeline_tag,text-classification,5
Etelis/TweetEval_ELECTRA_5E,1527,text-classification,pipeline_tag,text-classification,5
Priyanka-Balivada/electra-5-epoch-sentiment,1528,text-classification,pipeline_tag,text-classification,5
Etelis/TweetEval_XLNET_5E,1529,text-classification,pipeline_tag,text-classification,5
tner/roberta-large-tweetner7-all,1530,token-classification,pipeline_tag,token-classification,7
tner/bert-base-tweetner7-2020,1531,token-classification,pipeline_tag,token-classification,7
tner/twitter-roberta-base-dec2020-tweetner7-all,1532,token-classification,pipeline_tag,token-classification,7
tner/twitter-roberta-base-dec2021-tweetner7-all,1533,token-classification,pipeline_tag,token-classification,7
tner/bert-base-tweetner7-random,1534,token-classification,pipeline_tag,token-classification,7
tner/bertweet-large-tweetner7-all,1535,token-classification,pipeline_tag,token-classification,7
tner/bert-large-tweetner7-2020,1536,token-classification,pipeline_tag,token-classification,7
tner/roberta-base-tweetner7-2020,1537,token-classification,pipeline_tag,token-classification,7
tner/twitter-roberta-base-dec2020-tweetner7-continuous,1538,token-classification,pipeline_tag,token-classification,7
cardiffnlp/twitter-roberta-large-2022-154m-tweetner7-2020,1539,token-classification,pipeline_tag,token-classification,7
tner/roberta-large-tweetner7-2020-selflabel2020-all,1540,token-classification,pipeline_tag,token-classification,7
tner/twitter-roberta-base-dec2020-tweetner7-2021,1541,token-classification,pipeline_tag,token-classification,7
tner/roberta-base-tweetner7-all,1542,token-classification,pipeline_tag,token-classification,7
tner/twitter-roberta-base-dec2021-tweetner7-2021,1543,token-classification,pipeline_tag,token-classification,7
tner/twitter-roberta-base-dec2021-tweetner7-continuous,1544,token-classification,pipeline_tag,token-classification,7
tner/twitter-roberta-base-dec2021-tweetner7-random,1545,token-classification,pipeline_tag,token-classification,7
cardiffnlp/twitter-roberta-base-2022-154m-tweetner7-2020,1546,token-classification,pipeline_tag,token-classification,7
tner/bert-base-tweetner7-all,1547,token-classification,pipeline_tag,token-classification,7
tner/bertweet-base-tweetner7-all,1548,token-classification,pipeline_tag,token-classification,7
tner/roberta-base-tweetner7-continuous,1549,token-classification,pipeline_tag,token-classification,7
tner/roberta-large-tweetner7-2020,1550,token-classification,pipeline_tag,token-classification,7
tner/roberta-large-tweetner7-selflabel2020,1551,token-classification,pipeline_tag,token-classification,7
tner/twitter-roberta-base-2019-90m-tweetner7-all,1552,token-classification,pipeline_tag,token-classification,7
tner/roberta-base-tweetner7-random,1553,token-classification,pipeline_tag,token-classification,7
tner/roberta-large-tweetner7-continuous,1554,token-classification,pipeline_tag,token-classification,7
tner/roberta-large-tweetner7-random,1555,token-classification,pipeline_tag,token-classification,7
tner/roberta-large-tweetner7-selflabel2021-continuous,1556,token-classification,pipeline_tag,token-classification,7
tner/twitter-roberta-base-2019-90m-tweetner7-random,1557,token-classification,pipeline_tag,token-classification,7
codealchemist01/financial-sentiment-bert-large,1558,text-classification,pipeline_tag,text-classification,5
amaanbadure/GPT2QA_wikiqa,1559,text-classification,pipeline_tag,text-classification,5
pczarnik/herbert-base-ner,1560,token-classification,pipeline_tag,token-classification,7
crabz/slovakbert-ner,1561,token-classification,pipeline_tag,token-classification,7
Endika99/NLP-TokenClass-NER,1562,token-classification,pipeline_tag,token-classification,7
vagrawal787/bert-finetuned-ner-wikiann,1563,token-classification,pipeline_tag,token-classification,7
crabz/bertoslav-limited-ner,1564,token-classification,pipeline_tag,token-classification,7
FabianWillner/distilbert-base-german-cased-finetuned-ner,1565,token-classification,pipeline_tag,token-classification,7
transformersbook/xlm-roberta-base-finetuned-panx-all,1566,token-classification,pipeline_tag,token-classification,7
muhtasham/tajroberto-ner,1567,token-classification,pipeline_tag,token-classification,7
azizbarank/mbert-finetuned-azerbaijani-ner,1568,token-classification,pipeline_tag,token-classification,7
muhtasham/bert-base-cased-tajik-ner,1569,token-classification,pipeline_tag,token-classification,7
jimregan/BERTreach-finetuned-ner,1570,token-classification,pipeline_tag,token-classification,7
jimregan/electra-base-irish-cased-discriminator-v1-finetuned-ner,1571,token-classification,pipeline_tag,token-classification,7
muhtasham/bert-small-uncased-tajik-ner,1572,token-classification,pipeline_tag,token-classification,7
crabz/FERNET-CC_sk-ner,1573,token-classification,pipeline_tag,token-classification,7
iahlt/span-marker-xlm-roberta-base-ar,1574,token-classification,pipeline_tag,token-classification,7
jimregan/bert-base-irish-cased-v1-finetuned-ner,1575,token-classification,pipeline_tag,token-classification,7
muhtasham/bert-base-uncased-tajik-ner,1576,token-classification,pipeline_tag,token-classification,7
Gladiator/distilbert-base-uncased_ner_wikiann,1577,token-classification,pipeline_tag,token-classification,7
davidliu1110/bert-base-chinese-wikiann-zh-ner,1578,token-classification,pipeline_tag,token-classification,7
Someman/xlm-roberta-base-finetuned-wikiann-hi,1579,token-classification,pipeline_tag,token-classification,7
durgaamma2005/indic-transformers-te-distilbert,1580,token-classification,pipeline_tag,token-classification,7
Falah/arabic2023_ner_model,1581,token-classification,pipeline_tag,token-classification,7
Gladiator/funnel-transformer-xlarge_ner_wikiann,1582,token-classification,pipeline_tag,token-classification,7
gamzenurmadan/expanded-multilingual-ner,1583,token-classification,pipeline_tag,token-classification,7
Gladiator/albert-large-v2_ner_wikiann,1584,token-classification,pipeline_tag,token-classification,7
baptiste/deberta-finetuned-ner-connll-late-stop,1585,token-classification,pipeline_tag,token-classification,7
Gladiator/microsoft-deberta-v3-large_ner_wikiann,1586,token-classification,pipeline_tag,token-classification,7
askovr0n/xlm-roberta-base-finetuned-wikiann-pl,1587,token-classification,model_index,token-classification,7
davanstrien/numind_generic-entity_recognition_NER-multilingual-v1_wikiann_de,1588,token-classification,pipeline_tag,token-classification,7
alexamiredjibi/xlm-roberta-base-ka-ner,1589,token-classification,pipeline_tag,token-classification,7
rollerhafeezh-amikom/xlm-roberta-large-ner-silvanus,1590,token-classification,pipeline_tag,token-classification,7
nahiar/zero-shot-classification,1591,text-classification,pipeline_tag,text-classification,5
Team-PIXEL/pixel-base-finetuned-xnli-translate-train-all,1592,text-classification,pipeline_tag,text-classification,5
mrm8488/spanish-TinyBERT-betito-finetuned-xnli-es,1593,text-classification,pipeline_tag,text-classification,5
semindan/xnli_xlm_r_only_bg,1594,text-classification,pipeline_tag,text-classification,5
MayaGalvez/bert-base-multilingual-cased-finetuned-nli,1595,text-classification,pipeline_tag,text-classification,5
gayanin/bert-xnli-de-classifier,1596,text-classification,pipeline_tag,text-classification,5
SarahAdnan/bert-base-arabic-electra-xnli-finetuned,1597,text-classification,pipeline_tag,text-classification,5
semindan/xnli_xlm_r_only_en,1598,text-classification,pipeline_tag,text-classification,5
semindan/xnli_xlm_r_only_fr,1599,text-classification,pipeline_tag,text-classification,5
semindan/xnli_xlm_r_only_ru,1600,text-classification,pipeline_tag,text-classification,5
semindan/xnli_xlm_r_only_ar,1601,text-classification,pipeline_tag,text-classification,5
semindan/xnli_xlm_r_only_de,1602,text-classification,pipeline_tag,text-classification,5
semindan/xnli_xlm_r_only_es,1603,text-classification,pipeline_tag,text-classification,5
semindan/xnli_xlm_r_only_hi,1604,text-classification,pipeline_tag,text-classification,5
semindan/xnli_xlm_r_only_sw,1605,text-classification,pipeline_tag,text-classification,5
semindan/xnli_xlm_r_only_th,1606,text-classification,pipeline_tag,text-classification,5
semindan/xnli_xlm_r_only_tr,1607,text-classification,pipeline_tag,text-classification,5
semindan/xnli_xlm_r_only_ur,1608,text-classification,pipeline_tag,text-classification,5
semindan/xnli_xlm_r_only_zh,1609,text-classification,pipeline_tag,text-classification,5
PJM124/checkpoints_xnli,1610,text-classification,pipeline_tag,text-classification,5
semindan/xnli_xlm_r_only_el,1611,text-classification,pipeline_tag,text-classification,5
semindan/xnli_xlm_r_only_vi,1612,text-classification,pipeline_tag,text-classification,5
Tirendaz/roberta-base-NER,1613,token-classification,pipeline_tag,token-classification,7
andreaschandra/xlm-roberta-base-finetuned-panx-en,1614,token-classification,pipeline_tag,token-classification,7
h1nadesu/xlm-roberta-base-finetuned-panx-fr,1615,token-classification,pipeline_tag,token-classification,7
h1nadesu/xlm-roberta-base-finetuned-panx-it,1616,token-classification,pipeline_tag,token-classification,7
Sanyam/xlm-roberta-base-finetuned-panx-de,1617,token-classification,pipeline_tag,token-classification,7
ocaklisemih/multilingual-xlm-roberta-for-ner,1618,token-classification,pipeline_tag,token-classification,7
neelrr/xlm-roberta-base-finetuned-panx-mr,1619,token-classification,pipeline_tag,token-classification,7
olpa/xml-roberta-base-finetuned-panx-fr,1620,token-classification,pipeline_tag,token-classification,7
alvarobartt/bert-base-multilingual-cased-ner-spanish,1621,token-classification,pipeline_tag,token-classification,7
hugsao123/XLM-R-fine-tuned-for-ner,1622,token-classification,pipeline_tag,token-classification,7
ShkalikovOleh/mdeberta-v3-base-panx-wikiann-en,1623,token-classification,pipeline_tag,token-classification,7
ShkalikovOleh/xlm-roberta-large-panx-wikiann-en,1624,token-classification,pipeline_tag,token-classification,7
avanishd/xlm-roberta-base-finetuned-panx-de-fr-en-it,1625,token-classification,pipeline_tag,token-classification,7
fabriceyhc/bert-base-uncased-yahoo_answers_topics,1626,text-classification,pipeline_tag,text-classification,5
rttl-ai/bert-base-uncased-yelp-reviews,1627,text-classification,pipeline_tag,text-classification,5
Shunian/yelp_review_rating_reberta_base,1628,text-classification,pipeline_tag,text-classification,5
Etelis/YELP_ELECTRA_5E,1629,text-classification,pipeline_tag,text-classification,5
Etelis/YELP_roBERTa_5E,1630,text-classification,pipeline_tag,text-classification,5
jenniferjane/Bert_Classifier,1631,text-classification,pipeline_tag,text-classification,5
kektorio/yelp-based-finetuning-sentiment-model-3000-samples,1632,text-classification,pipeline_tag,text-classification,5
yer1k/hf_fine_tune_hello_world,1633,text-classification,pipeline_tag,text-classification,5
Etelis/YELP_ALBERT_5E,1634,text-classification,pipeline_tag,text-classification,5
Etelis/YELP_DistilBERT_5E,1635,text-classification,pipeline_tag,text-classification,5
JaminOne/output,1636,text-classification,pipeline_tag,text-classification,5
Shunian/yelp_review_classification,1637,text-classification,pipeline_tag,text-classification,5
arunboss/triage,1638,text-classification,pipeline_tag,text-classification,5
captainjeff/test_trainer,1639,text-classification,pipeline_tag,text-classification,5
rukshanCodeGen/dummp,1640,text-classification,pipeline_tag,text-classification,5
MoritzLaurer/mDeBERTa-v3-base-xnli-multilingual-nli-2mil7,1641,text-classification,pipeline_tag,text-classification,5
onnx-community/mDeBERTa-v3-base-xnli-multilingual-nli-2mil7-ONNX,1642,text-classification,pipeline_tag,text-classification,5
MoritzLaurer/DeBERTa-v3-large-mnli-fever-anli-ling-wanli,1643,text-classification,pipeline_tag,text-classification,5
Lowerated/lm6-deberta-v3-topic-sentiment,1644,text-classification,pipeline_tag,text-classification,5
peyterho/finbert-macro-sentiment,1645,text-classification,pipeline_tag,text-classification,5
Basar2004/turkish-sentence-encoder,1646,sentence-similarity,pipeline_tag,sentence-similarity,4
w11wo/indonesian-roberta-base-posp-tagger,1647,token-classification,pipeline_tag,token-classification,7
nie3e/sentiment-polish-gpt2-small,1648,text-classification,pipeline_tag,text-classification,5
mrm8488/distilroberta-finetuned-financial-news-sentiment-analysis,1649,text-classification,pipeline_tag,text-classification,5
nomic-ai/modernbert-embed-base,1650,sentence-similarity,pipeline_tag,sentence-similarity,4
mlx-community/nomicai-modernbert-embed-base-bf16,1651,sentence-similarity,pipeline_tag,sentence-similarity,4
ayameRushia/bert-base-indonesian-1.5G-sentiment-analysis-smsa,1652,text-classification,pipeline_tag,text-classification,5
siddharthtumre/biobert-finetuned-ner,1653,token-classification,pipeline_tag,token-classification,7
vibhorag101/roberta-base-suicide-prediction-phr,1654,text-classification,pipeline_tag,text-classification,5
crypter70/IndoBERT-Sentiment-Analysis,1655,text-classification,pipeline_tag,text-classification,5
madhurjindal/autonlp-Gibberish-Detector-492513457,1656,text-classification,pipeline_tag,text-classification,5
alunadiderot/setfit-e5-base-category-classifier_v2,1657,text-classification,pipeline_tag,text-classification,5
cardiffnlp/twitter-roberta-base-dec2021-tweet-topic-multi-all,1658,text-classification,pipeline_tag,text-classification,5
ivanlau/language-detection-fine-tuned-on-xlm-roberta-base,1659,text-classification,pipeline_tag,text-classification,5
eliasalbouzidi/distilbert-nsfw-text-classifier,1660,text-classification,pipeline_tag,text-classification,5
lightonai/modernbert-embed-large,1661,sentence-similarity,pipeline_tag,sentence-similarity,4
bardsai/finance-sentiment-zh-base,1662,text-classification,pipeline_tag,text-classification,5
ayameRushia/roberta-base-indonesian-sentiment-analysis-smsa,1663,text-classification,pipeline_tag,text-classification,5
bardsai/finance-sentiment-fr-base,1664,text-classification,pipeline_tag,text-classification,5
bardsai/finance-sentiment-ja-base,1665,text-classification,pipeline_tag,text-classification,5
Tanneru/Emotion-Classification-DeBERTa-v3-Large,1666,text-classification,pipeline_tag,text-classification,5
mlx-community/nomicai-modernbert-embed-base-6bit,1667,sentence-similarity,pipeline_tag,sentence-similarity,4
AnkitAI/distilbert-base-uncased-financial-news-sentiment-analysis,1668,text-classification,pipeline_tag,text-classification,5
codelion/sprog-9m,1669,question-answering,pipeline_tag,question-answering,3
sciarrilli/biobert-base-cased-v1.2-finetuned-ner,1670,token-classification,pipeline_tag,token-classification,7
bardsai/finance-sentiment-es-base,1671,text-classification,pipeline_tag,text-classification,5
ayshajavd/graphcodebert-vuln-classifier,1672,text-classification,pipeline_tag,text-classification,5
hanifnoerr/Fine-tuned-Indonesian-Sentiment-Classifier,1673,text-classification,pipeline_tag,text-classification,5
nomic-ai/modernbert-embed-base-unsupervised,1674,sentence-similarity,pipeline_tag,sentence-similarity,4
tihon-nth/my_awesome_wnut_model,1675,token-classification,pipeline_tag,token-classification,7
lightonai/modernbert-embed-large-unsupervised,1676,sentence-similarity,pipeline_tag,sentence-similarity,4
bardsai/finance-sentiment-zh-fast,1677,text-classification,pipeline_tag,text-classification,5
afbudiman/indobert-classification,1678,text-classification,pipeline_tag,text-classification,5
dominguesm/bert-restore-punctuation-ptbr,1679,token-classification,pipeline_tag,token-classification,7
Sharpaxis/Finance_DistilBERT_sentiment,1680,text-classification,pipeline_tag,text-classification,5
ayameRushia/roberta-base-indonesian-1.5G-sentiment-analysis-smsa,1681,text-classification,pipeline_tag,text-classification,5
Vu74269/bert-squadv2-extend-base,1682,question-answering,pipeline_tag,question-answering,3
Surpem/Supertron-embedding-300M,1683,sentence-similarity,pipeline_tag,sentence-similarity,4
ayameRushia/indobert-base-uncased-finetuned-indonlu-smsa,1684,text-classification,pipeline_tag,text-classification,5
ma2za/roberta-emotion,1685,text-classification,pipeline_tag,text-classification,5
aychang/bert-base-cased-trec-coarse,1686,text-classification,pipeline_tag,text-classification,5
joseph10/berttiny-hate_speech18-bothpretrained,1687,text-classification,pipeline_tag,text-classification,5
minuva/MiniLMv2-goemotions-v2-onnx,1688,text-classification,pipeline_tag,text-classification,5
JIWON/bert-base-finetuned-nli,1689,text-classification,pipeline_tag,text-classification,5
NPCProgrammer/BERT_Emotions_tuned,1690,text-classification,pipeline_tag,text-classification,5
warwickai/fin-perceiver,1691,text-classification,pipeline_tag,text-classification,5
bardsai/finance-sentiment-pl-fast,1692,text-classification,pipeline_tag,text-classification,5
zanesmit29/founder-roberta-emotion-v1,1693,text-classification,pipeline_tag,text-classification,5
zeroMN/SHMT,1694,audio-text-to-text,pipeline_tag,Other,0
Sigma/financial-sentiment-analysis,1695,text-classification,pipeline_tag,text-classification,5
ArafatBHossain/distiled_flip_model_emotion_alpha_0.8_epoch5_v1,1696,text-classification,pipeline_tag,text-classification,5
gchhablani/fnet-large-finetuned-cola-copy,1697,text-classification,pipeline_tag,text-classification,5
bardsai/finance-sentiment-pl-base,1698,text-classification,pipeline_tag,text-classification,5
frett/chinese_paragraph_bert-ext,1699,multiple-choice,pipeline_tag,Other,0
aychang/distilbert-base-cased-trec-coarse,1700,text-classification,pipeline_tag,text-classification,5
thomasbeste/danish-ner,1701,token-classification,pipeline_tag,token-classification,7
JaviBJ/sagemaker-distilbert-emotion,1702,text-classification,pipeline_tag,text-classification,5
Narrativaai/deberta-v3-small-finetuned-hate_speech18,1703,text-classification,pipeline_tag,text-classification,5
bardsai/finance-sentiment-de-base,1704,text-classification,pipeline_tag,text-classification,5
henrywch2huggingface/LE_Morals-Guard-Qwen3.6-35B-A3B,1705,text-generation,pipeline_tag,text-generation,6
9mark9/finbert-minilm-sentiment,1706,text-classification,pipeline_tag,text-classification,5
neoyipeng/ModernFinBERT-base,1707,text-classification,pipeline_tag,text-classification,5
siddharthtumre/pubmedbert-finetuned-ner,1708,token-classification,pipeline_tag,token-classification,7
socialmediaie/bertweet-base_wnut17_ner,1709,token-classification,pipeline_tag,token-classification,7
tasinhoque/text-classification-goemotions,1710,text-classification,pipeline_tag,text-classification,5
philschmid/gbert-base-germaner,1711,token-classification,pipeline_tag,token-classification,7
INC4AI/roberta-base-mrpc-int8-static-inc,1712,text-classification,pipeline_tag,text-classification,5
gchhablani/fnet-large-finetuned-cola-copy2,1713,text-classification,pipeline_tag,text-classification,5
jordyvl/biobert-base-cased-v1.2_ncbi_disease-softmax-labelall-ner,1714,token-classification,pipeline_tag,token-classification,7
skimb22/roberta-large-klue-ner-epoch8,1715,token-classification,pipeline_tag,token-classification,7
bergum/xtremedistil-l6-h384-go-emotion,1716,text-classification,pipeline_tag,text-classification,5
hadangvu/pkd-albert-student,1717,text-classification,pipeline_tag,text-classification,5
siddharthtumre/scibert-finetuned-ner,1718,token-classification,pipeline_tag,token-classification,7
gchhablani/fnet-large-finetuned-cola,1719,text-classification,pipeline_tag,text-classification,5
StatsGary/bert-large-ner-wnut-17,1720,token-classification,pipeline_tag,token-classification,7
jkhan447/sentiment-model-sample-27go-emotion,1721,text-classification,pipeline_tag,text-classification,5
thrunlab/t5-large_rte_dense_sp0_ar0,1722,text-classification,pipeline_tag,text-classification,5
gchhablani/fnet-large-finetuned-cola-copy3,1723,text-classification,pipeline_tag,text-classification,5
Hidden-States/roberta-base-goemotions,1724,text-classification,pipeline_tag,text-classification,5
Kayvane/distilbert-complaints-wandb-product,1725,text-classification,pipeline_tag,text-classification,5
dmargutierrez/distilbert-base-uncased-WNUT-ner,1726,token-classification,pipeline_tag,token-classification,7
jordyvl/biobert-base-cased-v1.2_ncbi_disease-sm-first-ner,1727,token-classification,pipeline_tag,token-classification,7
mtebad/classification_model,1728,text-classification,pipeline_tag,text-classification,5
nikitakapitan/distilbert-base-uncased-finetuned-clinc_oos,1729,text-classification,pipeline_tag,text-classification,5
theResearchNinja/Cybonto-distilbert-base-uncased-finetuned-ner-Wnut17,1730,token-classification,pipeline_tag,token-classification,7
trnt/twitter_emotions,1731,text-classification,pipeline_tag,text-classification,5
gokulsrinivasagan/bert_train_book_ent_15p_mid_cola,1732,text-classification,pipeline_tag,text-classification,5
Kayvane/distilroberta-base-wandb-week-3-complaints-classifier-1024,1733,text-classification,pipeline_tag,text-classification,5
Nekochu/nanochat-d24,1734,text-generation,pipeline_tag,text-generation,6
aXhyra/demo_sentiment_1234567,1735,text-classification,pipeline_tag,text-classification,5
chunwoolee0/klue_nli_roberta_base_model,1736,text-classification,pipeline_tag,text-classification,5
cnicu/tweet_emotions_classifier,1737,text-classification,pipeline_tag,text-classification,5
dmargutierrez/bert-base-multilingual-cased-WNUT-ner,1738,token-classification,pipeline_tag,token-classification,7
dmargutierrez/xlm-roberta-base-WNUT-ner,1739,token-classification,pipeline_tag,token-classification,7
hanifnoerr/Model_analisis_sentimen,1740,text-classification,pipeline_tag,text-classification,5
hcy5561/my_new_ner,1741,token-classification,pipeline_tag,token-classification,7
jkhan447/sentiment-model-sample-go-emotion,1742,text-classification,pipeline_tag,text-classification,5
muhtasham/bert-small-finetuned-wnut17-ner,1743,token-classification,pipeline_tag,token-classification,7
niansong1996/lever-wikitq-codex,1744,code-generation,model_index,Other,0
philschmid/deberta-v3-xsmall-emotion,1745,text-classification,pipeline_tag,text-classification,5
tingtone/jq_emo_gpt,1746,text-classification,pipeline_tag,text-classification,5
gokulsrinivasagan/bert_base_train_book_ent_15p_ra_cola,1747,text-classification,pipeline_tag,text-classification,5
gokuls/mobilebert_sa_GLUE_Experiment_logit_kd_cola_128,1748,text-classification,pipeline_tag,text-classification,5
gokulsrinivasagan/bert_base_lda_100_v1_book_cola,1749,text-classification,pipeline_tag,text-classification,5
Gayu/my_sequence_labelling_model,1750,token-classification,pipeline_tag,token-classification,7
Kayvane/distilbert-base-uncased-wandb-week-3-complaints-classifier-256,1751,text-classification,pipeline_tag,text-classification,5
Umesh/biobert-finetuned-ncbi,1752,token-classification,pipeline_tag,token-classification,7
VMware/tinyroberta-mrqa,1753,question-answering,pipeline_tag,question-answering,3
aXhyra/presentation_sentiment_31415,1754,text-classification,pipeline_tag,text-classification,5
aXhyra/sentiment_trained_1234567,1755,text-classification,pipeline_tag,text-classification,5
daniel-gordon/bioBERT-finetuned-financial-phrasebank,1756,text-classification,pipeline_tag,text-classification,5
dmargutierrez/distilbert-base-multilingual-cased-WNUT-ner,1757,token-classification,pipeline_tag,token-classification,7
dmargutierrez/xlm-roberta-large-WNUT-ner,1758,token-classification,pipeline_tag,token-classification,7
ish97/bert-finetuned-ner-wnut17,1759,token-classification,pipeline_tag,token-classification,7
niansong1996/lever-gsm8k-codex,1760,text-classification,pipeline_tag,text-classification,5
tomaarsen/span-marker-bert-base-ncbi-disease,1761,token-classification,pipeline_tag,token-classification,7
tucan9389/kcbert-base-finetuned,1762,text-classification,pipeline_tag,text-classification,5
hung200504/bert-squadv2,1763,question-answering,pipeline_tag,question-answering,3
DS-AI-Group10/guardrail-mdeberta-v3-jailbreak,1764,text-classification,model_index,text-classification,5
Esmail275/distilbert-base-uncased-finetuned_on_hata_dateset,1765,text-classification,pipeline_tag,text-classification,5
MicroPhion/wav2vec2-base-lang-id,1766,speech,pipeline_tag,Other,0
OmarMaqousi/distilbert-emotion-model,1767,text-classification,pipeline_tag,text-classification,5
Pontonkid/Biomed_bert-base-uncased-NER,1768,token-classification,pipeline_tag,token-classification,7
afbudiman/distilled-indobert-classification,1769,text-classification,pipeline_tag,text-classification,5
afbudiman/indobert-distilled-optimized-for-classification,1770,text-classification,pipeline_tag,text-classification,5
cwchang/ner_model,1771,token-classification,pipeline_tag,token-classification,7
derek-harnett/movie-review-classifier,1772,text-classification,pipeline_tag,text-classification,5
independently-platform/picoguardian-v3,1773,text-classification,pipeline_tag,text-classification,5
jeremygf/xlm-roberta-base-headtuned-panx-de,1774,token-classification,pipeline_tag,token-classification,7
mrm8488/xlm-v-base-finetuned-xglue-xnli,1775,text-classification,pipeline_tag,text-classification,5
muhtasham/bert-small-finetuned-xglue-ner,1776,token-classification,pipeline_tag,token-classification,7
muhtasham/bert-small-finetuned-xglue-ner-longer20,1777,token-classification,pipeline_tag,token-classification,7
ntmanh90/distilbert_token_classification_cus,1778,token-classification,pipeline_tag,token-classification,7
w11wo/indonesian-roberta-base-nerp-tagger,1779,token-classification,pipeline_tag,token-classification,7
Marwolaeth/rosberta-nli-terra-v0,1780,text-classification,pipeline_tag,text-classification,5
PabloGuinea/bert-base,1781,token-classification,pipeline_tag,token-classification,7
adisrini11/AIE-Assessment,1782,text-classification,pipeline_tag,text-classification,5
annafavaro/BIO_GPT_NER_FINETUNED_C,1783,token-classification,pipeline_tag,token-classification,7
chintagunta85/electramed-small-NCBI-ner,1784,token-classification,pipeline_tag,token-classification,7
daijin219/MLMA_lab9_1,1785,token-classification,pipeline_tag,token-classification,7
eren23/basic_wnut,1786,token-classification,pipeline_tag,token-classification,7
filippo-baglini/biobert_finetuned_ncbi_disease,1787,token-classification,pipeline_tag,token-classification,7
koh43/distilbert-base-uncased-ner-wnut,1788,token-classification,pipeline_tag,token-classification,7
loresiensis/distilbert_classificator,1789,text-classification,pipeline_tag,text-classification,5
minuva/MiniLMv2-goemotions-v2,1790,text-classification,pipeline_tag,text-classification,5
muhtasham/bert-small-finetuned-wnut17-ner-longer10,1791,token-classification,pipeline_tag,token-classification,7
muhtasham/bert-small-finetuned-xglue-ner-longer10,1792,token-classification,pipeline_tag,token-classification,7
muhtasham/bert-tiny-finetuned-xglue-ner,1793,token-classification,pipeline_tag,token-classification,7
openobscure/tinybert4l-pii-ner-int8,1794,token-classification,pipeline_tag,token-classification,7
oyvindgrutle/distilbert-base-uncased-test2,1795,token-classification,pipeline_tag,token-classification,7
philschmid/RoBERTa-Banking77,1796,text-classification,pipeline_tag,text-classification,5
pkbiswas/Bert-Phrasebank-Sentiment-Analysis,1797,text-classification,pipeline_tag,text-classification,5
tasinhoque/roberta-large-go-emotions,1798,text-classification,pipeline_tag,text-classification,5
westbrook/bio_gpt_ner,1799,token-classification,pipeline_tag,token-classification,7
Zarani/my-distilbert-ner-finetuned-conll2003,1800,token-classification,pipeline_tag,token-classification,7
Gladiator/microsoft-deberta-v3-large_ner_wnut_17,1801,token-classification,pipeline_tag,token-classification,7
Moxieeixom/finetuned-biogpt,1802,token-classification,pipeline_tag,token-classification,7
NabiilNajm26/sentiment_model_3,1803,text-classification,pipeline_tag,text-classification,5
OMCHOKSI108/FineStream,1804,text-classification,pipeline_tag,text-classification,5
PabloGuinea/distilbert-base,1805,token-classification,pipeline_tag,token-classification,7
PabloGuinea/distilbert-base-token,1806,token-classification,pipeline_tag,token-classification,7
SandeepVvigneshwar/sentiment-classification-albert-large-v2,1807,text-classification,pipeline_tag,text-classification,5
Tirendaz/my_ner_model,1808,token-classification,pipeline_tag,token-classification,7
UMUTeam/roberta-emotion-en,1809,text-classification,pipeline_tag,text-classification,5
Vs2882/liar_binaryclassifier_roberta_base,1810,text-classification,pipeline_tag,text-classification,5
annafavaro/BIO_GPT_NER_FINETUNED_NEW_2,1811,token-classification,pipeline_tag,token-classification,7
chjooon/text_classification_1,1812,text-classification,pipeline_tag,text-classification,5
codeSlang/distilBert,1813,token-classification,pipeline_tag,token-classification,7
d2d22/biogpt-ner-checkpoint,1814,token-classification,pipeline_tag,token-classification,7
dorabox/my-biogpt-ner,1815,token-classification,pipeline_tag,token-classification,7
emilys/twitter-roberta-base-WNUT,1816,token-classification,pipeline_tag,token-classification,7
harshaojha/distilbert-emotion-finetuned,1817,text-classification,pipeline_tag,text-classification,5
hoganpham/my_first_ner,1818,token-classification,pipeline_tag,token-classification,7
j1username/biogpt,1819,token-classification,pipeline_tag,token-classification,7
maksim2000153/distilbert-base-uncased-finetuned-wnut_17-ner,1820,token-classification,pipeline_tag,token-classification,7
ngchuchi/hf_token_classification,1821,token-classification,pipeline_tag,token-classification,7
nstrn-mo/wnut_17_model,1822,token-classification,pipeline_tag,token-classification,7
oandreae/financial_sentiment_model,1823,text-classification,pipeline_tag,text-classification,5
oyvindgrutle/ner-classification,1824,token-classification,pipeline_tag,token-classification,7
perfectsquare123/wnut_distilbert_NER_baseline,1825,token-classification,pipeline_tag,token-classification,7
ryderli/biogpt-ner,1826,token-classification,pipeline_tag,token-classification,7
varun-v-rao/t5-large-fp-sick,1827,text-classification,pipeline_tag,text-classification,5
Gladiator/albert-large-v2_ner_wnut_17,1828,token-classification,pipeline_tag,token-classification,7
Gladiator/funnel-transformer-xlarge_ner_wnut_17,1829,token-classification,pipeline_tag,token-classification,7
Maoger/biogpt-finetuned,1830,token-classification,pipeline_tag,token-classification,7
Pontonkid/finetuned-xlm-roberta-base-NER,1831,token-classification,pipeline_tag,token-classification,7
daijin219/MLMA_lab9_task2,1832,token-classification,pipeline_tag,token-classification,7
hiudev/banking77-deBERTa-v3-base,1833,text-classification,pipeline_tag,text-classification,5
jonastokoliu/token_classification_finetune,1834,token-classification,pipeline_tag,token-classification,7
varun-v-rao/opt-1.3b-fp-sick,1835,text-classification,pipeline_tag,text-classification,5
varun-v-rao/t5-base-fp-sick,1836,text-classification,pipeline_tag,text-classification,5
yujie07/2023MLMA_LAB9_task2,1837,token-classification,pipeline_tag,token-classification,7
GH0stJ/biogpt_ncbi_disease_ner,1838,token-classification,pipeline_tag,token-classification,7
GlycerinLOL/Bart_reddit_tifu,1839,text2text-generation,model_index,Other,0
HungsingWong/biogpt-ncbi-disease-ner,1840,token-classification,model_index,token-classification,7
IngeniousArtist/openllama-3b-finance,1841,text-classification,pipeline_tag,text-classification,5
Tomisin777/biogpt-finetuned-ner,1842,token-classification,pipeline_tag,token-classification,7
chintagunta85/electramed-small-JNLPBA-ner,1843,token-classification,pipeline_tag,token-classification,7
ishdev10/lab7_models,1844,token-classification,pipeline_tag,token-classification,7
nadiamomtaz/biogpt-ncbi-ner,1845,token-classification,pipeline_tag,token-classification,7
nimeeshachan/mlma_nchan19_biogpt_gpt2,1846,token-classification,pipeline_tag,token-classification,7
sabshr/biogpt-finetuned-ncbi-ner,1847,token-classification,pipeline_tag,token-classification,7
varun-v-rao/opt-350m-fp-sick,1848,text-classification,pipeline_tag,text-classification,5
winddude/mamba_finacial_phrasebank_sentiment,1849,text-classification,pipeline_tag,text-classification,5
IngeniousArtist/stablelm-3b-finance,1850,text-classification,pipeline_tag,text-classification,5
skimb22/koelectra-ner-klue-test1,1851,token-classification,pipeline_tag,token-classification,7
sentence-transformers/all-mpnet-base-v2,1852,sentence-similarity,pipeline_tag,sentence-similarity,4
BAAI/bge-m3,1853,sentence-similarity,pipeline_tag,sentence-similarity,4
FacebookAI/xlm-roberta-base,1854,fill-mask,pipeline_tag,fill-mask,2
BAAI/bge-reranker-v2-m3,1855,text-classification,pipeline_tag,text-classification,5
google-t5/t5-small,1856,translation,pipeline_tag,translation,8
sentence-transformers/paraphrase-multilingual-mpnet-base-v2,1857,sentence-similarity,pipeline_tag,sentence-similarity,4
FacebookAI/xlm-roberta-large,1858,fill-mask,pipeline_tag,fill-mask,2
BAAI/bge-reranker-base,1859,text-classification,pipeline_tag,text-classification,5
facebook/bart-large-mnli,1860,text-classification,pipeline_tag,text-classification,5
facebook/esm2_t33_650M_UR50D,1861,fill-mask,pipeline_tag,fill-mask,2
google-t5/t5-base,1862,translation,pipeline_tag,translation,8
microsoft/deberta-v3-base,1863,fill-mask,pipeline_tag,fill-mask,2
sentence-transformers/multi-qa-mpnet-base-dot-v1,1864,sentence-similarity,pipeline_tag,sentence-similarity,4
ibm-granite/granite-embedding-small-english-r2,1865,feature-extraction,pipeline_tag,feature-extraction,1
microsoft/mdeberta-v3-base,1866,fill-mask,pipeline_tag,fill-mask,2
BAAI/bge-reranker-large,1867,feature-extraction,pipeline_tag,feature-extraction,1
sentence-transformers/paraphrase-mpnet-base-v2,1868,sentence-similarity,pipeline_tag,sentence-similarity,4
facebook/bart-large-cnn,1869,summarization,pipeline_tag,Other,0
facebook/nllb-200-distilled-600M,1870,translation,pipeline_tag,translation,8
trl-internal-testing/tiny-Qwen2ForSequenceClassification-2.5,1871,text-classification,pipeline_tag,text-classification,5
google/flan-t5-base,1872,,none,Other,0
microsoft/wavlm-large,1873,feature-extraction,pipeline_tag,feature-extraction,1
facebook/esm2_t12_35M_UR50D,1874,fill-mask,pipeline_tag,fill-mask,2
cardiffnlp/twitter-xlm-roberta-base-sentiment,1875,text-classification,pipeline_tag,text-classification,5
Helsinki-NLP/opus-mt-nl-en,1876,translation,pipeline_tag,translation,8
unslothai/1,1877,feature-extraction,pipeline_tag,feature-extraction,1
almanach/camembert-base,1878,fill-mask,pipeline_tag,fill-mask,2
unslothai/repeat,1879,feature-extraction,pipeline_tag,feature-extraction,1
microsoft/deberta-v3-large,1880,fill-mask,pipeline_tag,fill-mask,2
nvidia/parakeet-ctc-1.1b,1881,speech,pipeline_tag,Other,0
Helsinki-NLP/opus-mt-en-de,1882,translation,pipeline_tag,translation,8
ahotrod/electra_large_discriminator_squad2_512,1883,question-answering,pipeline_tag,question-answering,3
jinaai/jina-embeddings-v5-text-nano,1884,feature-extraction,pipeline_tag,feature-extraction,1
sshleifer/distilbart-cnn-12-6,1885,summarization,pipeline_tag,Other,0
nomic-ai/nomic-embed-text-v2-moe,1886,sentence-similarity,pipeline_tag,sentence-similarity,4
microsoft/wavlm-base-plus,1887,feature-extraction,pipeline_tag,feature-extraction,1
Helsinki-NLP/opus-mt-fr-en,1888,translation,pipeline_tag,translation,8
BAAI/bge-reranker-v2-gemma,1889,text-classification,pipeline_tag,text-classification,5
facebook/esm2_t6_8M_UR50D,1890,fill-mask,pipeline_tag,fill-mask,2
google/canine-c,1891,feature-extraction,pipeline_tag,feature-extraction,1
livekit/turn-detector,1892,text-classification,pipeline_tag,text-classification,5
microsoft/deberta-v3-small,1893,fill-mask,pipeline_tag,fill-mask,2
oliverguhr/fullstop-punctuation-multilang-large,1894,token-classification,pipeline_tag,token-classification,7
dragonkue/BGE-m3-ko,1895,sentence-similarity,pipeline_tag,sentence-similarity,4
google/flan-t5-small,1896,,none,Other,0
facebook/esm2_t36_3B_UR50D,1897,fill-mask,pipeline_tag,fill-mask,2
Helsinki-NLP/opus-mt-es-en,1898,translation,pipeline_tag,translation,8
cl-nagoya/ruri-v3-310m,1899,sentence-similarity,pipeline_tag,sentence-similarity,4
jinaai/jina-reranker-m0,1900,text-classification,pipeline_tag,text-classification,5
danielheinz/e5-base-sts-en-de,1901,feature-extraction,pipeline_tag,feature-extraction,1
Helsinki-NLP/opus-mt-en-es,1902,translation,pipeline_tag,translation,8
kredor/punctuate-all,1903,token-classification,pipeline_tag,token-classification,7
hantian/layoutreader,1904,token-classification,pipeline_tag,token-classification,7
Davlan/xlm-roberta-large-ner-hrl,1905,token-classification,pipeline_tag,token-classification,7
papluca/xlm-roberta-base-language-detection,1906,text-classification,pipeline_tag,text-classification,5
Helsinki-NLP/opus-mt-tr-en,1907,translation,pipeline_tag,translation,8
GPTCache/paraphrase-albert-small-v2,1908,feature-extraction,pipeline_tag,feature-extraction,1
facebook/esm2_t30_150M_UR50D,1909,fill-mask,pipeline_tag,fill-mask,2
unslothai/vram-16,1910,feature-extraction,pipeline_tag,feature-extraction,1
unslothai/lambda,1911,feature-extraction,pipeline_tag,feature-extraction,1
yikuan8/Clinical-Longformer,1912,fill-mask,pipeline_tag,fill-mask,2
Helsinki-NLP/opus-mt-it-en,1913,translation,pipeline_tag,translation,8
nomic-ai/nomic-embed-code,1914,sentence-similarity,pipeline_tag,sentence-similarity,4
Helsinki-NLP/opus-mt-ar-en,1915,translation,pipeline_tag,translation,8
google/flan-t5-large,1916,,none,Other,0
segment-any-text/sat-3l-sm,1917,token-classification,pipeline_tag,token-classification,7
FremyCompany/BioLORD-2023,1918,sentence-similarity,pipeline_tag,sentence-similarity,4
jason9693/Qwen2.5-1.5B-apeach,1919,text-classification,pipeline_tag,text-classification,5
facebook/bart-base,1920,feature-extraction,pipeline_tag,feature-extraction,1
boboliu/Qwen3-Reranker-4B-W4A16-G128,1921,text-classification,pipeline_tag,text-classification,5
Helsinki-NLP/opus-mt-de-en,1922,translation,pipeline_tag,translation,8
unslothai/other,1923,feature-extraction,pipeline_tag,feature-extraction,1
Helsinki-NLP/opus-mt-en-ar,1924,translation,pipeline_tag,translation,8
albert/albert-base-v2,1925,fill-mask,pipeline_tag,fill-mask,2
deepvk/USER-bge-m3,1926,sentence-similarity,pipeline_tag,sentence-similarity,4
ibm-granite/granite-embedding-311m-multilingual-r2,1927,feature-extraction,pipeline_tag,feature-extraction,1
jinaai/jina-embeddings-v5-text-small,1928,feature-extraction,pipeline_tag,feature-extraction,1
antoinelouis/french-bge-m3,1929,sentence-similarity,pipeline_tag,sentence-similarity,4
google-t5/t5-large,1930,translation,pipeline_tag,translation,8
cross-encoder/nli-deberta-v3-base,1931,text-classification,pipeline_tag,text-classification,5
Helsinki-NLP/opus-mt-en-it,1932,translation,pipeline_tag,translation,8
facebook/dpr-ctx_encoder-single-nq-base,1933,,none,Other,0
ibm-research/MoLFormer-XL-both-10pct,1934,feature-extraction,pipeline_tag,feature-extraction,1
cross-encoder/nli-deberta-v3-small,1935,text-classification,pipeline_tag,text-classification,5
mixedbread-ai/deepset-mxbai-embed-de-large-v1,1936,feature-extraction,pipeline_tag,feature-extraction,1
internlm/internlm2-1_8b-reward,1937,text-classification,pipeline_tag,text-classification,5
valhalla/distilbart-mnli-12-1,1938,text-classification,pipeline_tag,text-classification,5
microsoft/harrier-oss-v1-0.6b,1939,feature-extraction,pipeline_tag,feature-extraction,1
ku-nlp/deberta-v2-large-japanese-char-wwm,1940,fill-mask,pipeline_tag,fill-mask,2
Helsinki-NLP/opus-mt-en-fr,1941,translation,pipeline_tag,translation,8
microsoft/deberta-large-mnli,1942,text-classification,pipeline_tag,text-classification,5
McGill-NLP/LLM2Vec-Meta-Llama-3-8B-Instruct-mntp,1943,sentence-similarity,pipeline_tag,sentence-similarity,4
google-t5/t5-3b,1944,translation,pipeline_tag,translation,8
google/pegasus-xsum,1945,summarization,pipeline_tag,Other,0
heydariAI/persian-embeddings,1946,feature-extraction,pipeline_tag,feature-extraction,1
jinaai/jina-embeddings-v4-vllm-retrieval,1947,visual-document-retrieval,pipeline_tag,Other,0
redis/langcache-embed-v1,1948,sentence-similarity,pipeline_tag,sentence-similarity,4
unsloth/Qwen3-Embedding-4B,1949,feature-extraction,pipeline_tag,feature-extraction,1
cross-encoder/nli-deberta-v3-large,1950,text-classification,pipeline_tag,text-classification,5
protectai/deberta-v3-base-prompt-injection-v2,1951,text-classification,pipeline_tag,text-classification,5
sentence-transformers/nli-mpnet-base-v2,1952,sentence-similarity,pipeline_tag,sentence-similarity,4
FrameByFrame/privacy-filter-korean,1953,token-classification,pipeline_tag,token-classification,7
upskyy/bge-m3-korean,1954,sentence-similarity,pipeline_tag,sentence-similarity,4
ibm-granite/granite-embedding-97m-multilingual-r2,1955,feature-extraction,pipeline_tag,feature-extraction,1
MilaNLProc/xlm-emo-t,1956,text-classification,pipeline_tag,text-classification,5
microsoft/deberta-base,1957,fill-mask,pipeline_tag,fill-mask,2
Helsinki-NLP/opus-mt-en-ru,1958,translation,pipeline_tag,translation,8
gilf/french-camembert-postag-model,1959,token-classification,pipeline_tag,token-classification,7
OpenMed/OpenMed-NER-ChemicalDetect-ModernMed-149M,1960,token-classification,pipeline_tag,token-classification,7
minishlab/potion-base-4M,1961,,none,Other,0
cl-nagoya/ruri-v3-30m,1962,sentence-similarity,pipeline_tag,sentence-similarity,4
jinaai/jina-embeddings-v5-omni-small,1963,feature-extraction,pipeline_tag,feature-extraction,1
dangvantuan/vietnamese-document-embedding,1964,sentence-similarity,pipeline_tag,sentence-similarity,4
cross-encoder/nli-deberta-v3-xsmall,1965,text-classification,pipeline_tag,text-classification,5
microsoft/deberta-v2-xlarge,1966,fill-mask,pipeline_tag,fill-mask,2
facebook/nllb-200-distilled-1.3B,1967,translation,pipeline_tag,translation,8
MoritzLaurer/mDeBERTa-v3-base-mnli-xnli,1968,text-classification,pipeline_tag,text-classification,5
OpenMed/OpenMed-NER-ChemicalDetect-ModernMed-395M,1969,token-classification,pipeline_tag,token-classification,7
joeddav/xlm-roberta-large-xnli,1970,text-classification,pipeline_tag,text-classification,5
OpenMed/OpenMed-NER-PharmaDetect-SuperClinical-434M,1971,token-classification,pipeline_tag,token-classification,7
OpenMed/OpenMed-NER-OncologyDetect-BigMed-278M,1972,token-classification,pipeline_tag,token-classification,7
google/madlad400-3b-mt,1973,translation,pipeline_tag,translation,8
Helsinki-NLP/opus-mt-ko-en,1974,translation,pipeline_tag,translation,8
perplexity-ai/pplx-embed-v1-0.6b,1975,feature-extraction,pipeline_tag,feature-extraction,1
unslothai/aws,1976,feature-extraction,pipeline_tag,feature-extraction,1
sentence-transformers/sentence-t5-base,1977,sentence-similarity,pipeline_tag,sentence-similarity,4
sentence-transformers/gtr-t5-base,1978,sentence-similarity,pipeline_tag,sentence-similarity,4
Davlan/xlm-roberta-base-ner-hrl,1979,token-classification,pipeline_tag,token-classification,7
OpenMed/OpenMed-NER-OncologyDetect-MultiMed-568M,1980,token-classification,pipeline_tag,token-classification,7
Arunavaonly/Bangla-twoclass-Sentiment-Analyzer,1981,text-classification,pipeline_tag,text-classification,5
microsoft/deberta-xlarge-mnli,1982,text-classification,pipeline_tag,text-classification,5
circulus/koelectra-polite-v1,1983,text-classification,pipeline_tag,text-classification,5
voyageai/voyage-4-nano,1984,feature-extraction,pipeline_tag,feature-extraction,1
LenDigLearn/formality-classifier-mdeberta-v3-base,1985,text-classification,pipeline_tag,text-classification,5
OpenMed/OpenMed-NER-ChemicalDetect-MultiMed-568M,1986,token-classification,pipeline_tag,token-classification,7
OpenMed/OpenMed-NER-PharmaDetect-ModernClinical-149M,1987,token-classification,pipeline_tag,token-classification,7
cardiffnlp/twitter-xlm-roberta-base,1988,fill-mask,pipeline_tag,fill-mask,2
monologg/koelectra-small-v2-distilled-korquad-384,1989,question-answering,pipeline_tag,question-answering,3
BAAI/bge-reranker-v2.5-gemma2-lightweight,1990,text-classification,pipeline_tag,text-classification,5
microsoft/llmlingua-2-xlm-roberta-large-meetingbank,1991,token-classification,pipeline_tag,token-classification,7
Helsinki-NLP/opus-mt-ru-en,1992,translation,pipeline_tag,translation,8
microsoft/harrier-oss-v1-270m,1993,feature-extraction,pipeline_tag,feature-extraction,1
human-centered-summarization/financial-summarization-pegasus,1994,summarization,pipeline_tag,Other,0
microsoft/mpnet-base,1995,fill-mask,pipeline_tag,fill-mask,2
Helsinki-NLP/opus-mt-tc-big-en-tr,1996,translation,pipeline_tag,translation,8
Helsinki-NLP/opus-mt-tc-big-tr-en,1997,translation,pipeline_tag,translation,8
sentence-transformers/paraphrase-xlm-r-multilingual-v1,1998,sentence-similarity,pipeline_tag,sentence-similarity,4
Helsinki-NLP/opus-mt-zh-en,1999,translation,pipeline_tag,translation,8
